{"type": "FeatureCollection", "features": [{"type": "Feature", "properties": {"layer": "water", "label": "water", "method": "official current vector data"}, "geometry": {"type": "Polygon", "coordinates": [[[-73.8811680642651, 40.83496858124592], [-73.8811623902031, 40.8349976154632], [-73.8811623040521, 40.83499805571639], [-73.88116116852419, 40.8350038645402], [-73.88115709306058, 40.83502471580503], [-73.8811567149489, 40.83502665057911], [-73.881156668216, 40.835026926983], [-73.88115196630989, 40.83505266638939], [-73.88114876581969, 40.8350702038334], [-73.8811476299885, 40.835076181049104], [-73.88114757384459, 40.8350764160205], [-73.8811430981833, 40.83509496790853], [-73.88114305511819, 40.835095182182016], [-73.8811376831422, 40.835121688118704], [-73.8811328865255, 40.83514535088499], [-73.88113276731839, 40.8351457118606], [-73.881130625196, 40.83515218241081], [-73.8811270800118, 40.83516820666701], [-73.8811260903303, 40.835172676604486], [-73.8811260186943, 40.835172955684214], [-73.8811125009772, 40.835225618905895], [-73.8810921398035, 40.83529222103569], [-73.88105257829748, 40.83540407214289], [-73.880999413054, 40.835577406698924], [-73.8809654868863, 40.83568243063001], [-73.8809421628452, 40.83574620661919], [-73.8809417553663, 40.8357473201108], [-73.88093961720028, 40.83575222109832], [-73.8809318407438, 40.835770049172794], [-73.8809208867908, 40.8357951616713], [-73.88091809859968, 40.835801552306286], [-73.8809067481947, 40.8358275729933], [-73.8808774038138, 40.83588647827809], [-73.8808627225987, 40.835920628789914], [-73.8808288324141, 40.8360060075165], [-73.8807949577912, 40.83608199048501], [-73.88076223122289, 40.836145162388995], [-73.8806561907454, 40.83632783875459], [-73.8805885093389, 40.836442222492096], [-73.8805242177294, 40.836547214837296], [-73.8804768271658, 40.836635142274815], [-73.8804271983999, 40.8367162335168], [-73.8803967464492, 40.836764887191386], [-73.8803809472902, 40.8367947663318], [-73.88036174234209, 40.8368434316605], [-73.8803402931444, 40.8368886790807], [-73.88031658244688, 40.836940756203404], [-73.8802940095407, 40.836985147878785], [-73.8802454854876, 40.8370773450854], [-73.8802229290519, 40.83711319467049], [-73.88018234406078, 40.83716781794729], [-73.88016430593848, 40.83719256911471], [-73.8801641086833, 40.837192811142806], [-73.8801552891813, 40.837203662845496], [-73.8801549813502, 40.83720407675322], [-73.8801233424011, 40.8372466588841], [-73.880094412098, 40.8372855968184], [-73.88009438476129, 40.83728563371031], [-73.8800909653231, 40.8372902361857], [-73.8800900156781, 40.8372915139009], [-73.8800856347099, 40.83729740938718], [-73.8800846791201, 40.83729869610109], [-73.8800844556727, 40.837298997534496], [-73.8800842655065, 40.837299253077305], [-73.8800830068257, 40.83730095460412], [-73.8800684826644, 40.83732059009711], [-73.880049828793, 40.837345511699816], [-73.8800205506874, 40.83738462575031], [-73.8800109878129, 40.837397401926], [-73.8799987074056, 40.837413460277894], [-73.8799985873698, 40.8374136177396], [-73.8799919096026, 40.8374228858866], [-73.87999182283168, 40.8374230064626], [-73.8799489848259, 40.83748018921791], [-73.87993545761918, 40.83749725752072], [-73.8799196839319, 40.837513469814205], [-73.87990278658638, 40.83752882636602], [-73.87988476522389, 40.8375441826453], [-73.87987801145219, 40.83754759208839], [-73.8798712561385, 40.83755185519829], [-73.8798389086542, 40.837567056971906], [-73.8798386143579, 40.837567196242006], [-73.8798307338458, 40.837571458177315], [-73.8798251009912, 40.83757657702339], [-73.879786795104, 40.83761497381799], [-73.8797158214223, 40.83768237658709], [-73.87966400353619, 40.837729299539305], [-73.8796088108085, 40.8377770744151], [-73.87954123283518, 40.83783252205149], [-73.8794770279737, 40.837887974073006], [-73.879412821458, 40.8379442797255], [-73.8793373470625, 40.838012532122505], [-73.87932931613989, 40.83801861466601], [-73.8792945530547, 40.83804494477219], [-73.87928349145399, 40.83805499712282], [-73.8792832883676, 40.838055182412084], [-73.8792821616167, 40.838056034901705], [-73.8792721599192, 40.838066134285704], [-73.87927202094069, 40.838066274617404], [-73.87925544913709, 40.83808241034191], [-73.8792441059029, 40.83809345563931], [-73.8792325892511, 40.8381046691465], [-73.8792212960201, 40.8381155974298], [-73.8792140257321, 40.8381226334849], [-73.87921231060479, 40.83812429310121], [-73.8792066990323, 40.83812939302858], [-73.8792066764685, 40.83812941281591], [-73.87916837729999, 40.83816439113202], [-73.879145842002, 40.83818742918701], [-73.8791396986375, 40.838194816710505], [-73.8791266811166, 40.838210470773895], [-73.8791052566569, 40.83824205207611], [-73.8790984907245, 40.8382514398437], [-73.879062422388, 40.8382958171228], [-73.8790240989297, 40.838342754832404], [-73.87899029215198, 40.83838030150789], [-73.8789756358322, 40.83839993131868], [-73.8789519452843, 40.83844005050369], [-73.87894066804408, 40.83845712104879], [-73.87893165401849, 40.83846650734722], [-73.8789068646386, 40.83849210579591], [-73.8789012254162, 40.83850064106571], [-73.8788967129559, 40.8385083238494], [-73.8788876709296, 40.838533084257506], [-73.8788729690798, 40.838578337577694], [-73.8788695821922, 40.838585166973], [-73.87885942893008, 40.8386022395906], [-73.8788582940187, 40.838608216781516], [-73.8788571610303, 40.83861248663689], [-73.87885714858818, 40.83861931957589], [-73.8788582598016, 40.838627008264396], [-73.878868338789, 40.83865008051328], [-73.8788705724765, 40.838658624049195], [-73.8788739158264, 40.8386757099404], [-73.87887501149238, 40.8386919398023], [-73.8788750110858, 40.83869216312459], [-73.8788750083823, 40.8386936480371], [-73.8788749897203, 40.83870389834608], [-73.8788749895399, 40.83870399740031], [-73.87887498435408, 40.838706845757706], [-73.87899585198926, 40.838706845757706], [-73.87899870651879, 40.838700610822805], [-73.87900312925169, 40.83869141330951], [-73.87900322208539, 40.838691220701], [-73.879009991551, 40.83867927013608], [-73.87901111868608, 40.83867756218], [-73.87901121025878, 40.83867741099299], [-73.8790325522789, 40.838641711662596], [-73.8790573711683, 40.838599884507005], [-73.8790596297209, 40.838594762161094], [-73.8790618898267, 40.838588785247495], [-73.8790686872171, 40.838561460565906], [-73.87906982211048, 40.8385554824724], [-73.87907208066069, 40.838550360126185], [-73.87908336527809, 40.83852987310031], [-73.8790901254009, 40.83852304633421], [-73.8790957587579, 40.838517073856515], [-73.8791239151238, 40.838494895371994], [-73.8791633312276, 40.83846589662561], [-73.8791881069054, 40.838447131059816], [-73.87920500154739, 40.838433482849794], [-73.8792230310598, 40.838413856542296], [-73.87926361139688, 40.8383626509847], [-73.8793086870266, 40.8383131583545], [-73.879339048773, 40.838279114507316], [-73.8793672873675, 40.83824745113989], [-73.87937838139209, 40.83823652893769], [-73.8793785536235, 40.8382363589243], [-73.87938521538338, 40.83823012636431], [-73.8793971314842, 40.838218978995805], [-73.87939770513928, 40.83821844200039], [-73.8794078415355, 40.83820991140799], [-73.87941802731848, 40.83820095223101], [-73.8794296631188, 40.838190718568114], [-73.879442760813, 40.8381791987248], [-73.8794488907345, 40.838173975959904], [-73.87946078363369, 40.8381638434179], [-73.87946089881848, 40.83816374718541], [-73.8794720467653, 40.838154459428004], [-73.879484473408, 40.83814290916241], [-73.8795959650103, 40.83803928052511], [-73.8796849591775, 40.837957376157505], [-73.8797334012703, 40.83791130334651], [-73.8797762193149, 40.837866079222316], [-73.8798381885804, 40.83780293718289], [-73.8798381901222, 40.837802083515605], [-73.87983848467339, 40.83780180376862], [-73.87984720238819, 40.837793550812485], [-73.8798595894127, 40.83778416885559], [-73.8799125092756, 40.83775005830012], [-73.8799327814356, 40.8377338506911], [-73.879991355999, 40.83768180903352], [-73.8800296645316, 40.837642558505294], [-73.8800781200118, 40.837588798939414], [-73.8801130525067, 40.83755039854181], [-73.8801734905545, 40.8374885244253], [-73.880173894427, 40.837488109716894], [-73.8801784005158, 40.837483844252596], [-73.88018290932878, 40.83747872422149], [-73.8801829485351, 40.83747868013801], [-73.88020093983269, 40.8374582431901], [-73.88021559558348, 40.83743861322041], [-73.8802275019961, 40.8374188606281], [-73.8802449227844, 40.837389958431004], [-73.8802605945841, 40.837367712672894], [-73.8802623170057, 40.8373652687175], [-73.8802627960514, 40.8373645884409], [-73.88026296246828, 40.837364352683984], [-73.880263859934, 40.83736307941571], [-73.88026743553439, 40.837358005238315], [-73.8802690878233, 40.8373556602644], [-73.8802715852757, 40.83735211580849], [-73.88027198349069, 40.83735154981072], [-73.8802821319381, 40.8373361861996], [-73.8803031820591, 40.837311856870215], [-73.88030354443819, 40.83731143851621], [-73.88033847819278, 40.83727218438111], [-73.8803402055656, 40.83727028072649], [-73.88034037188639, 40.83727009809861], [-73.88034316490379, 40.83726702220499], [-73.8803508739177, 40.837258531333596], [-73.8803511637832, 40.8372582173617], [-73.8803587620416, 40.8372499974238], [-73.8803903244233, 40.83720903243762], [-73.8804241570991, 40.83715696489572], [-73.88046025460429, 40.83709550392929], [-73.8805099066236, 40.837001600463616], [-73.88052684050759, 40.8369657440975], [-73.88056411206259, 40.836876952497114], [-73.8805866820323, 40.836833415334695], [-73.8806092393644, 40.83679756477759], [-73.8806588526481, 40.836725014635185], [-73.88068027706579, 40.836693433937995], [-73.8807400537367, 40.836596978033015], [-73.88077276830339, 40.83654063908179], [-73.8808415930261, 40.83641600608738], [-73.8809160520252, 40.83628454591231], [-73.8809589614429, 40.83618721880241], [-73.8809883028285, 40.83613002173542], [-73.88102103986749, 40.83606087049242], [-73.88105264674878, 40.8359951345512], [-73.8810831177145, 40.83593537671539], [-73.8811124677, 40.8358739085763], [-73.8811232195438, 40.835849071403096], [-73.88112615900998, 40.835842279298504], [-73.8811327939314, 40.83582695250991], [-73.88113636387989, 40.83581699491481], [-73.8811434537262, 40.8357972201497], [-73.8811452041468, 40.83579233586831], [-73.881162179252, 40.83574498552802], [-73.88118365040269, 40.8356869257283], [-73.88123337963499, 40.835548606899714], [-73.88124694913859, 40.83550676856961], [-73.881265024171, 40.83546151749769], [-73.8812763338378, 40.8354256561234], [-73.881297844406, 40.83534538923429], [-73.8813159791207, 40.83526597253549], [-73.8813204904231, 40.835241377456285], [-73.88132052155119, 40.835241208195306], [-73.8813212351171, 40.83523665602701], [-73.8813250715983, 40.835212171914506], [-73.8813251026702, 40.83521203417079], [-73.881329244478, 40.835187864644915], [-73.88132961707032, 40.835185698437414], [-73.8813341283638, 40.835161102456894], [-73.8813341594919, 40.835160933195816], [-73.88133861510259, 40.835141630267316], [-73.8813386927702, 40.83514129266149], [-73.8813433974996, 40.8351192515837], [-73.8813488997026, 40.8350934715704], [-73.88134894401209, 40.83509322397982], [-73.8813523074837, 40.835074683546715], [-73.88135371335389, 40.83506885428782], [-73.88135457335639, 40.8350652901129], [-73.88135462833958, 40.8350650407323], [-73.88136035718279, 40.83503915109101], [-73.88137271249319, 40.83498331239842], [-73.8813773202834, 40.83496708571511], [-73.8813795024766, 40.8349594031352], [-73.88138095859408, 40.83495549115869], [-73.88117000291385, 40.83495549115869], [-73.8811680642651, 40.83496858124592]]]}}, {"type": "Feature", "properties": {"layer": "land", "label": "parks", "method": "official current vector data"}, "geometry": {"type": "Polygon", "coordinates": [[[-73.8813795024766, 40.8349594031352], [-73.8813773202834, 40.83496708571511], [-73.88137271249319, 40.83498331239842], [-73.88136035718279, 40.83503915109101], [-73.88145842550038, 40.835072543226715], [-73.88148558107538, 40.83508178950099], [-73.88151830451298, 40.835092931627706], [-73.8816620000738, 40.8351418589661], [-73.8817108396822, 40.83515769384301], [-73.8818484739595, 40.83520232027108], [-73.8819378585699, 40.83507307281001], [-73.88200670149429, 40.83497352690232], [-73.8820189768516, 40.8349557771961], [-73.88201918952284, 40.83495549115869], [-73.88138095859408, 40.83495549115869], [-73.8813795024766, 40.8349594031352]]]}}, {"type": "Feature", "properties": {"layer": "land", "label": "parks", "method": "official current vector data"}, "geometry": {"type": "Polygon", "coordinates": [[[-73.881100062237, 40.83497637338428], [-73.881139247442, 40.8349900238553], [-73.88114307934839, 40.8349913587359], [-73.8811500405272, 40.8349937837385], [-73.8811553014017, 40.8349956162639], [-73.88115737020489, 40.8349963369907], [-73.8811620777409, 40.8349979762397], [-73.8811623040521, 40.83499805571639], [-73.8811623902031, 40.8349976154632], [-73.8811680642651, 40.83496858124592], [-73.88117000291385, 40.83495549115869], [-73.88103851218732, 40.83495549115869], [-73.881100062237, 40.83497637338428]]]}}, {"type": "Feature", "properties": {"layer": "land", "label": "parks", "method": "official current vector data"}, "geometry": {"type": "Polygon", "coordinates": [[[-73.88232811632308, 40.83717053315021], [-73.88227860505069, 40.837157459673314], [-73.8822751172113, 40.83715658353411], [-73.8822745986534, 40.83715883424149], [-73.88227096513899, 40.83717461800501], [-73.88234101271924, 40.837192364339785], [-73.88234101271924, 40.837173938375045], [-73.88232811632308, 40.83717053315021]]]}}, {"type": "Feature", "properties": {"layer": "land", "label": "parks", "method": "official current vector data"}, "geometry": {"type": "Polygon", "coordinates": [[[-73.8822472033567, 40.83498941429331], [-73.8821863677589, 40.83507998068318], [-73.88215263089218, 40.83513020464201], [-73.882132989488, 40.835159209325], [-73.8820365510494, 40.83530162126041], [-73.8820343804465, 40.8353048094939], [-73.88202072917409, 40.8353248639609], [-73.8820054184599, 40.8353473435623], [-73.88199212739949, 40.8353668427889], [-73.88198027825939, 40.83538422012239], [-73.8819791727541, 40.835385839882], [-73.8819646930668, 40.835407021814596], [-73.8819505604482, 40.83542771062921], [-73.88193711139749, 40.83544736187119], [-73.8819353913369, 40.835449874292294], [-73.8819078133631, 40.8354901161915], [-73.88186445612588, 40.83554287681189], [-73.8818375454499, 40.83558786498539], [-73.8818106228972, 40.835632844135205], [-73.88178370029209, 40.83567783228331], [-73.881738801022, 40.8357508794241], [-73.8816966506531, 40.83582486588101], [-73.8816666737668, 40.83588181484231], [-73.88165724932088, 40.835899719617416], [-73.8816376757454, 40.83593699983], [-73.881627643283, 40.835956107940106], [-73.8815593633757, 40.83608615664621], [-73.8814713261514, 40.836261864407184], [-73.88146537559828, 40.8362737412213], [-73.88139870196879, 40.8364095663498], [-73.88133099705429, 40.8365451112224], [-73.8812166848486, 40.836753232963304], [-73.881136541885, 40.836888683859904], [-73.8810556757816, 40.8370238908187], [-73.88104124445658, 40.83704683764961], [-73.8809524316087, 40.83718805254139], [-73.8808708034645, 40.83731272549199], [-73.880870780879, 40.8373127578865], [-73.88086974058228, 40.8373143461851], [-73.8808674947259, 40.83731777745151], [-73.880860766673, 40.837328053250395], [-73.88085917115268, 40.8373304901418], [-73.88085847563968, 40.83733155200711], [-73.880845774487, 40.837350949949204], [-73.880812609529, 40.83739840777021], [-73.8807995574772, 40.8374170975557], [-73.88079399312258, 40.8374250620829], [-73.88078873783378, 40.8374325829856], [-73.88078110868709, 40.83744350170201], [-73.8807794492468, 40.8374458763921], [-73.8807792257698, 40.837446195836705], [-73.8807611632944, 40.83747204747531], [-73.88075458496, 40.83748146254969], [-73.8807462913114, 40.8374933323996], [-73.8807214495747, 40.837528886155305], [-73.88071939071932, 40.83753183404651], [-73.8807175779287, 40.83753442919832], [-73.8807138204027, 40.8375398066681], [-73.8807131273809, 40.8375407991969], [-73.8807124961717, 40.83754170354119], [-73.88070994043649, 40.8375453605081], [-73.88067997053489, 40.837588256086285], [-73.8806699781828, 40.8376025573096], [-73.8806468076954, 40.83763572286511], [-73.88063375556509, 40.837654404526596], [-73.8806262547489, 40.837665139664324], [-73.8806136424518, 40.837683181527005], [-73.88058048901921, 40.83773063929079], [-73.8805760182371, 40.83773703807891], [-73.8805473236665, 40.8377781060374], [-73.88052081529, 40.837815953383114], [-73.8804942950266, 40.8378538007101], [-73.8804677865898, 40.83789164804309], [-73.8804412781066, 40.83792950437461], [-73.8804238265422, 40.83795306933571], [-73.8804055619893, 40.837977733855304], [-73.8803683648977, 40.838025313432524], [-73.88032971057548, 40.83807222511942], [-73.8803071594182, 40.83809838810092], [-73.8802836487397, 40.83812405481001], [-73.88025917857179, 40.83814920723621], [-73.8802337845166, 40.83817382740602], [-73.88023027625509, 40.83817703582709], [-73.8802074784791, 40.83819788831633], [-73.8801595352454, 40.838240909166], [-73.8801458055979, 40.8382524842644], [-73.8801365966843, 40.838260248664], [-73.8801347155155, 40.83826523544869], [-73.8801350296779, 40.83826723307201], [-73.8801366740671, 40.83826928790829], [-73.88013686479529, 40.838269379957005], [-73.8801385114511, 40.838270176804805], [-73.8801412341775, 40.838271264730196], [-73.8801440443005, 40.838271227128104], [-73.8801465123491, 40.83827020583042], [-73.8801549450022, 40.83826619208359], [-73.8801789723285, 40.8382453597926], [-73.8802286159461, 40.83819963021221], [-73.8802764236955, 40.83815279109611], [-73.88032234808648, 40.83810487841738], [-73.8803426844972, 40.83808393600371], [-73.88036213249968, 40.838062515402704], [-73.880380692046, 40.83804064362981], [-73.88039832753408, 40.83801833865819], [-73.8804150270755, 40.837995618486], [-73.8804880460623, 40.837891692449894], [-73.88050421607498, 40.83786867815441], [-73.8805900529196, 40.837745663138904], [-73.88059293082338, 40.8377415391516], [-73.8806438012383, 40.837672514864], [-73.8806516221334, 40.837661807071186], [-73.8806885774912, 40.83761061616669], [-73.8807296549205, 40.83755371137179], [-73.880732366243, 40.83754990598371], [-73.88073387107849, 40.837547794979386], [-73.8807375273782, 40.8375426650403], [-73.88073954690118, 40.837539831470906], [-73.8807414225974, 40.83753719946359], [-73.88077458704609, 40.8374900928564], [-73.88080151558859, 40.837451846065306], [-73.8808097246611, 40.837440187740214], [-73.8808146281362, 40.83743314463581], [-73.88082014974388, 40.837425214282085], [-73.88084334917559, 40.83739102485829], [-73.8808783783128, 40.83733940056408], [-73.88087915340968, 40.83733825773639], [-73.8808877163138, 40.8373256398437], [-73.8808899667088, 40.83732232204391], [-73.8809718758626, 40.83720160704401], [-73.8810522634682, 40.83708025916779], [-73.88106612919418, 40.8370593270596], [-73.8811554293669, 40.83691521388731], [-73.8812351954817, 40.83678496744971], [-73.8813095935516, 40.83665289643099], [-73.88137468594648, 40.8365330355051], [-73.8813867167706, 40.83650905419509], [-73.88143546466479, 40.83641188239852], [-73.88150911300109, 40.8362675997634], [-73.8815833179787, 40.8361234797386], [-73.8816036356902, 40.8360805010684], [-73.88162723333579, 40.83603058474641], [-73.88166089372488, 40.835965844892726], [-73.8816708420425, 40.83594671238001], [-73.8816749643725, 40.8359387832496], [-73.8817264753461, 40.8358481652562], [-73.8817683875289, 40.83577409750009], [-73.8818070907124, 40.835705699557195], [-73.8818901822228, 40.8355640647898], [-73.88192209937588, 40.8355172897446], [-73.88192602216958, 40.835511530593095], [-73.8819540165001, 40.8354705056852], [-73.88196206412728, 40.8354587084333], [-73.88196369029268, 40.835456325586996], [-73.88197699679569, 40.83543682457872], [-73.8819859335634, 40.8354237306216], [-73.88199111636608, 40.835416135747394], [-73.88200550220708, 40.835395052770096], [-73.8820066647687, 40.83539335022299], [-73.8820178517674, 40.83537695555001], [-73.8820185043691, 40.83537600079248], [-73.88203188692569, 40.835356383691696], [-73.8820471654743, 40.8353339868993], [-73.88204976518581, 40.8353301795639], [-73.8820502430497, 40.835329478567104], [-73.8820608392387, 40.835313948661216], [-73.8820630454875, 40.83531071633939], [-73.8820816844841, 40.83528340537559], [-73.8821136013839, 40.83523662127031], [-73.8821455182227, 40.83518984616061], [-73.8821593417274, 40.8351695757357], [-73.8821774588408, 40.835143008031494], [-73.88221996433698, 40.83508151612181], [-73.8823174685369, 40.83495549115869], [-73.8822715381974, 40.83495549115869], [-73.8822472033567, 40.83498941429331]]]}}, {"type": "Feature", "properties": {"layer": "road", "label": "sidewalk", "method": "official current vector data"}, "geometry": {"type": "Polygon", "coordinates": [[[-73.87735180951329, 40.838680416629614], [-73.8773504874888, 40.838679765967306], [-73.8772933656906, 40.83865161878899], [-73.8772844136088, 40.838647209448915], [-73.87723790236589, 40.83862430180241], [-73.8772014389855, 40.8386063431469], [-73.8771824390868, 40.83859698478909], [-73.87716441531319, 40.8385881047297], [-73.8771269758699, 40.838569658743886], [-73.877082544901, 40.83854777531179], [-73.8770715126818, 40.838542341677005], [-73.8770480184316, 40.8385307704943], [-73.8770160495393, 40.8385150245832], [-73.87701502959659, 40.8385145219203], [-73.8769605864591, 40.8384876984577], [-73.87690511155088, 40.83846038129769], [-73.8768944382946, 40.83845512452592], [-73.8768675123182, 40.838441863017096], [-73.87684964854509, 40.838433064123485], [-73.876843887836, 40.8384302259173], [-73.8767941856015, 40.8384057379176], [-73.87675317374898, 40.838386099340894], [-73.87674124452488, 40.83838039546789], [-73.8767163791855, 40.83836848596699], [-73.87671215006408, 40.838366460736786], [-73.8767109299018, 40.838365874111105], [-73.8767096859425, 40.838365332484706], [-73.87670840636288, 40.83836481783501], [-73.8767071148764, 40.8383643301875], [-73.8767057996097, 40.83836387853431], [-73.8767044724195, 40.838363462888104], [-73.8767031214491, 40.8383630832362], [-73.8767017466983, 40.8383627395787], [-73.8767003718808, 40.838362431940894], [-73.87669897328308, 40.8383621602974], [-73.87669791242789, 40.838361983566905], [-73.87669756276179, 40.838361924660994], [-73.87669615217368, 40.838361725044194], [-73.87669471780539, 40.838361561421806], [-73.8766932952272, 40.83836143383169], [-73.8766918488686, 40.83836134223609], [-73.8766904142833, 40.83836129567761], [-73.8766889677912, 40.83836127612129], [-73.8766875318868, 40.838361301601], [-73.8766860864302, 40.8383613630903], [-73.8766846515778, 40.83836146061069], [-73.8766832285155, 40.8383615941634], [-73.8766818053865, 40.83836176373579], [-73.87668038219059, 40.83836196932789], [-73.8766789826415, 40.838362210965116], [-73.8766775830089, 40.8383624976269], [-73.8766762070398, 40.83836281132881], [-73.87667484286058, 40.83836316106311], [-73.87667349047139, 40.838363546829704], [-73.876672161729, 40.83836396864141], [-73.87667085663328, 40.83836442649818], [-73.8766695633277, 40.838364920387306], [-73.8766682936854, 40.83836544131649], [-73.87666757337529, 40.83836576652541], [-73.8766670595466, 40.8383659983035], [-73.87666583721449, 40.83836658231789], [-73.87666465038599, 40.8383672023901], [-73.87666348722078, 40.8383678495024], [-73.87666235955909, 40.83836853267239], [-73.8766612555776, 40.8383692338776], [-73.87666018709959, 40.83836997114061], [-73.8766591541417, 40.8383707354564], [-73.8766581567042, 40.83837152682499], [-73.87665719480339, 40.838372336241505], [-73.87665626840618, 40.83837318171571], [-73.8766549816774, 40.83837524427321], [-73.8766265975154, 40.8384207411192], [-73.87659762346269, 40.838467183746594], [-73.8765969265823, 40.83846830051471], [-73.87655528549278, 40.83853538422112], [-73.8765406376555, 40.83855898221122], [-73.8765386636027, 40.83856211832169], [-73.8765228462027, 40.83858724589821], [-73.8765079016547, 40.83861098764551], [-73.8764782305519, 40.83865854700888], [-73.8764562192048, 40.83869382822211], [-73.87645392368461, 40.838697507787124], [-73.87645392368461, 40.838706845757706], [-73.87647636829631, 40.838706845757706], [-73.8765162562882, 40.83864340088521], [-73.8765459433267, 40.83859618101539], [-73.87656304034832, 40.83856898726971], [-73.8765785117337, 40.838544378002204], [-73.87659569553878, 40.838517046568704], [-73.8766131808376, 40.83852021610521], [-73.8766146138448, 40.83852047608011], [-73.8766218704568, 40.83851011734951], [-73.8766251302228, 40.8385054652797], [-73.8766323880205, 40.8384951047487], [-73.8766819572323, 40.838417372137904], [-73.87668561416939, 40.8384191293106], [-73.876690695208, 40.838411876756695], [-73.87680994588409, 40.8384702886925], [-73.8770188468195, 40.8385726132898], [-73.8771857728083, 40.838654375952984], [-73.8772634541924, 40.8386915986357], [-73.87729527367826, 40.838706845757706], [-73.87740545466794, 40.838706845757706], [-73.87735180951329, 40.838680416629614]]]}}, {"type": "Feature", "properties": {"layer": "road", "label": "sidewalk", "method": "official current vector data"}, "geometry": {"type": "Polygon", "coordinates": [[[-73.88099136678059, 40.834969922694114], [-73.8810092159285, 40.834976077983804], [-73.88112898445958, 40.8350173802218], [-73.88113431527708, 40.8350192182233], [-73.8811413997304, 40.83502166136331], [-73.8811478763359, 40.835023894961694], [-73.88115213601428, 40.835025363556], [-73.881156668216, 40.835026926983], [-73.8812437457948, 40.83505695363202], [-73.88134847834999, 40.8350930632127], [-73.88134894401209, 40.83509322397982], [-73.88136621618479, 40.8350991796111], [-73.8813751751559, 40.83510226851871], [-73.88138468865698, 40.835105548900906], [-73.88139618211439, 40.835109512092586], [-73.8814127291398, 40.835115218434595], [-73.8814309954483, 40.83512151726641], [-73.88144323065468, 40.83512573605599], [-73.8814732357079, 40.83513608296549], [-73.881506109399, 40.83514741885641], [-73.8815741010067, 40.835170863738114], [-73.88189373164, 40.83528107798821], [-73.88192991846009, 40.83529355177422], [-73.8819331176885, 40.83529465455349], [-73.88195635356739, 40.8353026648269], [-73.88202072917409, 40.8353248639609], [-73.8820271039358, 40.8353270631867], [-73.882033687238, 40.835329335565625], [-73.8820471654743, 40.8353339868993], [-73.8820851640699, 40.83534708293029], [-73.8820855313896, 40.8353472093751], [-73.8821125957224, 40.835356539154006], [-73.8821501867269, 40.83536950057309], [-73.8821652432763, 40.83537469200161], [-73.882166473204, 40.8353751164908], [-73.88216731329909, 40.835375406408005], [-73.8821824681877, 40.83538063755649], [-73.882190098951, 40.835383272995394], [-73.88225961719698, 40.83540724311889], [-73.8823277503423, 40.835430734525005], [-73.88234101271924, 40.8354353065044], [-73.88234101271924, 40.83541250083948], [-73.8823392581981, 40.83541187009081], [-73.8822713164219, 40.835387444173094], [-73.88221467836628, 40.83536708288712], [-73.88219481942859, 40.8353602233458], [-73.88217997854719, 40.83535509787751], [-73.8821776359991, 40.83535428864099], [-73.8821608992798, 40.8353485083748], [-73.8821262599101, 40.83533654412211], [-73.8820608392387, 40.835313948661216], [-73.882046933264, 40.83530914560839], [-73.8820403499664, 40.8353068714293], [-73.8820343804465, 40.8353048094939], [-73.88197036868229, 40.835282699888715], [-73.881946460999, 40.8352744421949], [-73.8819071081844, 40.83526085035981], [-73.8817062102596, 40.835191460357706], [-73.88158795306619, 40.8351499666663], [-73.8815112438562, 40.83512305043381], [-73.88147856011109, 40.8351115823667], [-73.88145055191279, 40.8351017552957], [-73.88143437830118, 40.83509608086031], [-73.881415736147, 40.83508978794601], [-73.88140002190148, 40.8350844840816], [-73.8813905272377, 40.835081279361624], [-73.881381593035, 40.8350782643212], [-73.88137275007118, 40.83507527999079], [-73.88135371335389, 40.83506885428782], [-73.8812480268166, 40.83503318137009], [-73.88116116852419, 40.8350038645402], [-73.8811563092305, 40.83500222423421], [-73.8811542771185, 40.8350015386646], [-73.88114894149338, 40.83499973757941], [-73.8811412597584, 40.83499714434209], [-73.88113715288021, 40.83499575784991], [-73.8811064840036, 40.834985406566304], [-73.88102041515316, 40.83495549115869], [-73.88094945633829, 40.83495549115869], [-73.88099136678059, 40.834969922694114]]]}}, {"type": "Feature", "properties": {"layer": "road", "label": "sidewalk", "method": "official current vector data"}, "geometry": {"type": "Polygon", "coordinates": [[[-73.8823392581981, 40.83541187009081], [-73.8823277503423, 40.835430734525005], [-73.8823151300035, 40.835453152976804], [-73.88230284500608, 40.83547500445751], [-73.8822935423027, 40.8354925816297], [-73.8822921739423, 40.835495344752616], [-73.882281761393, 40.835516324661796], [-73.8822709228532, 40.835538168610306], [-73.8822599959993, 40.83556234474939], [-73.882252055574, 40.8355799143037], [-73.8822334209459, 40.83562551434931], [-73.8822166458265, 40.8356715215133], [-73.8822010038979, 40.83572034838089], [-73.8821897222475, 40.835758719551414], [-73.8821824436852, 40.835783472123495], [-73.88217992878609, 40.8357936118281], [-73.882166680763, 40.83584703095781], [-73.88215481545488, 40.835905643751616], [-73.8821537389634, 40.83591096187481], [-73.8821476498617, 40.83594960219039], [-73.88214361843788, 40.83597518383091], [-73.8821385959059, 40.836019456029696], [-73.8821376480821, 40.836033123672095], [-73.8821355176345, 40.836063829269214], [-73.88213505928769, 40.83608161987701], [-73.882135054207, 40.8360818107767], [-73.8821344507365, 40.836105223925905], [-73.8821343718509, 40.836108258512795], [-73.8821348706554, 40.83613522614091], [-73.8821351942237, 40.83615268976741], [-73.88213794926759, 40.83619707797191], [-73.8821394770082, 40.83621144332572], [-73.88214266079488, 40.8362413691208], [-73.88214442121819, 40.836253560017305], [-73.8821552121659, 40.8363282895985], [-73.88216199971379, 40.83637529335609], [-73.882174378954, 40.83646102319971], [-73.88218416394909, 40.83651667026411], [-73.88219720045008, 40.8365908150092], [-73.8822051320099, 40.8366359198866], [-73.8822128921946, 40.836680053854785], [-73.8822219181883, 40.83673182350889], [-73.8822240987406, 40.836747817621315], [-73.8822289994137, 40.8367837712751], [-73.8822308582619, 40.836802668253604], [-73.88223412408918, 40.83683585211679], [-73.88223703351909, 40.8368868501024], [-73.8822377019767, 40.8369378998291], [-73.8822367979538, 40.8369676863699], [-73.8822361532976, 40.8369889292818], [-73.8822323875562, 40.8370398934357], [-73.8822289076204, 40.83706938558551], [-73.88222725974468, 40.83708334607269], [-73.8822204485199, 40.8371266709209], [-73.882211965831, 40.8371698139625], [-73.8822018105351, 40.837212749081615], [-73.88218999691139, 40.837255445675595], [-73.8821707904339, 40.83731568895842], [-73.882149080674, 40.8373754416115], [-73.8821248724781, 40.83743464150451], [-73.8820982086471, 40.8374932193413], [-73.8820877245106, 40.83751490964342], [-73.88207795484179, 40.8375348645213], [-73.8820647731517, 40.83756065471649], [-73.8820512797236, 40.8375870560272], [-73.8820224641115, 40.8376434425423], [-73.8820107451055, 40.83766543864239], [-73.8819349197043, 40.8378008764791], [-73.88185380668898, 40.83793453487261], [-73.88184529828119, 40.837946569370885], [-73.88184205919029, 40.83795115047051], [-73.88180939961549, 40.837997343895715], [-73.88177905075328, 40.83804026818319], [-73.88177588297118, 40.83804474939899], [-73.8817699420438, 40.838053152127294], [-73.88176740662838, 40.838056738899596], [-73.8817647606683, 40.838060481343994], [-73.8817623167825, 40.838063936737704], [-73.8817119471979, 40.83813517904429], [-73.8816878696094, 40.83816923266339], [-73.88168502811, 40.8381729154727], [-73.88168289517519, 40.83817686195319], [-73.881681508872, 40.83818100190529], [-73.8816809073354, 40.8381852264085], [-73.8816810918508, 40.838189479633314], [-73.8816815448663, 40.83819143056909], [-73.881682063772, 40.838193667029294], [-73.8816824475305, 40.8381945589125], [-73.8816834299562, 40.8381968399724], [-73.8816838019061, 40.8381977048286], [-73.88168500089319, 40.8381995538733], [-73.8816858226833, 40.838200821711986], [-73.8816862731952, 40.838201513753894], [-73.88168942678989, 40.83820501811141], [-73.8816932011587, 40.83820814849979], [-73.881701466528, 40.83821280442951], [-73.8817176881164, 40.83822194307509], [-73.881717143697, 40.83822005147841], [-73.88171631529119, 40.83821716904651], [-73.8817160454417, 40.838216229553986], [-73.8817149200777, 40.838212316651706], [-73.88171365331029, 40.8382079101335], [-73.8817117973486, 40.83820145438599], [-73.88171238161408, 40.838199607170516], [-73.88171311015148, 40.8381973071542], [-73.8817152802711, 40.83819045121361], [-73.8817165024532, 40.838186590245996], [-73.8817258896875, 40.83817311676799], [-73.8817427978761, 40.8381488468675], [-73.8817487853976, 40.8381402523831], [-73.8817871758653, 40.838085149053605], [-73.8817907193944, 40.838080063990716], [-73.88179337258629, 40.8380762549165], [-73.88179611849378, 40.83807231446512], [-73.88179848520538, 40.838068917523714], [-73.88180440733409, 40.8380604166208], [-73.8818076703288, 40.8380557328905], [-73.8818218052096, 40.838035444824406], [-73.88183845062498, 40.838011551947304], [-73.8818557878538, 40.83798666563028], [-73.8818694222608, 40.8379670965406], [-73.8818735006958, 40.837961242100114], [-73.8818821152117, 40.837948877226914], [-73.8818883606476, 40.837939911095], [-73.8818899380512, 40.837937647966505], [-73.8818906584035, 40.83793661403591], [-73.88189100906962, 40.83793611101849], [-73.881891232618, 40.837935749248594], [-73.8818917403551, 40.837934929418005], [-73.8818923420301, 40.837933957500006], [-73.8818927950713, 40.8379332249614], [-73.88189331113358, 40.83793239073129], [-73.8819935980921, 40.8377703332208], [-73.8820268787367, 40.8377114244932], [-73.8820381197562, 40.837691527856215], [-73.8820414239091, 40.83768567892111], [-73.8820674836354, 40.83763955162009], [-73.88208192292208, 40.837613992336706], [-73.88209585432368, 40.837589333026884], [-73.8821060748024, 40.837571241731716], [-73.88213705852769, 40.83751639905741], [-73.8821421532821, 40.837505714492], [-73.8822081968983, 40.837367214747616], [-73.8822333937079, 40.83730071913801], [-73.8822613311071, 40.83721647486881], [-73.88226864714069, 40.83718468947269], [-73.88227096513899, 40.83717461800501], [-73.8822745986534, 40.83715883424149], [-73.8822751172113, 40.83715658353411], [-73.8822758759406, 40.83715328489609], [-73.88227651803048, 40.837148227472916], [-73.8822804247192, 40.8371174327419], [-73.88228453461738, 40.837085034437116], [-73.88230167155159, 40.8369499570127], [-73.88230255406188, 40.8369229313662], [-73.8823041373945, 40.8368744008202], [-73.8823040766407, 40.836873891978705], [-73.8823031616804, 40.836873686632806], [-73.8823024728216, 40.836860279364714], [-73.8822824690242, 40.836690447258704], [-73.88227194281689, 40.836630821962615], [-73.8822630201403, 40.836580284293824], [-73.8822566483215, 40.83654419226331], [-73.8822496490664, 40.83654239943682], [-73.8822544308647, 40.836531631699714], [-73.88224243618399, 40.836463690632016], [-73.88223858048019, 40.83643621890349], [-73.8822375802539, 40.83643596034081], [-73.8822364443019, 40.83642597179351], [-73.88223345438529, 40.836399691402704], [-73.88222610949609, 40.836347349848], [-73.882220271527, 40.83630574823152], [-73.88221479654601, 40.83626672690269], [-73.88219821286889, 40.83613152498439], [-73.882206362874, 40.8359668310033], [-73.8822432005923, 40.835769216302694], [-73.88229949334558, 40.83560697216731], [-73.882306031133, 40.83559679154021], [-73.8823063378692, 40.835596314590894], [-73.8823152617852, 40.83558241825471], [-73.88233048688959, 40.83555870754909], [-73.88234101271924, 40.835542316794175], [-73.88234101271924, 40.83540899368183], [-73.8823392581981, 40.83541187009081]]]}}, {"type": "Feature", "properties": {"layer": "road", "label": "sidewalk", "method": "official current vector data"}, "geometry": {"type": "MultiPolygon", "coordinates": [[[[-73.87648785997528, 40.838054113858306], [-73.876558408019, 40.8380883676551], [-73.8765861997069, 40.8381020669033], [-73.8766461720197, 40.838131634862194], [-73.8766604712312, 40.838138684817615], [-73.87668579900298, 40.83815117204251], [-73.8767679979402, 40.838191698404415], [-73.8767859786275, 40.83820070905211], [-73.8768043928761, 40.83820993627881], [-73.87687963843972, 40.83824764198852], [-73.87695038860798, 40.838283095218515], [-73.87707190001649, 40.83834490686242], [-73.87713193499789, 40.83837544536701], [-73.8771911060835, 40.8384044772935], [-73.8772372927344, 40.8384271387794], [-73.87725027722058, 40.83843350918939], [-73.8773094602663, 40.83846254106749], [-73.8773686315068, 40.83849157290241], [-73.8773699961774, 40.838492242520296], [-73.87742780278239, 40.83852061371179], [-73.87748697412619, 40.838549645485806], [-73.877531536883, 40.83857150548899], [-73.87754615737849, 40.8385786772418], [-73.87760532882558, 40.83860770895471], [-73.8776645003243, 40.8386367406372], [-73.87769012355328, 40.838649312600005], [-73.8777236718747, 40.8386657722891], [-73.8777562488284, 40.838681754577394], [-73.877782855317, 40.838694812928004], [-73.8778073804056, 40.838706845757706], [-73.8779583054205, 40.838706845757706], [-73.877790331253, 40.838624997407095], [-73.8777271257054, 40.8385941992451], [-73.877357482228, 40.83841456246241], [-73.8773006501722, 40.838386943284206], [-73.87724354451669, 40.8383591914139], [-73.8772323380444, 40.83835374500181], [-73.87717250228359, 40.83832381999831], [-73.8769645701177, 40.83821982809139], [-73.8769071946077, 40.8381913292556], [-73.8766325154454, 40.838054890012295], [-73.8766030818141, 40.8380404416081], [-73.87645392368461, 40.837967224583245], [-73.87645392368461, 40.838037636566064], [-73.87648785997528, 40.838054113858306]]], [[[-73.8789017409949, 40.834967593606], [-73.8787973663501, 40.8350638675544], [-73.8787795354817, 40.835080315267106], [-73.87865333867869, 40.835190475191986], [-73.87852326927428, 40.83529800145309], [-73.8785166380813, 40.8353031939267], [-73.878389398551, 40.83540281306801], [-73.8782431425017, 40.83551142054581], [-73.87819573687972, 40.83554480496902], [-73.8780992931463, 40.8356127228637], [-73.87809314483599, 40.8356170522485], [-73.8779395361076, 40.83571963626029], [-73.8777824101182, 40.83581910062691], [-73.87776015523718, 40.83583294466401], [-73.877686758382, 40.83587561244451], [-73.87759972152199, 40.83592620986959], [-73.8774355478342, 40.83601562576352], [-73.8772677647401, 40.83610112042942], [-73.8770965621404, 40.836182594999414], [-73.87692209433659, 40.83625996857869], [-73.87676235178658, 40.83632583399551], [-73.8767445393125, 40.83633317830811], [-73.8766833044942, 40.8363568048732], [-73.876622057776, 40.8363804313931], [-73.8765873872626, 40.83639381167391], [-73.8765661620844, 40.83640200147389], [-73.87656081101439, 40.83640405788033], [-73.8765374964104, 40.83641305588422], [-73.8765289061964, 40.83641636951451], [-73.8765047515524, 40.83642568808921], [-73.87649957606558, 40.836427684347505], [-73.8764769614923, 40.83643640393531], [-73.87645392368461, 40.836445293725106], [-73.87645392368461, 40.83649581459864], [-73.87654201089948, 40.836463132732604], [-73.87657188363528, 40.836452048996215], [-73.87662494811379, 40.836432361520515], [-73.8766637880895, 40.836417951018504], [-73.8766646957315, 40.836417614303514], [-73.87668329313308, 40.836409630590694], [-73.87700374607599, 40.83627206468059], [-73.8770051011549, 40.83627148260499], [-73.8772234738926, 40.8361596567861], [-73.8772874367307, 40.83612690181809], [-73.877351876123, 40.83609350887048], [-73.8774158859376, 40.8360596417699], [-73.87747945905488, 40.83602530321092], [-73.87754259190929, 40.83599049769289], [-73.8776052761954, 40.8359552279093], [-73.87766750716368, 40.83591949745781], [-73.87772341434508, 40.83588674450861], [-73.8777292788805, 40.83588330903431], [-73.8777905854087, 40.83584666713571], [-73.8778514208149, 40.83580957445789], [-73.87791177916368, 40.83577203459749], [-73.87797165452001, 40.83573405115081], [-73.87803104213428, 40.835695627715495], [-73.8780899360716, 40.83565676788811], [-73.8781131659899, 40.83564131473242], [-73.878218390771, 40.83557131695019], [-73.87822534821518, 40.835566688548106], [-73.878282286026, 40.8355250242162], [-73.8783386779676, 40.8354829351471], [-73.87839451810729, 40.835440424036705], [-73.8784498016923, 40.835397496283804], [-73.87850452278819, 40.83535415548491], [-73.8785137510817, 40.83534670010219], [-73.87855867427139, 40.8353104070364], [-73.87861225139139, 40.83526625543639], [-73.8786652493976, 40.83522170518321], [-73.87871458261658, 40.83518038382871], [-73.8787633769871, 40.835138694484485], [-73.8788116277568, 40.835096642549296], [-73.87885145202088, 40.8350612355005], [-73.8788593301772, 40.8350542316206], [-73.87890648068328, 40.83501146619802], [-73.8789530721553, 40.83496834987659], [-73.87896669072138, 40.83495549115869], [-73.87891411842983, 40.83495549115869], [-73.8789017409949, 40.834967593606]]], [[[-73.88233048688959, 40.83555870754909], [-73.8822709228532, 40.835538168610306], [-73.8822010596563, 40.835514081077605], [-73.8821306289464, 40.8354897948136], [-73.88211887351268, 40.83548574317921], [-73.8821187562059, 40.83548570343752], [-73.8820997230986, 40.835479140986806], [-73.8820969113219, 40.83547817188148], [-73.8820812658546, 40.83547277903169], [-73.8820423429753, 40.8354593578763], [-73.88202606123379, 40.83545374014501], [-73.88201648959559, 40.83545043724421], [-73.8820159066243, 40.83545023583739], [-73.88197699679569, 40.83543682457872], [-73.8819657212678, 40.835432937309804], [-73.88195913558319, 40.835430666725706], [-73.8819505604482, 40.83542771062921], [-73.8819028290812, 40.8354112439417], [-73.8818851894662, 40.83540515834371], [-73.8818822556516, 40.83540414678481], [-73.8818652167776, 40.83539827251471], [-73.8818596181201, 40.83539634332301], [-73.8818253531697, 40.83538452974611], [-73.8817442041357, 40.835356547437414], [-73.881623045907, 40.835314769854506], [-73.88148623653949, 40.83526759470479], [-73.8814620883625, 40.835259268225705], [-73.881452726502, 40.835256040234604], [-73.8814155989929, 40.8352432375514], [-73.88140533898678, 40.83523969976318], [-73.8813918288155, 40.835235041117514], [-73.8813783695957, 40.83523040053252], [-73.8813657635029, 40.83522605348442], [-73.8813539761731, 40.83522198913201], [-73.8813420987938, 40.835217893168505], [-73.8813251026702, 40.83521203417079], [-73.8812222029756, 40.835176553201805], [-73.88113276731839, 40.8351457118606], [-73.88113247109538, 40.83514560979929], [-73.881124743232, 40.835142945374415], [-73.8811153505992, 40.8351397056176], [-73.88110343059269, 40.83513559517758], [-73.88109546456869, 40.8351328485601], [-73.881086478355, 40.8351297496972], [-73.8809920852447, 40.8350971984982], [-73.88058170456621, 40.83495549115869], [-73.88051532820049, 40.83495549115869], [-73.88081617982368, 40.83505859723909], [-73.8810784148122, 40.835151049796], [-73.88108868649539, 40.835154670471006], [-73.8810981797153, 40.83515801749251], [-73.88110934716438, 40.83516195516281], [-73.8811193107829, 40.835165467458], [-73.8811270800118, 40.83516820666701], [-73.8812179386884, 40.8352002390319], [-73.8813212351171, 40.83523665602701], [-73.88133787672979, 40.8352425236655], [-73.8813491259654, 40.835246489311984], [-73.8813600481762, 40.8352503393576], [-73.8813702322071, 40.835253930200885], [-73.881384988688, 40.8352591322287], [-73.8813994844965, 40.8352642430368], [-73.8814133001875, 40.83526911361191], [-73.88143750490269, 40.83527764727311], [-73.88144962148138, 40.835281919069104], [-73.8814832021617, 40.835293758169094], [-73.8815172307403, 40.835305754405496], [-73.88160865272658, 40.8353365875809], [-73.88174213691849, 40.83538160609201], [-73.88181176139061, 40.83540508762581], [-73.88185188384989, 40.8354186190479], [-73.8818670887037, 40.835423746732204], [-73.8818722833793, 40.8354254990128], [-73.88189451598049, 40.83543299678971], [-73.88193711139749, 40.83544736187119], [-73.8819461772041, 40.83545041932629], [-73.88195278904598, 40.83545264941569], [-73.88196369029268, 40.835456325586996], [-73.88200380570478, 40.83546985424729], [-73.8820085844822, 40.835471465619094], [-73.8820255300043, 40.83547718128531], [-73.8820292398149, 40.8354785286184], [-73.88208605526408, 40.835499165727704], [-73.8820871761463, 40.835499572996916], [-73.8821076399544, 40.835507005889596], [-73.8821909940886, 40.835537281953414], [-73.8822377299745, 40.835554257185], [-73.88224831439318, 40.83555810139829], [-73.8822599959993, 40.83556234474939], [-73.8823152617852, 40.83558241825471], [-73.8823258876828, 40.83558627781161], [-73.88232814198369, 40.83558738141681], [-73.88232884682199, 40.8355877270254], [-73.88232896409718, 40.83558778477679], [-73.88232914652768, 40.8355878732114], [-73.8823294189863, 40.835588006762585], [-73.8823295184929, 40.835588055490895], [-73.88232971513669, 40.835588152044494], [-73.8823298264885, 40.83558820708819], [-73.88233001839438, 40.8355883009355], [-73.8823301723938, 40.835588375833694], [-73.8823303607461, 40.8355884678763], [-73.88233052066879, 40.83558854548201], [-73.8823307054658, 40.8355886366206], [-73.88233092343329, 40.8355887431013], [-73.88234101271924, 40.83559368220678], [-73.88234101271924, 40.83556233708126], [-73.88233048688959, 40.83555870754909]]], [[[-73.8823243659401, 40.8380071995588], [-73.882301781494, 40.8379722103124], [-73.8822879482203, 40.837948777934805], [-73.88228078688809, 40.8379366463676], [-73.88226141759479, 40.83790056179091], [-73.8822559831698, 40.83788945314571], [-73.88225104695029, 40.837878218939494], [-73.88224660892018, 40.8378668681774], [-73.8822426809359, 40.83785540087161], [-73.8822392629495, 40.8378438440368], [-73.8822392217444, 40.83784367830379], [-73.88223636680118, 40.83783220669029], [-73.882233992475, 40.837820497836816], [-73.8822321280662, 40.83780874447919], [-73.8822307973035, 40.837796937636796], [-73.88222998826649, 40.8377851133171], [-73.88222971281148, 40.837773271532406], [-73.8822299153342, 40.837766031762875], [-73.8822304379547, 40.837758810330115], [-73.882231280673, 40.83775160723398], [-73.8822324278825, 40.837744531418615], [-73.882232447046, 40.83774442247831], [-73.88223392755478, 40.837737274963594], [-73.882235729302, 40.8377301710006], [-73.8822378404247, 40.8377231141791], [-73.8822402597115, 40.83771611890591], [-73.8822429883433, 40.83770918788348], [-73.8822460239341, 40.837702329214004], [-73.88224936646809, 40.83769555190229], [-73.882252995773, 40.83768886493271], [-73.8822569308048, 40.8376822764289], [-73.88232509828768, 40.8375710313583], [-73.88234101271924, 40.837545059831875], [-73.88234101271924, 40.8374956118344], [-73.88231541654558, 40.83753863339109], [-73.88226940634979, 40.83761596683729], [-73.88224204872698, 40.837661947879205], [-73.8822119435803, 40.837710774372916], [-73.88218811000439, 40.8377659485471], [-73.8822071305774, 40.8378482713753], [-73.8822467927058, 40.837931174481376], [-73.8823004543245, 40.838018011711796], [-73.88234101271924, 40.838071847043345], [-73.88234101271924, 40.83803090231571], [-73.8823243659401, 40.8380071995588]]]]}}, {"type": "Feature", "properties": {"layer": "road", "label": "sidewalk", "method": "official current vector data"}, "geometry": {"type": "MultiPolygon", "coordinates": [[[[-73.8784694070419, 40.834997106434685], [-73.87826301002949, 40.83516866539782], [-73.8783051786396, 40.8351909278125], [-73.8784685452802, 40.835055422485716], [-73.87858189307471, 40.83495549115869], [-73.87851671310418, 40.83495549115869], [-73.8784694070419, 40.834997106434685]]], [[[-73.8764732201809, 40.8361397859226], [-73.8764953188668, 40.83613811035441], [-73.8765049049236, 40.83613738401401], [-73.8765083556203, 40.83613712206269], [-73.8765433622743, 40.836133575569285], [-73.8765781808598, 40.83612914637899], [-73.87661279948559, 40.8361238524892], [-73.8766471707584, 40.83611767583939], [-73.87668124720129, 40.836110643394015], [-73.8767150050837, 40.836102764132804], [-73.87674838513928, 40.83609402898791], [-73.8767813754606, 40.836084464961615], [-73.8768333607389, 40.836067933371304], [-73.87688152727618, 40.83605128061699], [-73.8768846486827, 40.83605020335501], [-73.87693519184769, 40.836031283868], [-73.8769849309335, 40.83601118385278], [-73.8770338540152, 40.835989939317585], [-73.87708187809659, 40.835967550175106], [-73.8771925521618, 40.83591249474701], [-73.8773011199699, 40.835855077675], [-73.8774075221337, 40.83579535293159], [-73.8774632501298, 40.835761409463096], [-73.87751599285659, 40.83572928449852], [-73.87751897806899, 40.835727465967395], [-73.8775747059349, 40.835693531449515], [-73.8776304456167, 40.83565958791219], [-73.8776861733688, 40.83562565334011], [-73.8777419010806, 40.83559170973599], [-73.8777941530795, 40.83555872595171], [-73.8778862682155, 40.83549861642281], [-73.8779767484305, 40.83543709131301], [-73.8779350573561, 40.83541495175189], [-73.8778318903715, 40.8354858141314], [-73.87761395417569, 40.835623766734614], [-73.8774655031713, 40.835711012055285], [-73.8774604380403, 40.83571429167949], [-73.87720889675589, 40.83584471028428], [-73.87717965316568, 40.83586329507859], [-73.8771498781165, 40.83588138852979], [-73.87711958703659, 40.83589898254921], [-73.8770887953561, 40.835916068148], [-73.8770575185036, 40.83593263723782], [-73.87702576953808, 40.83594868082721], [-73.8769935650704, 40.83596419262999], [-73.8769609217166, 40.835979163658706], [-73.87692785371489, 40.83599358852509], [-73.87689437768118, 40.83600745824161], [-73.87686051022669, 40.83602076652209], [-73.8768336599408, 40.83603055955041], [-73.87680647512589, 40.83603980471411], [-73.8767789735805, 40.836048494828205], [-73.87675117547269, 40.836056623610396], [-73.8767231009688, 40.83606418567932], [-73.87669477023698, 40.83607117475272], [-73.8766662034405, 40.836077587249896], [-73.8766374207473, 40.836083416888904], [-73.8766325544397, 40.836084297770896], [-73.876608442319, 40.8360886609897], [-73.87657928950618, 40.83609331507239], [-73.87654998484159, 40.836097376459605], [-73.8765205461173, 40.836100841568104], [-73.8765117150757, 40.836101698389385], [-73.8764969903496, 40.83610312611651], [-73.8764923465517, 40.836103576794194], [-73.87649099586609, 40.8361037077206], [-73.8764672714249, 40.8361055211235], [-73.87646135543369, 40.83610597313889], [-73.87645392368461, 40.836106389338646], [-73.87645392368461, 40.83614075634472], [-73.8764732201809, 40.8361397859226]]]]}}, {"type": "Feature", "properties": {"layer": "road", "label": "sidewalk", "method": "official current vector data"}, "geometry": {"type": "Polygon", "coordinates": [[[-73.8779987876435, 40.835370068273804], [-73.8779988954362, 40.83537012241751], [-73.8779874353056, 40.83537845788311], [-73.8780323870386, 40.835397905692204], [-73.8780412468032, 40.8353916665263], [-73.8781486557397, 40.83531295072109], [-73.8782534218236, 40.83523220591151], [-73.87825014675059, 40.83523047080252], [-73.8782137762768, 40.83521120233269], [-73.8779987876435, 40.835370068273804]]]}}, {"type": "Feature", "properties": {"layer": "road", "label": "sidewalk", "method": "official current vector data"}, "geometry": {"type": "Polygon", "coordinates": [[[-73.8765036824109, 40.838327699253014], [-73.87645737513628, 40.83840017639429], [-73.87645392368461, 40.83840557845545], [-73.87645392368461, 40.8384796816978], [-73.8764646477899, 40.83846355648731], [-73.8764962882577, 40.838415982125206], [-73.8764997137632, 40.83841083136232], [-73.8765001846071, 40.838410123177184], [-73.87652793581609, 40.8383683960552], [-73.87654813924338, 40.83833801878578], [-73.8765579032658, 40.838323343070314], [-73.87655840145248, 40.838322595292496], [-73.8765595785798, 40.83832081357309], [-73.8765602677756, 40.8383200038656], [-73.8765609095777, 40.838319176097386], [-73.87656151584288, 40.83831833028141], [-73.8765620747145, 40.838317466404696], [-73.8765625980325, 40.838316593485004], [-73.87656308581359, 40.83831570251739], [-73.87656352618438, 40.8383148024942], [-73.8765639310016, 40.83831389342791], [-73.87656428840849, 40.8383129753059], [-73.8765646102785, 40.83831203913601], [-73.8765648847215, 40.83831110291539], [-73.8765651236109, 40.83831015765171], [-73.8765651295927, 40.83831012884232], [-73.87656514634588, 40.838310046014804], [-73.87656531509, 40.838309203332415], [-73.876565459142, 40.8383082489623], [-73.87656555576699, 40.8383072945415], [-73.8765656168385, 40.8383063310777], [-73.8765656304829, 40.83830536756311], [-73.8765655967003, 40.83830440399779], [-73.8765655273307, 40.838303449399284], [-73.87656541055078, 40.83830248574511], [-73.8765652463272, 40.83830153104518], [-73.8765650465167, 40.838300585312005], [-73.8765647992791, 40.83829963952822], [-73.8765645045977, 40.83829870269851], [-73.8765641743294, 40.8382977748356], [-73.8765637966175, 40.83829685592689], [-73.876563371445, 40.8382959549774], [-73.8765630879355, 40.83829538736241], [-73.8765629225591, 40.83829505400239], [-73.87656241435599, 40.838294170973796], [-73.87656188240598, 40.83829330592982], [-73.8765613030123, 40.83829244983991], [-73.87656067617479, 40.83829160270408], [-73.8765600255738, 40.838290782557806], [-73.8765593275124, 40.8382899803706], [-73.87655868853419, 40.83828928630591], [-73.87655860570399, 40.838289196167814], [-73.87655783643528, 40.838288429924205], [-73.87654046648568, 40.83828000071369], [-73.87651818040669, 40.838269186230384], [-73.87651744120909, 40.838268827942706], [-73.87650210050869, 40.83826138243801], [-73.87645392368461, 40.838238010976106], [-73.87645392368461, 40.83830304513796], [-73.8765036824109, 40.838327699253014]]]}}, {"type": "Feature", "properties": {"layer": "road", "label": "sidewalk", "method": "official current vector data"}, "geometry": {"type": "Polygon", "coordinates": [[[-73.88233484432239, 40.838671228571116], [-73.88230107755419, 40.83865227202988], [-73.8822704260595, 40.83863506381681], [-73.882246602074, 40.8386216896673], [-73.88221037275818, 40.838601356430814], [-73.88219212662798, 40.8385911162837], [-73.88215032426199, 40.83856764811762], [-73.88213765124799, 40.83856053386919], [-73.8820899536457, 40.8385337566433], [-73.882083175918, 40.8385299514289], [-73.88202982527689, 40.83850036065681], [-73.8820293810832, 40.838500114367505], [-73.8819764746994, 40.838470760854996], [-73.88196820322898, 40.83846617337661], [-73.88192312415319, 40.83844117003339], [-73.8818985514125, 40.838427539304384], [-73.8818697618138, 40.8384115701697], [-73.8818430392015, 40.838396748574304], [-73.8818164113625, 40.8383819792984], [-73.88178659128529, 40.8383654345715], [-73.88176306097479, 40.8383523793972], [-73.881728379684, 40.83833314349681], [-73.8817097106185, 40.83832278847631], [-73.8816700971316, 40.8383007775787], [-73.8816518118972, 40.83829061744931], [-73.88165079317739, 40.8382900761073], [-73.8816497507121, 40.83828955275092], [-73.88164869634208, 40.83828905639702], [-73.8816476063537, 40.83828858702142], [-73.8816465044444, 40.838288153653416], [-73.88164537877368, 40.8382877472758], [-73.8816442293413, 40.838287367888604], [-73.88164306798829, 40.838287024509], [-73.88164189473028, 40.838286708131996], [-73.8816407095676, 40.8382864187576], [-73.88163950062719, 40.83828616537861], [-73.8816382916228, 40.8382859480192], [-73.8816370707137, 40.83828575766249], [-73.8816358378836, 40.8382856033133], [-73.8816346050055, 40.83828547597891], [-73.8816333602066, 40.838285384651996], [-73.8816321272164, 40.8382853203521], [-73.8816310316796, 40.83828530391939], [-73.8816308704326, 40.838285301052416], [-73.8816296254735, 40.8382852997748], [-73.8816283804342, 40.838285343521804], [-73.8816271353469, 40.8382854142835], [-73.8816259020523, 40.83828552107711], [-73.88162466870959, 40.83828565488551], [-73.8816234471595, 40.83828582472581], [-73.8816222255454, 40.838286030585714], [-73.8816210157399, 40.83828626347262], [-73.8816198177431, 40.8382865233865], [-73.881618631539, 40.838286819332204], [-73.8816174689842, 40.838287151322014], [-73.8816163051957, 40.83828751032529], [-73.8816151793007, 40.83828789638229], [-73.881614052156, 40.8382883184578], [-73.88161296054949, 40.8382887585798], [-73.8816127944219, 40.838288833150294], [-73.8816118807195, 40.83828924373841], [-73.881610824571, 40.838289746931316], [-73.8816097920879, 40.83829027716322], [-73.8816087832703, 40.83829083443431], [-73.88160780997478, 40.838291418756704], [-73.881606848488, 40.8382920301061], [-73.8816059225234, 40.83829266850671], [-73.8816050320969, 40.83829332495371], [-73.8816041653359, 40.838294008439796], [-73.88160333411298, 40.838294709972196], [-73.8816025384124, 40.838295438556], [-73.8815637842063, 40.83833225600791], [-73.8815213598813, 40.83837262663001], [-73.8814789473618, 40.8384129972483], [-73.88143652293398, 40.838453367838596], [-73.88143092413898, 40.83845869661248], [-73.8813941103114, 40.83849373842511], [-73.8813516857645, 40.83853411798859], [-73.8813092730391, 40.838574488543415], [-73.88127317885309, 40.838608832273806], [-73.8812668484052, 40.838614859070105], [-73.88126608794609, 40.83861576778671], [-73.8812653748659, 40.83861670356691], [-73.8812646973401, 40.8386176483886], [-73.8812640790662, 40.83861861128122], [-73.8812634844577, 40.83861960121299], [-73.88126294913329, 40.838620591205796], [-73.88126246118789, 40.8386216082622], [-73.8812620088129, 40.83862262535532], [-73.8812616156898, 40.838623660519104], [-73.88126126997788, 40.83862470473681], [-73.88126095982028, 40.83862575799601], [-73.8812607089308, 40.8386268203212], [-73.8812605054524, 40.8386278917001], [-73.88126034940129, 40.83862896312791], [-73.88126024077738, 40.83863003460439], [-73.881260178379, 40.838631115133495], [-73.8812601776522, 40.83863218672109], [-73.88126022315079, 40.83863326736131], [-73.88126030423601, 40.838634339033206], [-73.8812604446052, 40.838635410766095], [-73.8812606442586, 40.83863648256002], [-73.88126087949838, 40.838637545385595], [-73.8812611621816, 40.83863859925509], [-73.88126150416498, 40.83863964418078], [-73.8812617660909, 40.8386403702489], [-73.88126188171879, 40.83864068914299], [-73.88126231858888, 40.83864171615639], [-73.8812627910615, 40.83864272519652], [-73.8812633228344, 40.838643725292805], [-73.88126363842939, 40.8386442758198], [-73.8812638901938, 40.838644716420816], [-73.8812645050126, 40.8386456895876], [-73.8812651673069, 40.8386466357886], [-73.8812793149105, 40.8386552608793], [-73.88128701940319, 40.838659958584294], [-73.88131685433218, 40.838678152260094], [-73.88133952487098, 40.8386919720604], [-73.88136392514835, 40.838706845757706], [-73.8814398710356, 40.838706845757706], [-73.8813967303203, 40.83868015967929], [-73.8813237697327, 40.838637997323616], [-73.8813256072574, 40.8386361631061], [-73.88131226525338, 40.83862790985369], [-73.8814603705423, 40.838491289659416], [-73.8814616424967, 40.83849011672189], [-73.8815741781346, 40.83838805501491], [-73.88163572221609, 40.8383266252211], [-73.88163963246109, 40.83832869316709], [-73.88164568563069, 40.8383232027602], [-73.8816776270275, 40.83834163803681], [-73.8817324558342, 40.83837328181502], [-73.8817554557578, 40.83838655617231], [-73.8817881063883, 40.83840491470262], [-73.8818446542674, 40.83843670967091], [-73.8819162287499, 40.83847695402711], [-73.8819289526382, 40.83848410797379], [-73.8819946316584, 40.838519204422624], [-73.88206761593048, 40.83855820474269], [-73.8821012053324, 40.83857615351799], [-73.8821332212099, 40.83859351265271], [-73.88219119169199, 40.83862494420318], [-73.8822459817186, 40.8386546516326], [-73.8822657565552, 40.838665373295], [-73.88230641712879, 40.838687546243094], [-73.88234101271924, 40.83870641155637], [-73.88234101271924, 40.838674691478495], [-73.88233484432239, 40.838671228571116]]]}}, {"type": "Feature", "properties": {"layer": "road", "label": "sidewalk", "method": "official current vector data"}, "geometry": {"type": "Polygon", "coordinates": [[[-73.880995340324, 40.83867364269069], [-73.8810278549654, 40.83864534667801], [-73.8810372885769, 40.83863655317439], [-73.8810590905083, 40.83861622988711], [-73.8810890231754, 40.83858632831432], [-73.8811176173164, 40.8385556869485], [-73.88114482547299, 40.838524323751706], [-73.8811947624119, 40.838473434227005], [-73.88124287513098, 40.8384215342482], [-73.8812891279815, 40.838368668805806], [-73.8813116643284, 40.838341337677186], [-73.8813334853315, 40.83831487388491], [-73.88139266766999, 40.838245479617605], [-73.8814176372882, 40.83821462733501], [-73.8814302296295, 40.83819906802899], [-73.8814496700914, 40.83817504750999], [-73.8815044794931, 40.838103613571604], [-73.8815043337741, 40.8381035467853], [-73.8814798112627, 40.83809311997729], [-73.8813876955695, 40.8382245109925], [-73.8813727110701, 40.83824175536031], [-73.8813208807094, 40.83830140032449], [-73.8813147749761, 40.8383084269039], [-73.881153850014, 40.83849361448311], [-73.8810859045314, 40.83856261417961], [-73.8810009608995, 40.8386488749869], [-73.880962378613, 40.8386303921481], [-73.88087981425126, 40.838706845757706], [-73.88095937715318, 40.838706845757706], [-73.880995340324, 40.83867364269069]]]}}, {"type": "Feature", "properties": {"layer": "road", "label": "sidewalk", "method": "official current vector data"}, "geometry": {"type": "Polygon", "coordinates": [[[-73.8764556782482, 40.83597335297349], [-73.8764982287272, 40.83601786948531], [-73.8764676934325, 40.836050648117514], [-73.87646247455669, 40.836059425054515], [-73.8764672714249, 40.8361055211235], [-73.87649099586609, 40.8361037077206], [-73.8764923465517, 40.836103576794194], [-73.8764969903496, 40.83610312611651], [-73.8765117150757, 40.836101698389385], [-73.8765081191063, 40.836074830975406], [-73.8765161418103, 40.836056580229794], [-73.87661617590308, 40.8359488296073], [-73.87670715379248, 40.83585067929791], [-73.8769712338756, 40.83556331798961], [-73.87716577895449, 40.83535528047651], [-73.8772285699915, 40.835290857482], [-73.87722057796128, 40.83528750273501], [-73.87741209254908, 40.835079915421815], [-73.8773810348009, 40.83506148709421], [-73.87725506059479, 40.83519756377649], [-73.8772527894153, 40.835200520386], [-73.8772498194208, 40.83520309624289], [-73.8772462598593, 40.8352051987123], [-73.8772422401097, 40.83520674868841], [-73.8772379061031, 40.83520769229669], [-73.8772334179666, 40.8352079927873], [-73.877228936961, 40.8352076413269], [-73.8772246278681, 40.8352066488969], [-73.8772206471215, 40.83520505258409], [-73.8768836637456, 40.835028085570904], [-73.87679096228078, 40.8349769978464], [-73.8767883795968, 40.83497401624971], [-73.8767864281529, 40.83497076968122], [-73.8767851552318, 40.83496733473361], [-73.8767845891398, 40.83496379158122], [-73.8767847439492, 40.83496022398519], [-73.8767856147621, 40.83495671568621], [-73.87678618563167, 40.83495549115869], [-73.87673246571117, 40.83495549115869], [-73.87645392368461, 40.83526229199469], [-73.87645392368461, 40.83531849091894], [-73.87652691174699, 40.83523841013561], [-73.8766762682067, 40.83507277979059], [-73.8767297808701, 40.8350134358406], [-73.87673222026288, 40.83500992651699], [-73.8767354000068, 40.835006773680206], [-73.8767371558347, 40.835005533773995], [-73.8767392298266, 40.83500406818361], [-73.87674360169089, 40.8350018855532], [-73.87674839336799, 40.83500028689222], [-73.87675346961248, 40.834999317981094], [-73.87675868691649, 40.83499900478091], [-73.8767638994309, 40.834999357041205], [-73.87696131182219, 40.83510017201541], [-73.8772007124145, 40.835228628833306], [-73.8772040516188, 40.83523093315329], [-73.87720681622989, 40.83523364478572], [-73.8772089210361, 40.83523668079432], [-73.8772102986363, 40.83523994385401], [-73.87721090534689, 40.8352433339631], [-73.877210723583, 40.83524674304379], [-73.877209759467, 40.835250065744404], [-73.8772080416481, 40.8352531967378], [-73.87708120910719, 40.83539077884079], [-73.8770759890584, 40.835396412177104], [-73.8770426158842, 40.8354324306222], [-73.8768050442242, 40.8356888289826], [-73.8766592112314, 40.835845061178695], [-73.876515948997, 40.835998847493606], [-73.87645392368461, 40.83593615660399], [-73.87645392368461, 40.83597111067562], [-73.8764556782482, 40.83597335297349]]]}}, {"type": "Feature", "properties": {"layer": "road", "label": "sidewalk", "method": "official current vector data"}, "geometry": {"type": "Polygon", "coordinates": [[[-73.88146967672289, 40.83503079253389], [-73.88145842550038, 40.835072543226715], [-73.88145136827188, 40.83509872777021], [-73.88145055191279, 40.8351017552957], [-73.88144751323388, 40.8351130290709], [-73.88144323065468, 40.83512573605599], [-73.88144046300948, 40.83513394752619], [-73.88143412510549, 40.83515499728501], [-73.8814294007091, 40.8351727880099], [-73.8814285042857, 40.83517616664589], [-73.8814247715229, 40.83519237081731], [-73.881423604138, 40.83519743850332], [-73.8814194282426, 40.8352188002541], [-73.88141597899859, 40.83524023659239], [-73.8814155989929, 40.8352432375514], [-73.88141325880528, 40.8352617322122], [-73.8814133001875, 40.83526911361191], [-73.88141332457218, 40.835273392789006], [-73.8814134526042, 40.8352960178564], [-73.88141382305099, 40.835361573369006], [-73.88141837320909, 40.83541826960672], [-73.8814236597173, 40.835474927879396], [-73.8814296861422, 40.835531543688106], [-73.8814364477547, 40.835588110724615], [-73.88143854773058, 40.835621915661], [-73.8814400097973, 40.83565574425491], [-73.8814408339889, 40.83568957669541], [-73.8814410215271, 40.8357233922723], [-73.8814402929703, 40.83573103582449], [-73.8814388365409, 40.8357386200962], [-73.88143665942448, 40.8357461045727], [-73.8814337723623, 40.835753449643114], [-73.88143019202349, 40.835760615702696], [-73.881425936258, 40.835767565849515], [-73.8814210264729, 40.835774263185314], [-73.88141549118579, 40.83578067261969], [-73.8814093577272, 40.8357867599623], [-73.8814026593522, 40.83579249282909], [-73.88139543049729, 40.8357978415392], [-73.8813877103396, 40.835802777317], [-73.88137893640499, 40.835807571533195], [-73.88136973768489, 40.83581188444761], [-73.8813601616466, 40.835815692696], [-73.8813502545632, 40.83581897741551], [-73.88134006625909, 40.835821723349014], [-73.8813296477406, 40.835823917041296], [-73.88131905119809, 40.835825545939215], [-73.8813083288111, 40.8358266037929], [-73.8812975351316, 40.83582708345439], [-73.8812867235151, 40.835826984078416], [-73.8812759461295, 40.835826305718314], [-73.88124075728211, 40.835818572961], [-73.88119425364, 40.83580835397861], [-73.8811434537262, 40.8357972201497], [-73.88111252437089, 40.835790440864216], [-73.8810307725447, 40.83577256909138], [-73.8809490123826, 40.83575474227671], [-73.88093961720028, 40.83575222109832], [-73.8809302409808, 40.8357497044412], [-73.88091123865408, 40.835745177845396], [-73.8808920267305, 40.83574116971499], [-73.8808726336584, 40.835737683681515], [-73.88085308432409, 40.83573472607362], [-73.8808474739667, 40.83573403410072], [-73.8808334036207, 40.83573229961881], [-73.8808136188108, 40.83573040794689], [-73.88079375478719, 40.8357290537853], [-73.88078772072669, 40.835729265468416], [-73.8807817017458, 40.8357290017055], [-73.8807758128392, 40.83572826891881], [-73.8807701701763, 40.835727079835614], [-73.8807671337053, 40.8357257943919], [-73.8807645106388, 40.83572406002848], [-73.88076241466351, 40.83572195160411], [-73.8807609345383, 40.835719560160406], [-73.8807601364747, 40.83571698842241], [-73.88076005347, 40.83571434808561], [-73.88076068887929, 40.83571175171521], [-73.8807620164153, 40.835709312746395], [-73.88076397779659, 40.83570713467601], [-73.88076648867069, 40.8357053137695], [-73.88078206232399, 40.83568657346001], [-73.8807968967494, 40.83566749019629], [-73.8808109776857, 40.83564808287421], [-73.8808242884993, 40.835628371287896], [-73.88083681848428, 40.83560837523731], [-73.8808449643501, 40.83559017204391], [-73.8808523458173, 40.8355717807574], [-73.8808589533662, 40.83555322117878], [-73.8808647834099, 40.8355345104141], [-73.88086982642679, 40.835515669164714], [-73.8808740811997, 40.8354967154397], [-73.8808775405817, 40.83547766814188], [-73.8808802009811, 40.835458547078694], [-73.8808820623646, 40.83543937116041], [-73.8808831199567, 40.835420159292596], [-73.88088337490659, 40.83540093218789], [-73.8808828248099, 40.835381708754205], [-73.88088147200618, 40.83536250700371], [-73.88087931764309, 40.83534334854959], [-73.88087739969268, 40.83532922410629], [-73.8808747394192, 40.8353151682344], [-73.8808713415286, 40.83530120164999], [-73.8808672107219, 40.83528734777072], [-73.8808623528874, 40.83527362911511], [-73.88085677747009, 40.8352600682051], [-73.88085049273108, 40.835246686661], [-73.8808435093042, 40.83523350520502], [-73.8808358378201, 40.8352205463605], [-73.88082749009982, 40.835207829950285], [-73.8808184815179, 40.835195377602204], [-73.8808074378345, 40.83518457105589], [-73.8807958517343, 40.83517409442971], [-73.8807837445278, 40.83516396485469], [-73.8807711327847, 40.835154198556815], [-73.8807580401868, 40.8351448126697], [-73.8807444844958, 40.83513581981861], [-73.8807304905789, 40.835127237138494], [-73.8807160797546, 40.835119077258106], [-73.880701275711, 40.835111353709216], [-73.88068818469418, 40.835103740890425], [-73.88067461855289, 40.83509661834828], [-73.8806606116375, 40.83509000412818], [-73.8806461959337, 40.83508391267101], [-73.88063140461088, 40.835078359319205], [-73.88061627439899, 40.83507335761809], [-73.88060084084678, 40.8350689184104], [-73.8805851406887, 40.835065052540024], [-73.8805706327339, 40.83506016223812], [-73.8805558381064, 40.83505579572549], [-73.8805407888032, 40.83505196113978], [-73.8805255191905, 40.8350486675215], [-73.8805100624525, 40.835045922108684], [-73.8804944529604, 40.83504373124051], [-73.8804787250887, 40.835042099454895], [-73.8804629120277, 40.835041030388204], [-73.88044705171188, 40.83504052678121], [-73.8804311761527, 40.8350405886672], [-73.8804133961421, 40.835042162308405], [-73.88039571119118, 40.8350442781434], [-73.88037814738959, 40.83504693259739], [-73.88036073556948, 40.8350501221004], [-73.8803435041949, 40.83505384127911], [-73.88032647936208, 40.83505808295661], [-73.8803096907208, 40.835062841760816], [-73.88029316555462, 40.8350681096157], [-73.8802769299628, 40.83507387754352], [-73.8802610112323, 40.83508013566739], [-73.8802454342786, 40.83508687410771], [-73.88023022520278, 40.83509408298629], [-73.8802154101128, 40.8351017488231], [-73.8801926043286, 40.8351131461134], [-73.8801702197687, 40.8351250147958], [-73.88014827186208, 40.83513734588139], [-73.8801267784076, 40.835150131284706], [-73.88010575602308, 40.835163360217194], [-73.8800852189537, 40.835177022788514], [-73.8800651838175, 40.8351911082102], [-73.8800456648597, 40.835205606592005], [-73.8800335429505, 40.8352174994283], [-73.880022035749, 40.8352297395933], [-73.8800111634419, 40.83524230999881], [-73.88000094029229, 40.8352551908489], [-73.8799913829335, 40.83526836325069], [-73.8799825056305, 40.8352818065079], [-73.87997432146278, 40.835295499922815], [-73.87996684351, 40.83530942279771], [-73.879960083666, 40.835323554434], [-73.87995405145519, 40.83533787322949], [-73.8799487564037, 40.83535235668211], [-73.8799442056645, 40.83536698318749], [-73.87994040757648, 40.835381731142306], [-73.87993736692502, 40.835396577138994], [-73.8799340424178, 40.835414322433884], [-73.8799315346644, 40.83543214602131], [-73.87992984726439, 40.83545002449239], [-73.8799289814433, 40.83546793623659], [-73.87992893961179, 40.83548585964448], [-73.8799297206241, 40.83550377310301], [-73.87993132451979, 40.8355216550002], [-73.87993374778179, 40.835539483720716], [-73.8799369880799, 40.835557236749516], [-73.8799410430828, 40.8355748924722], [-73.8799459057144, 40.8355924301702], [-73.87995157127199, 40.8356098282263], [-73.8799580326813, 40.83562706502139], [-73.87996461949548, 40.835642482946795], [-73.8799720010608, 40.8356576927841], [-73.8799801655667, 40.83567266930691], [-73.8799891000126, 40.835687389989204], [-73.8799987902101, 40.83570183320411], [-73.88000922197588, 40.83571597462341], [-73.8800203775633, 40.835729793517004], [-73.88003224159839, 40.835743268256905], [-73.880044793963, 40.83575637811041], [-73.8800580169102, 40.8357691023476], [-73.8800718891345, 40.835781421135096], [-73.8800953170376, 40.83580061252709], [-73.8801192174358, 40.835819471222216], [-73.88014357493878, 40.8358379845973], [-73.8801683765207, 40.8358561436336], [-73.88018186281099, 40.83586947686441], [-73.8801947224556, 40.83588316333729], [-73.8802069400718, 40.835897185926896], [-73.8802184979056, 40.835911527505594], [-73.8802293841328, 40.835926170051515], [-73.8802395845598, 40.83594109463971], [-73.88024908617639, 40.83595628324681], [-73.8802578759762, 40.83597171604868], [-73.8802659445059, 40.83598737502591], [-73.8802732811317, 40.8360032394559], [-73.8802798764037, 40.836019289518504], [-73.8802839218637, 40.83603506678549], [-73.8802872166385, 40.8360509432281], [-73.88028975483489, 40.8360668990294], [-73.8802915353058, 40.83608291257621], [-73.8802925533454, 40.83609896315261], [-73.8802928089952, 40.8361150273454], [-73.8802923011046, 40.83613108534281], [-73.8802910297136, 40.83614711463239], [-73.8802889984158, 40.83616309450652], [-73.8802868724849, 40.836176316967006], [-73.8802839890779, 40.8361894566963], [-73.8802803541678, 40.83620248848651], [-73.8802650143714, 40.836240688662905], [-73.88025845569699, 40.83625304294642], [-73.88025119434619, 40.83626516867491], [-73.88024604549538, 40.83627285625631], [-73.8802432422171, 40.83627704244749], [-73.8802346171363, 40.836288640869896], [-73.8802253333682, 40.836299943245294], [-73.8802154099237, 40.836310927080795], [-73.8802048646228, 40.8363215725841], [-73.8801856572308, 40.836340655729806], [-73.88016579605309, 40.836359350079796], [-73.880145295343, 40.83637764124039], [-73.88012417171718, 40.83639551932341], [-73.8801024370597, 40.8364129690322], [-73.8800801068015, 40.836429980477206], [-73.8800571963788, 40.836446541067104], [-73.8800337224116, 40.8364626391124], [-73.8800097003313, 40.83647826472339], [-73.87993314942429, 40.836530665895815], [-73.8798806098069, 40.83656748194911], [-73.87982753621368, 40.8366038498761], [-73.8797739357668, 40.83663976518092], [-73.87971981440458, 40.8366752224661], [-73.8796651816206, 40.8367102172384], [-73.8796172682992, 40.8367521762206], [-73.879586948749, 40.836776471436906], [-73.8795572733447, 40.836801222968106], [-73.87952825277378, 40.836826421821115], [-73.8794999000995, 40.8368520563033], [-73.8794722283823, 40.83687811652359], [-73.87944524712708, 40.836904591686505], [-73.879419666306, 40.83693291972419], [-73.8794093211964, 40.83694485036911], [-73.8794002283798, 40.83695533702849], [-73.8793947902746, 40.836961607790485], [-73.8793706273541, 40.836990644188006], [-73.8793471846754, 40.83702001991989], [-73.8793350622402, 40.837035873955216], [-73.8793320149955, 40.837039857257395], [-73.87932649096588, 40.83704708155009], [-73.87932447055819, 40.837049724189214], [-73.8793242649306, 40.8370500049284], [-73.8793024945081, 40.837079746200295], [-73.87928126365918, 40.837110075155415], [-73.8792652719899, 40.83713399176501], [-73.8792607851424, 40.83714070205721], [-73.8792563416991, 40.837147668135096], [-73.87924106609549, 40.8371716143067], [-73.87922211365108, 40.83720280200631], [-73.8792041775811, 40.837233834081005], [-73.87917657606918, 40.83728767816549], [-73.8791498099438, 40.83734177525669], [-73.879123886342, 40.83739611365622], [-73.8790827544814, 40.8374900929909], [-73.8790410109809, 40.837583918584], [-73.8789986570305, 40.8376775868342], [-73.8789887680225, 40.837700051004106], [-73.87886020500709, 40.83801453355231], [-73.87881860096599, 40.83812582879809], [-73.87881173876958, 40.83814508766929], [-73.8788039841132, 40.8381641501949], [-73.87879534415458, 40.83818299206899], [-73.8787858319765, 40.8382015907926], [-73.8787754582954, 40.8382199211632], [-73.8787642373796, 40.83823796068291], [-73.8787521823105, 40.8382556877536], [-73.87872031200969, 40.83829823232989], [-73.87868758392469, 40.838340399588304], [-73.8786540075599, 40.838382178732004], [-73.87854105091749, 40.838502619846096], [-73.8785088268297, 40.838540079798015], [-73.8784938863926, 40.83855936796049], [-73.8784797492068, 40.83857900275729], [-73.87846642716708, 40.83859896348961], [-73.87845393334969, 40.8386192321619], [-73.878442282021, 40.83863978807771], [-73.8783998084526, 40.83862875997621], [-73.8783797292457, 40.838706401952216], [-73.87837587494143, 40.838706845757706], [-73.87847016916821, 40.838706845757706], [-73.87847702639819, 40.838693510369104], [-73.8784883717652, 40.8386729838439], [-73.87850039492739, 40.838652681353985], [-73.8785130863775, 40.838632614595895], [-73.8785264389778, 40.8386127961686], [-73.8785404444035, 40.838593239570514], [-73.87855509314569, 40.83857395739829], [-73.87857037569901, 40.83855496044781], [-73.8785862837384, 40.83853626221718], [-73.87860280538729, 40.838517873499896], [-73.87861993113688, 40.83849980689252], [-73.8786342277459, 40.838484392863805], [-73.87870330541828, 40.838407714580605], [-73.87872487079949, 40.838382867399794], [-73.8787582490278, 40.8383430862245], [-73.878775393495, 40.838318603589705], [-73.8787917879518, 40.8382938266029], [-73.8788074264442, 40.838268769665916], [-73.87882229946628, 40.8382434444757], [-73.87883639987669, 40.83821786633351], [-73.8789067459229, 40.838055735926076], [-73.8789135965683, 40.838037591849194], [-73.8789323563337, 40.8379860942474], [-73.8789518165302, 40.837934745958904], [-73.8789719759574, 40.83788355418591], [-73.8789928322312, 40.837832525229], [-73.87899964349978, 40.837816448640694], [-73.8790502288897, 40.83770101146261], [-73.87905955117668, 40.837680477353615], [-73.8791091429659, 40.8375747212237], [-73.87915805318259, 40.8374687770537], [-73.87920627708378, 40.837362646640614], [-73.8792538146611, 40.83725633628859], [-73.87926623733568, 40.837231873847394], [-73.8792797684367, 40.837206843452215], [-73.8792940022145, 40.83718203801389], [-73.87930574683129, 40.8371627121808], [-73.8793089327189, 40.83715746923241], [-73.8793147125253, 40.8371484694328], [-73.8793245528159, 40.83713314790601], [-73.87934085536628, 40.83710908753421], [-73.8793578332379, 40.8370852980149], [-73.87937323655268, 40.83706477474149], [-73.8793754769252, 40.83706179014358], [-73.87937601288918, 40.83706110993011], [-73.87938167793548, 40.8370539254043], [-73.8793843613167, 40.837050521639], [-73.87939378047818, 40.8370385756204], [-73.8794127320205, 40.83701566523828], [-73.8794323256021, 40.83699307069742], [-73.8794525505355, 40.836970800991], [-73.8794526693258, 40.8369706768469], [-73.87946234135869, 40.836960500558895], [-73.8794733984995, 40.83694886781661], [-73.87949485762108, 40.8369272801664], [-73.87952083629, 40.83690250047689], [-73.8795473881584, 40.83687807257301], [-73.8795745049087, 40.83685400635099], [-73.879602177044, 40.83683030810429], [-73.87963039743408, 40.83680698682978], [-73.87964554481688, 40.83679743037771], [-73.8798302227527, 40.83667088190391], [-73.8799390204712, 40.8365925774215], [-73.880047736275, 40.8365141890046], [-73.88006426198739, 40.83650225122139], [-73.880111874286, 40.836467858597], [-73.8801143032789, 40.83646610335599], [-73.88015636422959, 40.83643572024901], [-73.8801718936021, 40.8364259570105], [-73.88018689145669, 40.8364157267614], [-73.8802013352372, 40.83640504568741], [-73.8802151988268, 40.8363939317716], [-73.8802284620388, 40.836382402102515], [-73.88024110112329, 40.83637047736711], [-73.88025309707929, 40.8363581746553], [-73.88026442971059, 40.8363455164586], [-73.88027508001309, 40.83633252166802], [-73.8802850325347, 40.83631921187932], [-73.88028639846, 40.83631719889021], [-73.88029426826509, 40.836305609585594], [-73.8803027741252, 40.836291735484714], [-73.880310535844, 40.83627761387531], [-73.8803190302021, 40.83626222062651], [-73.8803268017151, 40.8362466051052], [-73.8803338396735, 40.8362307889124], [-73.8803401357445, 40.83621479095], [-73.88034568040781, 40.83619863101921], [-73.88035046888241, 40.83618233072692], [-73.8803544928322, 40.83616591077588], [-73.88035774985089, 40.83614939097482], [-73.8803602327862, 40.83613279292801], [-73.8803619404159, 40.836116137345705], [-73.88036350972209, 40.8361025577103], [-73.8803659574513, 40.83608905282661], [-73.88036927998618, 40.836075656009], [-73.88037346659888, 40.8360623987637], [-73.8803785089294, 40.8360493144002], [-73.88038439506438, 40.8360364344235], [-73.8803925578012, 40.836022134926], [-73.8804014231805, 40.8360080783896], [-73.8804109804924, 40.835994286414895], [-73.8804212154781, 40.8359807760964], [-73.8804321126854, 40.83596756902969], [-73.8804436578555, 40.83595468230929], [-73.88045583435388, 40.83594213572871], [-73.8804686243667, 40.83592994547801], [-73.880482010077, 40.83591812954862], [-73.8804959724838, 40.83590670502999], [-73.88051788066008, 40.83589151476709], [-73.88054027419359, 40.83587673833], [-73.88056314121029, 40.83586238561139], [-73.8805864650952, 40.8358484655987], [-73.8806102339793, 40.835834985483515], [-73.880634433619, 40.83582195425561], [-73.8806590474029, 40.835809379101605], [-73.88068406108738, 40.835797269011316], [-73.88069381149569, 40.8357921129585], [-73.8807039996687, 40.83578746883881], [-73.88071457695868, 40.83578335731298], [-73.8807254959051, 40.835779798143], [-73.88073670549839, 40.835776806584285], [-73.8807481547295, 40.835774397892514], [-73.8807597902274, 40.835772581917695], [-73.8807715586246, 40.8357713667092], [-73.8807834065551, 40.835770759415794], [-73.880795279477, 40.8357707617821], [-73.8808071216659, 40.83577137375031], [-73.8808188797737, 40.83577259256408], [-73.8808304980841, 40.83577441366329], [-73.880831478199, 40.835774638899224], [-73.8809208867908, 40.8357951616713], [-73.88112615900998, 40.835842279298504], [-73.88122321910299, 40.83586455848269], [-73.8812240594156, 40.83586472774061], [-73.88123606202268, 40.835867143521206], [-73.8812490730836, 40.83586918753411], [-73.8812622131674, 40.835870685978406], [-73.88127544315938, 40.83587163251028], [-73.8812887215651, 40.83587202528629], [-73.8813020104473, 40.83587186246619], [-73.88131526712128, 40.83587114490649], [-73.8813284524559, 40.83586987526868], [-73.8813415261347, 40.83586805621251], [-73.8813544490202, 40.8358656940013], [-73.8813671831589, 40.835862795800104], [-73.88137968703748, 40.8358593705712], [-73.8813919262547, 40.83585542818469], [-73.88140386047628, 40.835850981206214], [-73.8814154552962, 40.8358460422073], [-73.8814256269969, 40.83584130345491], [-73.8814353691895, 40.8358360716895], [-73.88144464270968, 40.83583036848271], [-73.8814534083866, 40.835824219008195], [-73.8814616270478, 40.83581764934029], [-73.881469265446, 40.83581068736011], [-73.8814762903321, 40.83580336184949], [-73.8814826720094, 40.835795704295506], [-73.8814883831507, 40.83578774708781], [-73.88149340116658, 40.83577952532261], [-73.8814977022869, 40.8357710713934], [-73.88150126984429, 40.83576242400452], [-73.8815040883646, 40.8357536173589], [-73.88150614592129, 40.835744691066004], [-73.88150743296559, 40.83573568113592], [-73.8815069803371, 40.835701570825094], [-73.881505636097, 40.835667470404005], [-73.8815034002195, 40.83563339518088], [-73.88150027505138, 40.83559935956622], [-73.8814962593797, 40.83556537976742], [-73.88149135673848, 40.835531469295596], [-73.8814862771032, 40.8354997468441], [-73.8814819172627, 40.83546796029629], [-73.8814782772015, 40.83543611775652], [-73.88147536045139, 40.835404232736096], [-73.88147697780498, 40.835368869260414], [-73.8814782167227, 40.835350933574794], [-73.881479419115, 40.83533353454661], [-73.88148268317829, 40.83529823759821], [-73.88148278672669, 40.83529734801559], [-73.8814832021617, 40.835293758169094], [-73.88148623653949, 40.83526759470479], [-73.8814867699697, 40.83526299192269], [-73.8814916782861, 40.83522780652349], [-73.8814935842409, 40.83521612095781], [-73.8814968747048, 40.83519594874889], [-73.88149740573259, 40.8351926940053], [-73.88150394991739, 40.83515766517112], [-73.881506109399, 40.83514741885641], [-73.8815112438562, 40.83512305043381], [-73.8815113108185, 40.835122731727395], [-73.88151199058998, 40.835119838234924], [-73.88151830451298, 40.835092931627706], [-73.88151948486, 40.835087903575804], [-73.881528667404, 40.8350493340021], [-73.8815296558427, 40.83504554573451], [-73.88153141108408, 40.83504192214459], [-73.88153388910459, 40.83503855053522], [-73.8815370292901, 40.83503551368949], [-73.8815407556281, 40.83503288627042], [-73.8815449755249, 40.83503073301851], [-73.88154958573888, 40.8350291060564], [-73.88155447475, 40.83502804579178], [-73.88155952039321, 40.835027578213506], [-73.8815646017149, 40.835027714903795], [-73.88156959186229, 40.83502845122981], [-73.8815743687455, 40.83502977085752], [-73.8815862339041, 40.8350353931237], [-73.88159850072961, 40.835040495314914], [-73.8816111277558, 40.8350450602791], [-73.88162407469538, 40.835049074467285], [-73.8816373012627, 40.8350525234301], [-73.88165076360738, 40.835055397217104], [-73.8816644190627, 40.83505768677931], [-73.8816782237766, 40.835059383066906], [-73.8816895113324, 40.835060461732716], [-73.8817008698712, 40.835060960551395], [-73.88171224604139, 40.83506087856779], [-73.8817235900436, 40.83506021753189], [-73.8817348497072, 40.83505897919101], [-73.88174597522618, 40.8350571688972], [-73.8817569144188, 40.8350547947015], [-73.8817676198393, 40.83505186826161], [-73.881778041669, 40.8350484021336], [-73.8817881324543, 40.83504441247769], [-73.8817978482951, 40.835039917258996], [-73.88180714528829, 40.83503493624351], [-73.8818159795259, 40.8350294918986], [-73.881824311836, 40.83502361029862], [-73.88183210542138, 40.835017315719384], [-73.8818393246592, 40.8350106387414], [-73.88184593630089, 40.835003608146394], [-73.88185191183429, 40.83499625632331], [-73.88188712574092, 40.83495549115869], [-73.88183627047268, 40.83495549115869], [-73.88179745016869, 40.834994401331706], [-73.88179048791439, 40.8349999088275], [-73.88178300944679, 40.835005012372], [-73.8817750551281, 40.83500968319069], [-73.8817666700549, 40.835013897016296], [-73.8817578969529, 40.83501762957911], [-73.8817487856517, 40.83502086201979], [-73.8817393859809, 40.835023575479], [-73.88172974776069, 40.8350257565003], [-73.881719924368, 40.835027391630916], [-73.8817099679832, 40.8350284737203], [-73.88169993434309, 40.83502899562179], [-73.8816898779914, 40.83502895468968], [-73.8816798522794, 40.83502835187931], [-73.881669911741, 40.835027189948], [-73.8816601120892, 40.83502547525652], [-73.8816505054754, 40.83502321686319], [-73.8816411440445, 40.835020427428795], [-73.8816320787526, 40.835017121413394], [-73.8816233605479, 40.835013317779705], [-73.8816150344469, 40.8350090372855], [-73.8816079155983, 40.8350045932394], [-73.8816012776578, 40.83499973816028], [-73.88159516088339, 40.834994501806015], [-73.88158960434282, 40.834988916634416], [-73.8815846423581, 40.8349830168998], [-73.8815803056908, 40.8349768386536], [-73.8815766203525, 40.8349704224447], [-73.88157360998798, 40.83496380611842], [-73.8815712934931, 40.83495703111691], [-73.88157093379418, 40.83495549115869], [-73.88148922717434, 40.83495549115869], [-73.88146967672289, 40.83503079253389]], [[-73.88036131605449, 40.83586400804221], [-73.8803905149287, 40.8358704606558], [-73.8804004759531, 40.83588798561082], [-73.8804004444683, 40.835905500203516], [-73.8803919381568, 40.8359335138824], [-73.88033649737069, 40.8359871672923], [-73.8803234587127, 40.83597080708051], [-73.880286658424, 40.8359170579728], [-73.8802751629453, 40.835898364373904], [-73.880275195513, 40.83588026626168], [-73.8802844480973, 40.83586451270301], [-73.8803182778435, 40.83585987694512], [-73.88036131605449, 40.83586400804221]], [[-73.8806311833957, 40.83577393740489], [-73.88061510422368, 40.83578297613909], [-73.88059860494988, 40.83579156779079], [-73.8805817057544, 40.83579969887311], [-73.8805688044395, 40.83580588812331], [-73.88055550326959, 40.8358115807853], [-73.88054183783808, 40.835816763388415], [-73.8805278413671, 40.83582142245941], [-73.88051355181979, 40.83582554543071], [-73.8804990035976, 40.835829122432195], [-73.8804842358428, 40.83583214449968], [-73.88046928651049, 40.8358346035677], [-73.8804541923686, 40.8358364924704], [-73.88043899373538, 40.83583780764759], [-73.8804031920314, 40.83583533739199], [-73.88036735617328, 40.8358327410206], [-73.8803315027603, 40.8358300185506], [-73.88029564720419, 40.8358271708984], [-73.8802598072848, 40.835824200783996], [-73.8802419102364, 40.83582019751238], [-73.88022434653679, 40.835815433666006], [-73.8802071825478, 40.8358099282244], [-73.8801913664605, 40.8358005646592], [-73.880176005248, 40.835790772028304], [-73.88016112022709, 40.83578056386162], [-73.8801467315279, 40.83576995458791], [-73.8801328569138, 40.8357589559323], [-73.88011951532539, 40.83574758412371], [-73.8801067233358, 40.8357358535874], [-73.88009449870148, 40.8357237796504], [-73.8800828568083, 40.8357113776374], [-73.8800718130397, 40.83569866377331], [-73.8800613804067, 40.83568565518141], [-73.8800515754787, 40.8356723680878], [-73.880042408892, 40.83565882141431], [-73.880033893659, 40.83564503138341], [-73.88002603923191, 40.83563101601489], [-73.88001885861648, 40.835616795133504], [-73.8800123588955, 40.835602385856006], [-73.8800065495193, 40.835587807102804], [-73.88000143756389, 40.8355730795927], [-73.8799970312974, 40.835558220443914], [-73.879993334239, 40.835543250371394], [-73.8799903522821, 40.835528188291924], [-73.8799880901331, 40.835513054021106], [-73.87998654894129, 40.83549786737122], [-73.8799857322258, 40.8354826490573], [-73.87998563995198, 40.83546741798979], [-73.87998627326928, 40.83545219398069], [-73.8799876309541, 40.8354369977402], [-73.8799897117847, 40.83542184907779], [-73.8799925109839, 40.83540676689891], [-73.87999602732998, 40.83539177101312], [-73.8800002548569, 40.83537688212551], [-73.88000518878748, 40.8353621191414], [-73.88001082197368, 40.8353475009638], [-73.88001714845129, 40.83533304739711], [-73.8800241575164, 40.835318776440204], [-73.8800318420197, 40.83530470789622], [-73.88004019125898, 40.8352908588633], [-73.8800491933421, 40.8352772491399], [-73.88005883875469, 40.835263894924914], [-73.88006911323639, 40.8352508142132], [-73.8800800025288, 40.83523802409919], [-73.8800914947445, 40.83522554167971], [-73.8801035732556, 40.83521338314619], [-73.8801162238068, 40.835201563792204], [-73.8801294273988, 40.83519009980661], [-73.8801431685927, 40.83517900558101], [-73.88015742839089, 40.83516829640411], [-73.8801721889863, 40.83515798486391], [-73.8801874313815, 40.83514808624911], [-73.88020313421438, 40.83513861224361], [-73.88021927849098, 40.835129576334985], [-73.88023404634508, 40.8351218086928], [-73.8802492247708, 40.83511450522991], [-73.8802647876572, 40.835107681227505], [-73.8802807089045, 40.83510134566319], [-73.88029696003399, 40.8350955120149], [-73.88031351257479, 40.83509018925761], [-73.8803303380546, 40.8350853872673], [-73.8803474068187, 40.83508111411751], [-73.8803646903997, 40.8350773769825], [-73.8803821555877, 40.83507418303191], [-73.8803997751058, 40.8350715367394], [-73.880417516933, 40.83506944347509], [-73.88043534904999, 40.83506790770811], [-73.8804532430007, 40.8350669303093], [-73.88047116439618, 40.835066514845025], [-73.8804915650562, 40.835069325719104], [-73.88051181172348, 40.8350727208512], [-73.8805318783201, 40.83507669751302], [-73.8805517340331, 40.83508124846882], [-73.8805713504196, 40.835086367385706], [-73.8805907002254, 40.83509204613111], [-73.8806097550073, 40.83509827837221], [-73.8806284875158, 40.83510505327519], [-73.8806468704968, 40.83511236270739], [-73.8806648778878, 40.835120194935584], [-73.8806824824392, 40.835128539125904], [-73.8806996616457, 40.8351373835488], [-73.8807163882607, 40.83514671556928], [-73.8807326385978, 40.835156520755206], [-73.88074839015299, 40.83516678647649], [-73.88076362042878, 40.835177496501196], [-73.88077463858498, 40.835190634406814], [-73.88078502190939, 40.835204067017415], [-73.88079475857768, 40.83521777631121], [-73.88080383557859, 40.83523174516539], [-73.8808122399039, 40.83524595465639], [-73.8808199621003, 40.835260386764595], [-73.8808269915341, 40.835275020767824], [-73.880833317565, 40.83528983954581], [-73.8808389331157, 40.835304822379904], [-73.8808438311062, 40.835319950352606], [-73.8808480044592, 40.8353352027452], [-73.8808514472816, 40.835350559740796], [-73.88085415605, 40.835366002425516], [-73.8808561272473, 40.835381508283305], [-73.8808573573484, 40.8353970593008], [-73.8808578452057, 40.835412633864806], [-73.880857590856, 40.83542821126399], [-73.8808565931501, 40.835443770786], [-73.8808548544925, 40.83545929352262], [-73.8808523772929, 40.8354747578646], [-73.8808491639574, 40.83549014400339], [-73.880845219265, 40.8355054312326], [-73.88084054799329, 40.835520599746104], [-73.88083515729099, 40.83553562974039], [-73.88082905312139, 40.835550501410594], [-73.8808222438188, 40.835565194954285], [-73.8808159981555, 40.835579627036005], [-73.8808090687068, 40.835593877411206], [-73.88080146261828, 40.835607928077295], [-73.8807931917797, 40.8356217601361], [-73.88078426689209, 40.83563535648901], [-73.8807746986614, 40.835648697336104], [-73.8807645001566, 40.8356617673823], [-73.8807536844532, 40.8356745477306], [-73.8807422669917, 40.83568702308841], [-73.880730260846, 40.83569917545911], [-73.88071768382798, 40.83571098955261], [-73.8807045501926, 40.83572245007498], [-73.880690878937, 40.83573354173721], [-73.8806766878718, 40.83574425014981], [-73.88066199480699, 40.83575456092289], [-73.8806468199211, 40.83576446147031], [-73.8806311833957, 40.83577393740489]]]}}, {"type": "Feature", "properties": {"layer": "road", "label": "roadbed", "method": "official current vector data"}, "geometry": {"type": "Polygon", "coordinates": [[[-73.88133952487098, 40.8386919720604], [-73.88131685433218, 40.838678152260094], [-73.88128701940319, 40.838659958584294], [-73.8812793149105, 40.8386552608793], [-73.8812651673069, 40.8386466357886], [-73.8812645050126, 40.8386456895876], [-73.8812638901938, 40.838644716420816], [-73.88126363842939, 40.8386442758198], [-73.8812633228344, 40.838643725292805], [-73.8812627910615, 40.83864272519652], [-73.88126231858888, 40.83864171615639], [-73.88126188171879, 40.83864068914299], [-73.8812617660909, 40.8386403702489], [-73.88126150416498, 40.83863964418078], [-73.8812611621816, 40.83863859925509], [-73.88126087949838, 40.838637545385595], [-73.8812606442586, 40.83863648256002], [-73.8812604446052, 40.838635410766095], [-73.88126030423601, 40.838634339033206], [-73.88126022315079, 40.83863326736131], [-73.8812601776522, 40.83863218672109], [-73.881260178379, 40.838631115133495], [-73.88126024077738, 40.83863003460439], [-73.88126034940129, 40.83862896312791], [-73.8812605054524, 40.8386278917001], [-73.8812607089308, 40.8386268203212], [-73.8812234348075, 40.838659907531806], [-73.88120908544249, 40.838672644655986], [-73.8811705544584, 40.838706845757706], [-73.88136392514835, 40.838706845757706], [-73.88133952487098, 40.8386919720604]]]}}, {"type": "Feature", "properties": {"layer": "road", "label": "roadbed", "method": "official current vector data"}, "geometry": {"type": "Polygon", "coordinates": [[[-73.88167500066498, 40.83819502043091], [-73.88167803547358, 40.8381966471357], [-73.8816802576837, 40.83819783806809], [-73.88168208899138, 40.8381988205852], [-73.88168491295059, 40.838200334511825], [-73.8816858226833, 40.838200821711986], [-73.88168500089319, 40.8381995538733], [-73.8816838019061, 40.8381977048286], [-73.8816834299562, 40.8381968399724], [-73.8816824475305, 40.8381945589125], [-73.881682063772, 40.838193667029294], [-73.8816815448663, 40.83819143056909], [-73.8816810918508, 40.838189479633314], [-73.8816809073354, 40.8381852264085], [-73.88167500066498, 40.83819502043091]]]}}, {"type": "Feature", "properties": {"layer": "road", "label": "roadbed", "method": "official current vector data"}, "geometry": {"type": "Polygon", "coordinates": [[[-73.8821178365626, 40.8354105291817], [-73.8820890887753, 40.8354218496338], [-73.88201648959559, 40.83545043724421], [-73.8820085844822, 40.835471465619094], [-73.8820076779527, 40.83547387171461], [-73.8820151723967, 40.8354764935182], [-73.882027649319, 40.83548085567141], [-73.88208269948029, 40.835500092508106], [-73.8820851356234, 40.83550094326501], [-73.88208612382718, 40.835501287363805], [-73.8820871761463, 40.835499572996916], [-73.8820997230986, 40.835479140986806], [-73.8821009799333, 40.83547709454619], [-73.88211341135639, 40.83545829141179], [-73.8821156344344, 40.835454930335594], [-73.88212568530379, 40.835437356643716], [-73.8821274357109, 40.83543511079731], [-73.88213245402419, 40.83542866928269], [-73.8821390047447, 40.8354178853463], [-73.8821515330371, 40.83539726060541], [-73.8821178365626, 40.8354105291817]]]}}, {"type": "Feature", "properties": {"layer": "road", "label": "roadbed", "method": "official current vector data"}, "geometry": {"type": "Polygon", "coordinates": [[[-73.8764793467165, 40.8363835564469], [-73.87645392368461, 40.83637741086065], [-73.87645392368461, 40.836383269511224], [-73.8764793467165, 40.8363835564469]]]}}, {"type": "Feature", "properties": {"layer": "road", "label": "roadbed", "method": "official current vector data"}, "geometry": {"type": "Polygon", "coordinates": [[[-73.87645541272819, 40.836228078383115], [-73.8764584576457, 40.836229252287986], [-73.87646144313078, 40.8362305071737], [-73.87646438103998, 40.8362318430529], [-73.876467247694, 40.83623324189031], [-73.8764700549157, 40.83623472170859], [-73.8764727908654, 40.83623627349], [-73.8764754555432, 40.83623789723459], [-73.8764780489658, 40.83623958393759], [-73.8764805711331, 40.836241333598686], [-73.8764829983157, 40.83624315519769], [-73.8764853542598, 40.83624503075], [-73.8764876270923, 40.836246969248], [-73.8764898049568, 40.8362489706788], [-73.87649189974309, 40.83625101704529], [-73.8764938995614, 40.836253126344886], [-73.87649579258868, 40.836255280554695], [-73.8764976025378, 40.83625747970033], [-73.876499305696, 40.83625972375621], [-73.8765009139195, 40.836262012735205], [-73.87650241535209, 40.8362643466246], [-73.8765038100103, 40.83626671641951], [-73.87650509791098, 40.83626911311481], [-73.87650629089379, 40.836271545728295], [-73.8765073533894, 40.83627401422189], [-73.8765083210006, 40.836276500623796], [-73.8765091699977, 40.8362790139135], [-73.87650991225388, 40.836281545098814], [-73.8765105359127, 40.836284094167006], [-73.87651104097428, 40.836286661118216], [-73.8765114393115, 40.836289236959985], [-73.8765116724449, 40.8362913893923], [-73.87651181072698, 40.836293541723094], [-73.8765118423016, 40.83629569393969], [-73.8765117790082, 40.8362978550596], [-73.87651160902399, 40.8363000070603], [-73.8765113441886, 40.836302158959604], [-73.8765109845186, 40.83630430175219], [-73.8765105300309, 40.83630642643351], [-73.87650998070869, 40.83630854200831], [-73.8765093247122, 40.836310639458986], [-73.87650858573768, 40.83631272781592], [-73.8765077401056, 40.83631478904369], [-73.8765068115288, 40.8363168231679], [-73.87650577627768, 40.8363188391679], [-73.8765046580986, 40.836320819059296], [-73.8765034569748, 40.8363227718471], [-73.8765021610666, 40.8363246885136], [-73.8765007703571, 40.836326578063705], [-73.8764993085928, 40.83632842251301], [-73.876497752044, 40.836330230840886], [-73.8764961125839, 40.83633199405539], [-73.8764944020688, 40.836333712168894], [-73.8764926086424, 40.8363353851689], [-73.8764907441611, 40.83633701306811], [-73.87648880862479, 40.83633859586631], [-73.8764867902106, 40.83634011554119], [-73.87648471259789, 40.83634159012789], [-73.8764825639636, 40.83634300160381], [-73.87648035733318, 40.83634435898789], [-73.876548693584, 40.83632107061329], [-73.87659957677229, 40.836303730205294], [-73.87659930404169, 40.8363037479234], [-73.8765990313279, 40.8363037566365], [-73.876598758614, 40.83630376534971], [-73.8765984859168, 40.83630376505792], [-73.8765982013799, 40.83630375574861], [-73.8765979286994, 40.836303746451904], [-73.8765976560523, 40.836303719145285], [-73.87659738340518, 40.8363036918388], [-73.8765971107749, 40.836303655527296], [-73.87659685001762, 40.8363036102235], [-73.8765965774206, 40.8363035559022], [-73.8765963166801, 40.83630350159349], [-73.87659605595618, 40.83630343827989], [-73.876595795249, 40.836303365961406], [-73.8765955345585, 40.83630328463791], [-73.87659528572449, 40.8363032033271], [-73.8765950369238, 40.8363031040065], [-73.8765947999629, 40.8363030137035], [-73.8765945630353, 40.8363029053906], [-73.8765943261077, 40.836302797077806], [-73.87659410105329, 40.83630267977261], [-73.8765938760156, 40.83630255346261], [-73.8765936509778, 40.8363024271525], [-73.8765934496696, 40.8363022918629], [-73.87659323650489, 40.836302156560606], [-73.8765930352134, 40.83630201226601], [-73.87659284579489, 40.836301858979205], [-73.87659266823289, 40.8363017057051], [-73.8765924906876, 40.836301543426124], [-73.87659231314218, 40.836301381146995], [-73.87659214747, 40.8363012098757], [-73.8765919936542, 40.83630103861711], [-73.87659185171148, 40.83630085836629], [-73.8765917097687, 40.83630067811541], [-73.8765915796824, 40.83630049787729], [-73.87659146146919, 40.836300308646805], [-73.876591343256, 40.83630011941637], [-73.8765912369158, 40.8362999211938], [-73.8765911424154, 40.83629973198871], [-73.8765910597881, 40.836299533791504], [-73.8765909771775, 40.836299326589305], [-73.8765909064065, 40.83629912840469], [-73.8765908475087, 40.836298921227815], [-73.8765908004673, 40.83629871406371], [-73.8765907652823, 40.83629850691222], [-73.8765907300973, 40.836298299760784], [-73.8765907067687, 40.836298092622], [-73.8765906952965, 40.83629788549588], [-73.87659069568059, 40.836297678382486], [-73.8765906960648, 40.83629747126901], [-73.8765907201785, 40.8362972551761], [-73.8765907442755, 40.83629704808799], [-73.8765907802288, 40.83629684101269], [-73.87659081618219, 40.83629663393731], [-73.87659087583158, 40.83629643589231], [-73.87659143851089, 40.836293509886], [-73.8765918707864, 40.8362905747352], [-73.87659218451459, 40.83628763045271], [-73.8765923441097, 40.83628468600531], [-73.8765923851575, 40.836281732426], [-73.8765922839285, 40.83627877869451], [-73.8765920522625, 40.836275833828424], [-73.87659169017618, 40.83627288882282], [-73.87659119763619, 40.83626996168741], [-73.8765905746592, 40.8362670434175], [-73.8765898093555, 40.836264152009996], [-73.87658892545439, 40.83626127848561], [-73.8765879110998, 40.836258422831506], [-73.87658676625809, 40.8362556030576], [-73.8765854909461, 40.8362528101588], [-73.8765840969868, 40.836250062157895], [-73.8765825725572, 40.8362473410321], [-73.87658094133668, 40.8362446648169], [-73.8765791796125, 40.83624203348661], [-73.87657729924119, 40.836239447054204], [-73.8765753002058, 40.83623691452431], [-73.8765731943796, 40.83623442690499], [-73.876570981729, 40.8362320022059], [-73.8765686503979, 40.83622964041449], [-73.87656622411559, 40.836227332551005], [-73.8765636909923, 40.836225096612694], [-73.87656354935059, 40.836224754273104], [-73.8765634432947, 40.83622440296659], [-73.8765633372388, 40.8362240516601], [-73.8765632548956, 40.83622370037891], [-73.8765631844089, 40.83622334911051], [-73.8765631257952, 40.8362229888499], [-73.8765630908777, 40.836222637619514], [-73.87656308189379, 40.83622236746142], [-73.8765630796896, 40.83622227740958], [-73.87656306850138, 40.8362219171996], [-73.8765630810261, 40.83622155701512], [-73.8765631172469, 40.83622120586079], [-73.8765631534843, 40.8362208457016], [-73.87656321341778, 40.836220494572814], [-73.8765632970808, 40.836220134464405], [-73.8765633925667, 40.8362197923785], [-73.8765634999257, 40.8362194413004], [-73.87656361914108, 40.836219090235], [-73.87656376203589, 40.83621875720479], [-73.8765639286602, 40.83621841519511], [-73.8765640952677, 40.8362180821903], [-73.876564285588, 40.83621774921088], [-73.87656448774798, 40.836217425249096], [-73.8765647017476, 40.8362171103049], [-73.8765649276036, 40.836216795373396], [-73.8765651771557, 40.83621648947221], [-73.8765654385475, 40.836216192588594], [-73.87656571177888, 40.8362159047227], [-73.8765659968668, 40.836215616869396], [-73.8765662937943, 40.8362153380337], [-73.8765666025615, 40.836215068215694], [-73.8765669231683, 40.8362148074153], [-73.87656725561479, 40.836214555632495], [-73.87656759990098, 40.83621431286739], [-73.8765679678832, 40.8362140791325], [-73.8765564192021, 40.8362150095909], [-73.8764973559766, 40.83621976761119], [-73.87645392368461, 40.83622326705116], [-73.87645392368461, 40.83622754780469], [-73.87645541272819, 40.836228078383115]]]}}, {"type": "Feature", "properties": {"layer": "road", "label": "roadbed", "method": "official current vector data"}, "geometry": {"type": "MultiPolygon", "coordinates": [[[[-73.8777318404043, 40.8349559135752], [-73.877735417688, 40.8349577003478], [-73.8777389236695, 40.83495957709398], [-73.8777950554804, 40.83498932590461], [-73.87785119919769, 40.83501907470039], [-73.8779073429652, 40.83504882346847], [-73.8779634749268, 40.83507857219671], [-73.8780196187947, 40.8351083209101], [-73.8780757627129, 40.83513806959579], [-73.878131894825, 40.835167818241615], [-73.87818803884359, 40.83519756687242], [-73.8782083016384, 40.83520830146039], [-73.8782137762768, 40.83521120233269], [-73.87825014675059, 40.83523047080252], [-73.8782534218236, 40.83523220591151], [-73.8782785795135, 40.83521214242109], [-73.8782894176916, 40.8352034983008], [-73.8783051786396, 40.8351909278125], [-73.87826301002949, 40.83516866539782], [-73.8782582875161, 40.8351661723454], [-73.87824132342509, 40.83515721792521], [-73.87818384075538, 40.83512687357962], [-73.87812634629839, 40.835096520187584], [-73.878068851894, 40.8350661667668], [-73.87801135752548, 40.8350358223222], [-73.87795386322598, 40.83500546884381], [-73.87789638083508, 40.83497511534911], [-73.87785919860166, 40.83495549115869], [-73.87773092914723, 40.83495549115869], [-73.8777318404043, 40.8349559135752]]], [[[-73.87740589819938, 40.83500821232259], [-73.87738503050718, 40.834997706576296], [-73.8773623333448, 40.8350213276435], [-73.8773435122802, 40.83504091500849], [-73.8773465420634, 40.835042559832985], [-73.877377107579, 40.835059156940204], [-73.8773810348009, 40.83506148709421], [-73.87741209254908, 40.835079915421815], [-73.8774203899363, 40.83508483824211], [-73.8774271196476, 40.8350892731284], [-73.8774333280688, 40.83509414420039], [-73.87743896547349, 40.835099413584615], [-73.8774439916236, 40.8351050416166], [-73.8774483662861, 40.83511098593031], [-73.8774520563498, 40.8351171996649], [-73.87745503344408, 40.83512363686519], [-73.8774572751335, 40.83513024798], [-73.87747369224968, 40.83516253736281], [-73.87747442816288, 40.83516337560492], [-73.8774768184713, 40.835165899530324], [-73.87747932745789, 40.835168360547], [-73.87748195513939, 40.83517074965022], [-73.8774846777867, 40.83517307581949], [-73.8774875072727, 40.83517533006268], [-73.87749044361388, 40.8351775033747], [-73.87749346309789, 40.83517959573041], [-73.87749658942049, 40.83518161615991], [-73.87749979890249, 40.83518354662821], [-73.8775031034001, 40.835185387147696], [-73.8775601113627, 40.83521583938811], [-73.8776181383492, 40.83524665287939], [-73.8776761535331, 40.83527746632878], [-73.87773418062709, 40.83530827976141], [-73.87779219593499, 40.83533908414719], [-73.8778155856646, 40.8353515042417], [-73.87785022313649, 40.83536989752099], [-73.8779082385354, 40.83540071085299], [-73.87792831533939, 40.8354113714523], [-73.8779350573561, 40.83541495175189], [-73.8779767484305, 40.83543709131301], [-73.8780010994545, 40.8354199419325], [-73.8780323870386, 40.835397905692204], [-73.8779874353056, 40.83537845788311], [-73.877618790881, 40.83518002414441], [-73.877541212382, 40.8351373348786], [-73.8775379252342, 40.835133798746405], [-73.8775348018463, 40.83513018444491], [-73.87753183273848, 40.835126489262606], [-73.877529041623, 40.83512271322461], [-73.877526416594, 40.8351188833332], [-73.877523957701, 40.8351149725737], [-73.8775216767507, 40.83511100797341], [-73.87751957374279, 40.83510698953221], [-73.8775176486774, 40.83510291725032], [-73.8775159133942, 40.83509880014518], [-73.8775143560368, 40.8350946382042], [-73.87751297660519, 40.83509043142752], [-73.8775117987787, 40.835086197849904], [-73.8775107988282, 40.83508194645139], [-73.877509988643, 40.835077659234386], [-73.87750938004609, 40.8350733542218], [-73.8775089493087, 40.835069040393094], [-73.87750872014279, 40.83506471777351], [-73.87750868067589, 40.8350603953554], [-73.8775088309244, 40.835056064133795], [-73.8775091826947, 40.835051751136106], [-73.8775097241638, 40.83504743833991], [-73.87751024084278, 40.83504371083911], [-73.87751093533129, 40.83504000153708], [-73.8775117957729, 40.835036310421216], [-73.8775128340239, 40.8350326375041], [-73.8775140263388, 40.8350290007703], [-73.87751538457358, 40.8350254002326], [-73.8775169205845, 40.83502183590339], [-73.8775185988029, 40.835018307745], [-73.87752045476428, 40.83501483380499], [-73.8775224529166, 40.83501140504081], [-73.87752461693898, 40.835008039487285], [-73.87752692313579, 40.835004728114406], [-73.8775293952193, 40.83500147094739], [-73.8775319975712, 40.834998294963114], [-73.87753475393689, 40.83499518217712], [-73.8775376405876, 40.834992141568804], [-73.87754066936289, 40.834989182156], [-73.87754384026269, 40.834986303938514], [-73.87754712957468, 40.8349835068913], [-73.8775505491386, 40.83498080003169], [-73.877554087098, 40.83497818334719], [-73.8775577434366, 40.83497566584272], [-73.877561506298, 40.8349732475057], [-73.8775653875384, 40.83497092834861], [-73.8775693634457, 40.8349687083464], [-73.87757344585928, 40.83496659651649], [-73.877577622923, 40.8349645928463], [-73.8775818827809, 40.83496269732321], [-73.8775862254162, 40.83496091895229], [-73.877590650829, 40.83495925773332], [-73.87759416369829, 40.83495738843192], [-73.87759775937839, 40.83495561827271], [-73.8775980368029, 40.83495549115869], [-73.87745532452783, 40.83495549115869], [-73.87740589819938, 40.83500821232259]]]]}}, {"type": "Feature", "properties": {"layer": "road", "label": "roadbed", "method": "official current vector data"}, "geometry": {"type": "Polygon", "coordinates": [[[-73.8764562192048, 40.83869382822211], [-73.8764782305519, 40.83865854700888], [-73.8765079016547, 40.83861098764551], [-73.8765228462027, 40.83858724589821], [-73.8765386636027, 40.83856211832169], [-73.8765406376555, 40.83855898221122], [-73.87655528549278, 40.83853538422112], [-73.8765969265823, 40.83846830051471], [-73.87659762346269, 40.838467183746594], [-73.8766265975154, 40.8384207411192], [-73.8766549816774, 40.83837524427321], [-73.87665626840618, 40.83837318171571], [-73.87665719480339, 40.838372336241505], [-73.8766581567042, 40.83837152682499], [-73.8766591541417, 40.8383707354564], [-73.87666018709959, 40.83836997114061], [-73.8766612555776, 40.8383692338776], [-73.87666235955909, 40.83836853267239], [-73.87666348722078, 40.8383678495024], [-73.87666465038599, 40.8383672023901], [-73.87666583721449, 40.83836658231789], [-73.8766670595466, 40.8383659983035], [-73.87666757337529, 40.83836576652541], [-73.8766682936854, 40.83836544131649], [-73.8766695633277, 40.838364920387306], [-73.87667085663328, 40.83836442649818], [-73.876672161729, 40.83836396864141], [-73.87667349047139, 40.838363546829704], [-73.87667484286058, 40.83836316106311], [-73.8766762070398, 40.83836281132881], [-73.8766775830089, 40.8383624976269], [-73.8766789826415, 40.838362210965116], [-73.87668038219059, 40.83836196932789], [-73.8766818053865, 40.83836176373579], [-73.8766832285155, 40.8383615941634], [-73.8766846515778, 40.83836146061069], [-73.8766860864302, 40.8383613630903], [-73.8766875318868, 40.838361301601], [-73.8766889677912, 40.83836127612129], [-73.8766904142833, 40.83836129567761], [-73.8766918488686, 40.83836134223609], [-73.8766932952272, 40.83836143383169], [-73.87669471780539, 40.838361561421806], [-73.87669615217368, 40.838361725044194], [-73.87669756276179, 40.838361924660994], [-73.87669791242789, 40.838361983566905], [-73.87669897328308, 40.8383621602974], [-73.8767003718808, 40.838362431940894], [-73.8767017466983, 40.8383627395787], [-73.8767031214491, 40.8383630832362], [-73.8767044724195, 40.838363462888104], [-73.8767057996097, 40.83836387853431], [-73.8767071148764, 40.8383643301875], [-73.87670840636288, 40.83836481783501], [-73.8766267128653, 40.8383233725678], [-73.8766202806836, 40.8383201094992], [-73.87655783643528, 40.838288429924205], [-73.87655860570399, 40.838289196167814], [-73.87655868853419, 40.83828928630591], [-73.8765593275124, 40.8382899803706], [-73.8765600255738, 40.838290782557806], [-73.87656067617479, 40.83829160270408], [-73.8765613030123, 40.83829244983991], [-73.87656188240598, 40.83829330592982], [-73.87656241435599, 40.838294170973796], [-73.8765629225591, 40.83829505400239], [-73.8765630879355, 40.83829538736241], [-73.876563371445, 40.8382959549774], [-73.8765637966175, 40.83829685592689], [-73.8765641743294, 40.8382977748356], [-73.8765645045977, 40.83829870269851], [-73.8765647992791, 40.83829963952822], [-73.8765650465167, 40.838300585312005], [-73.8765652463272, 40.83830153104518], [-73.87656541055078, 40.83830248574511], [-73.8765655273307, 40.838303449399284], [-73.8765655967003, 40.83830440399779], [-73.8765656304829, 40.83830536756311], [-73.8765656168385, 40.8383063310777], [-73.87656555576699, 40.8383072945415], [-73.876565459142, 40.8383082489623], [-73.87656531509, 40.838309203332415], [-73.87656514634588, 40.838310046014804], [-73.8765651295927, 40.83831012884232], [-73.8765651236109, 40.83831015765171], [-73.8765648847215, 40.83831110291539], [-73.8765646102785, 40.83831203913601], [-73.87656428840849, 40.8383129753059], [-73.8765639310016, 40.83831389342791], [-73.87656352618438, 40.8383148024942], [-73.87656308581359, 40.83831570251739], [-73.8765625980325, 40.838316593485004], [-73.8765620747145, 40.838317466404696], [-73.87656151584288, 40.83831833028141], [-73.8765609095777, 40.838319176097386], [-73.8765602677756, 40.8383200038656], [-73.8765595785798, 40.83832081357309], [-73.87655840145248, 40.838322595292496], [-73.8765579032658, 40.838323343070314], [-73.87654813924338, 40.83833801878578], [-73.87652793581609, 40.8383683960552], [-73.8765001846071, 40.838410123177184], [-73.8764997137632, 40.83841083136232], [-73.8764962882577, 40.838415982125206], [-73.8764646477899, 40.83846355648731], [-73.87645392368461, 40.8384796816978], [-73.87645392368461, 40.838697507787124], [-73.8764562192048, 40.83869382822211]]]}}, {"type": "Feature", "properties": {"layer": "road", "label": "roadbed", "method": "official current vector data"}, "geometry": {"type": "Polygon", "coordinates": [[[-73.88232509828768, 40.8375710313583], [-73.8822569308048, 40.8376822764289], [-73.882252995773, 40.83768886493271], [-73.88224936646809, 40.83769555190229], [-73.8822460239341, 40.837702329214004], [-73.8822429883433, 40.83770918788348], [-73.8822402597115, 40.83771611890591], [-73.8822378404247, 40.8377231141791], [-73.882235729302, 40.8377301710006], [-73.88223392755478, 40.837737274963594], [-73.882232447046, 40.83774442247831], [-73.8822324278825, 40.837744531418615], [-73.882231280673, 40.83775160723398], [-73.8822304379547, 40.837758810330115], [-73.8822299153342, 40.837766031762875], [-73.88222971281148, 40.837773271532406], [-73.88222998826649, 40.8377851133171], [-73.8822307973035, 40.837796937636796], [-73.8822321280662, 40.83780874447919], [-73.882233992475, 40.837820497836816], [-73.88223636680118, 40.83783220669029], [-73.8822392217444, 40.83784367830379], [-73.8822392629495, 40.8378438440368], [-73.8822426809359, 40.83785540087161], [-73.88224660892018, 40.8378668681774], [-73.88225104695029, 40.837878218939494], [-73.8822559831698, 40.83788945314571], [-73.88226141759479, 40.83790056179091], [-73.88228078688809, 40.8379366463676], [-73.8822879482203, 40.837948777934805], [-73.882301781494, 40.8379722103124], [-73.8823243659401, 40.8380071995588], [-73.88234101271924, 40.83803090231571], [-73.88234101271924, 40.837545059831875], [-73.88232509828768, 40.8375710313583]]]}}, {"type": "Feature", "properties": {"layer": "road", "label": "roadbed", "method": "official current vector data"}, "geometry": {"type": "Polygon", "coordinates": [[[-73.8820263492448, 40.835088714006304], [-73.88190907923679, 40.83525787083908], [-73.88194577565818, 40.8352704613058], [-73.8819485589946, 40.83527141597781], [-73.88207537021408, 40.83508854351672], [-73.88216604528489, 40.83495549115869], [-73.88211851845001, 40.83495549115869], [-73.8820263492448, 40.835088714006304]]]}}, {"type": "Feature", "properties": {"layer": "road", "label": "roadbed", "method": "official current vector data"}, "geometry": {"type": "Polygon", "coordinates": [[[-73.8820777623589, 40.835514903303206], [-73.8820657635503, 40.83553444258019], [-73.8820538634092, 40.83555918141441], [-73.88204614259278, 40.8355752320443], [-73.8820225350247, 40.83562432629339], [-73.8820216088696, 40.835626432504], [-73.88197306213209, 40.83572196406399], [-73.8819390249306, 40.8358142155446], [-73.8819055070164, 40.83591644502849], [-73.8818728375626, 40.83603690318639], [-73.88184941804448, 40.83615286023], [-73.8818352941963, 40.8362699713195], [-73.8818309334739, 40.83641345439271], [-73.8818307575462, 40.83652185036971], [-73.88183660255159, 40.8366381372453], [-73.881849940391, 40.8367600445775], [-73.8818623395272, 40.836852412016306], [-73.8818874085643, 40.83698620257639], [-73.8819190579236, 40.83709737763782], [-73.88193490159948, 40.837148296119004], [-73.88195251016708, 40.837204885918204], [-73.8819715051945, 40.83726593188011], [-73.8820136912076, 40.8374015093895], [-73.8820162919566, 40.837409866839096], [-73.8820254139263, 40.83743823904881], [-73.8820647731517, 40.83756065471649], [-73.8820717950756, 40.83758249258671], [-73.88208192292208, 40.837613992336706], [-73.88209030915348, 40.8376400729299], [-73.8820918776267, 40.837644178987595], [-73.88215377041078, 40.837806262827], [-73.882178750304, 40.83786170838369], [-73.88221283721, 40.83791657881399], [-73.88220159401139, 40.8378928483055], [-73.88219105543769, 40.837868932113096], [-73.8821877062247, 40.837860725186914], [-73.8821812250245, 40.8378448419472], [-73.882172108677, 40.8378205904206], [-73.88216602077149, 40.83780289938872], [-73.8821637111166, 40.837796189245104], [-73.88215603706269, 40.83777165103239], [-73.88214908886519, 40.837746987491386], [-73.88214717183088, 40.837740855866194], [-73.8821415433533, 40.837722848328006], [-73.8821393186069, 40.837715731247], [-73.8821333564776, 40.837696658082315], [-73.88213223526309, 40.83769307116709], [-73.8821309654971, 40.837689008638996], [-73.8821296721537, 40.8376848695447], [-73.8821283905985, 40.837680769183706], [-73.8821271090435, 40.83767666882271], [-73.8821257638233, 40.83767236488482], [-73.8821253594299, 40.837671072261905], [-73.88212424170639, 40.8376681922384], [-73.8821226211795, 40.83766401949131], [-73.882121021899, 40.837659900795614], [-73.8821194320578, 40.8376558082239], [-73.882114908046, 40.837644155702705], [-73.88210815802418, 40.83762677286001], [-73.88209585432368, 40.837589333026884], [-73.88208882684879, 40.83756794630028], [-73.88207795484179, 40.8375348645213], [-73.8820582498704, 40.83747490655202], [-73.88203748118359, 40.8374117246206], [-73.882031761598, 40.83739431220972], [-73.8820308417174, 40.83739152874049], [-73.8820251816577, 40.837373981316], [-73.88200256500218, 40.8373038816881], [-73.88198109220359, 40.83723732216932], [-73.881974455811, 40.837216749881705], [-73.8819726045051, 40.837211012736795], [-73.881970753201, 40.8372052746915], [-73.8819689042591, 40.8371995420514], [-73.8819670494164, 40.8371937940969], [-73.8819651544837, 40.83718792093251], [-73.8819633090789, 40.837182200002395], [-73.8819632501188, 40.8371820180422], [-73.8819612325529, 40.837175764743414], [-73.8819581749541, 40.83716628931101], [-73.8819548838843, 40.83715608784069], [-73.8819428987804, 40.83711894007432], [-73.8819279135295, 40.83706200356631], [-73.881922665644, 40.83704205944081], [-73.8819183045665, 40.837025492177396], [-73.8819149869485, 40.83701288725829], [-73.8818918071354, 40.8369061729132], [-73.88188940506589, 40.83689010832951], [-73.8818781516577, 40.8368148595716], [-73.88187097357789, 40.83676686305559], [-73.8818652074319, 40.8367263159768], [-73.88186270801609, 40.836676941992096], [-73.88186046600589, 40.836627502534405], [-73.88185848375448, 40.83657800751169], [-73.88185676005949, 40.836528465927714], [-73.88185529490438, 40.83647888678719], [-73.881854090644, 40.8364292790978], [-73.8818531460777, 40.83637965096251], [-73.8818539912523, 40.83634637404352], [-73.88185558453779, 40.836313113199104], [-73.8818579223587, 40.836279878330885], [-73.8818610058818, 40.836246679345614], [-73.8818648339044, 40.83621352524679], [-73.88186940403659, 40.836180425937506], [-73.88187471744519, 40.83614739132419], [-73.8818807705564, 40.83611443040819], [-73.8818875621658, 40.8360815530934], [-73.8818950910691, 40.83604876928399], [-73.8819033536923, 40.83601608798109], [-73.8819123488313, 40.835983519088785], [-73.8819260414877, 40.835935563746816], [-73.88194044055679, 40.83588772438919], [-73.8819555436533, 40.835840008217296], [-73.8819713483915, 40.8357924224323], [-73.8819878523925, 40.835744970633606], [-73.8820050556404, 40.8356976609251], [-73.8820229533803, 40.8356504996054], [-73.8820415444171, 40.83560349117509], [-73.88206082636388, 40.83555664373619], [-73.8820807968416, 40.835509960887684], [-73.8820777623589, 40.835514903303206]]]}}, {"type": "Feature", "properties": {"layer": "road", "label": "roadbed", "method": "official current vector data"}, "geometry": {"type": "Polygon", "coordinates": [[[-73.8820023624303, 40.83547206618731], [-73.8820053377913, 40.835473052571714], [-73.8820076779527, 40.83547387171461], [-73.8820085844822, 40.835471465619094], [-73.88201648959559, 40.83545043724421], [-73.88200380570478, 40.83546985424729], [-73.8820023624303, 40.83547206618731]]]}}, {"type": "Feature", "properties": {"layer": "road", "label": "roadbed", "method": "official current vector data"}, "geometry": {"type": "Polygon", "coordinates": [[[-73.8764973559766, 40.83621976761119], [-73.8765564192021, 40.8362150095909], [-73.8765679678832, 40.8362140791325], [-73.87656832399242, 40.836213854389904], [-73.8765687037976, 40.83621363867761], [-73.8765690954425, 40.836213431982905], [-73.8766055621888, 40.8362089595234], [-73.876641805412, 40.83620354129372], [-73.87667778949148, 40.8361972042706], [-73.87671346703358, 40.8361899303941], [-73.87674880241788, 40.83618174664111], [-73.8767837482174, 40.83617265296109], [-73.8768182688285, 40.8361626673266], [-73.876837060461, 40.83615667208891], [-73.87685232866409, 40.83615179870478], [-73.87688586844129, 40.8361400470327], [-73.8769341194144, 40.836123277282404], [-73.87698166104599, 40.83610539014159], [-73.87702846957158, 40.836086412600714], [-73.8770744856743, 40.836066362607404], [-73.8771196856235, 40.836045249142096], [-73.8772061925489, 40.83600518820641], [-73.8772913743998, 40.8359635319198], [-73.87737519555378, 40.8359203072624], [-73.8775368668911, 40.83583116794961], [-73.8776198406972, 40.835780469006586], [-73.8777133807398, 40.83572331385239], [-73.877886721889, 40.83561253852089], [-73.8780313425693, 40.8355168698795], [-73.8780317813004, 40.83551684332861], [-73.8780322200315, 40.8355168167777], [-73.8780326705859, 40.8355168082492], [-73.87803310925099, 40.8355168177181], [-73.8780335597724, 40.835516827199406], [-73.8780339984044, 40.835516854678104], [-73.87803444887629, 40.83551689117431], [-73.8780348874588, 40.83551694566779], [-73.8780353260414, 40.8355170001613], [-73.8780357527347, 40.835517072652024], [-73.8780361912512, 40.83551716316529], [-73.87803661791149, 40.83551725366599], [-73.87803703268249, 40.8355173621639], [-73.87803745929318, 40.83551747967941], [-73.8780378621749, 40.835517606174704], [-73.8780382768964, 40.835517741687504], [-73.87803866787229, 40.83551789518509], [-73.8780390588318, 40.835518057687594], [-73.8780394497748, 40.83551822919501], [-73.8780398288614, 40.83551840068991], [-73.8780401960589, 40.83551859018209], [-73.8780405513835, 40.83551878866682], [-73.8780408948189, 40.835519005148704], [-73.8780412382542, 40.83551922163069], [-73.8780415698169, 40.83551944710499], [-73.8780418895067, 40.8355196815717], [-73.8780421973238, 40.83551992503089], [-73.8780422801856, 40.83551999715811], [-73.8780424932681, 40.83552017748238], [-73.8780427773562, 40.8355204299214], [-73.87804306141119, 40.8355207003703], [-73.8780433217537, 40.835520970793986], [-73.8780435702235, 40.83552125021019], [-73.8780438068205, 40.8355215386188], [-73.87804403156119, 40.8355218270148], [-73.8780442325564, 40.8355221333956], [-73.8780444335682, 40.83552243077151], [-73.8780446108509, 40.83552273712719], [-73.8780447881171, 40.83552305248789], [-73.8780449416707, 40.8355233678235], [-73.8780450714954, 40.83552369213901], [-73.87804520132, 40.8355240164544], [-73.87804530743219, 40.8355243407448], [-73.87804540167149, 40.83552467402759], [-73.8780454840546, 40.83552500729792], [-73.8780455427252, 40.835525340543], [-73.87804560139578, 40.83552567378819], [-73.8780456363373, 40.835526016013304], [-73.8780456475829, 40.835526349208315], [-73.8780456588119, 40.835526691408184], [-73.8780456463449, 40.83552702457821], [-73.87804561014889, 40.83552736672801], [-73.8780455739693, 40.83552769987289], [-73.8780455140773, 40.83552803299271], [-73.878045442329, 40.83552836609999], [-73.87804534686819, 40.835528699182206], [-73.8780452514074, 40.8355290322644], [-73.8780451322505, 40.835529356316506], [-73.8780449893812, 40.83552968034371], [-73.8780448465283, 40.835529995365896], [-73.8780446918192, 40.83553031037551], [-73.878044513414, 40.8355306163552], [-73.8780443231526, 40.8355309223223], [-73.87804412103499, 40.8355312282768], [-73.8780438952378, 40.83553151619651], [-73.87804366944059, 40.835531804116094], [-73.8780434199308, 40.835532092010595], [-73.8780431704377, 40.8355323709003], [-73.878042897265, 40.835532631754994], [-73.87804261221949, 40.83553290160201], [-73.87804232720698, 40.83553315343929], [-73.87804201849849, 40.835533396246504], [-73.8780416979337, 40.83553363904112], [-73.87804137740198, 40.83553386382601], [-73.8780410450139, 40.835534088598195], [-73.87804070078619, 40.835534304353004], [-73.87804034473508, 40.835534502085416], [-73.8777558810519, 40.835719360708204], [-73.87762922381299, 40.8357972200636], [-73.87761229279448, 40.83580762802911], [-73.877466526423, 40.83589381271312], [-73.87737286344829, 40.835944086853594], [-73.8772774491311, 40.83599244100022], [-73.87718036653669, 40.836038839217096], [-73.8768820814605, 40.83618107854229], [-73.8768085362731, 40.83621305763032], [-73.8767153480749, 40.836253582084275], [-73.8766045957203, 40.836301745481286], [-73.87660441759039, 40.836301898374906], [-73.8766042157644, 40.83630204223811], [-73.8766040139384, 40.83630218610142], [-73.8766038121124, 40.836302329964596], [-73.87660359844669, 40.836302464810295], [-73.8766033847976, 40.836302590651], [-73.87660315930889, 40.8363027074741], [-73.8766029219638, 40.836302824284495], [-73.8766026964918, 40.836302932102605], [-73.8766024473071, 40.83630303989542], [-73.8766022100121, 40.836303129691004], [-73.8766019608607, 40.83630321947391], [-73.8766016998529, 40.8363033092441], [-73.8766014507348, 40.83630338101721], [-73.8766011897604, 40.8363034527776], [-73.87660092880269, 40.836303515533], [-73.87660066786171, 40.8363035692835], [-73.8766003950643, 40.836303623021394], [-73.8766001223003, 40.8363036587493], [-73.87659984953629, 40.83630369447729], [-73.87659957677229, 40.836303730205294], [-73.876548693584, 40.83632107061329], [-73.87648035733318, 40.83634435898789], [-73.87647808916638, 40.83634565327151], [-73.8764757630034, 40.83634689346311], [-73.8764733776754, 40.8363480705567], [-73.8764709450554, 40.836349175559995], [-73.87646846511, 40.8363502264829], [-73.8764659378727, 40.836351205315594], [-73.87645392368461, 40.836355597716775], [-73.87645392368461, 40.836363898194904], [-73.87647697778529, 40.836369515194995], [-73.87649744473069, 40.83637442679972], [-73.8764974956898, 40.8363744394612], [-73.8765135149054, 40.83637828011441], [-73.8765503259524, 40.8363863879542], [-73.8765873872626, 40.83639381167391], [-73.876622057776, 40.8363804313931], [-73.8766833044942, 40.8363568048732], [-73.8767445393125, 40.83633317830811], [-73.87676235178658, 40.83632583399551], [-73.87692209433659, 40.83625996857869], [-73.8770965621404, 40.836182594999414], [-73.8772677647401, 40.83610112042942], [-73.8774355478342, 40.83601562576352], [-73.87759972152199, 40.83592620986959], [-73.877686758382, 40.83587561244451], [-73.87776015523718, 40.83583294466401], [-73.8777824101182, 40.83581910062691], [-73.8779395361076, 40.83571963626029], [-73.87809314483599, 40.8356170522485], [-73.8780992931463, 40.8356127228637], [-73.87819573687972, 40.83554480496902], [-73.8782431425017, 40.83551142054581], [-73.878389398551, 40.83540281306801], [-73.8785166380813, 40.8353031939267], [-73.87852326927428, 40.83529800145309], [-73.87865333867869, 40.835190475191986], [-73.8787795354817, 40.835080315267106], [-73.8787973663501, 40.8350638675544], [-73.8789017409949, 40.834967593606], [-73.87891411842983, 40.83495549115869], [-73.87876574866593, 40.83495549115869], [-73.87864608601649, 40.835063186192315], [-73.8786386542057, 40.83506987445348], [-73.8784724246765, 40.835209231122704], [-73.8784045535524, 40.835262508514205], [-73.87830026217229, 40.83534437597812], [-73.87812236850961, 40.8354751651273], [-73.8781221190994, 40.83547539899239], [-73.8781218578659, 40.83547561483519], [-73.8781215847763, 40.835475830665416], [-73.87812129984681, 40.83547603747811], [-73.8781210149338, 40.835476235286016], [-73.87812070632478, 40.83547642406379], [-73.87812039771589, 40.835476612841596], [-73.8781200772836, 40.835476783597], [-73.8781197568514, 40.83547695435249], [-73.8781194245959, 40.83547710708552], [-73.87811908048418, 40.835477259805984], [-73.8781187363889, 40.83547740352161], [-73.8781183923266, 40.83547752922731], [-73.8781180245519, 40.835477654908], [-73.8781176686663, 40.835477762591296], [-73.8781172890683, 40.835477870249484], [-73.8781169213595, 40.83547795991049], [-73.8781165418109, 40.83547804055389], [-73.8781161622789, 40.8354781121924], [-73.8781157827633, 40.83547817482602], [-73.878115391408, 40.835478228442106], [-73.8781150000692, 40.835478273053305], [-73.87811462061958, 40.835478299667216], [-73.8781142293137, 40.835478326268515], [-73.87811383804092, 40.8354783348599], [-73.87811343492828, 40.83547833443391], [-73.87811304368849, 40.8354783250155], [-73.8781126524652, 40.8354783065922], [-73.87811226125828, 40.83547827916391], [-73.8781118819407, 40.835478233738286], [-73.8781114907668, 40.835478188300094], [-73.878111099626, 40.8354781248522], [-73.8781107203579, 40.835478052411815], [-73.87811035296248, 40.8354779709789], [-73.8781099737274, 40.83547788052871], [-73.878109606365, 40.835477781086], [-73.87810923901918, 40.83547767263839], [-73.87810888354609, 40.835477555198295], [-73.878108528106, 40.83547741974849], [-73.87810818452209, 40.83547728431109], [-73.87810784095468, 40.83547713986879], [-73.8781075092766, 40.83547697742922], [-73.87810717759858, 40.835476814989484], [-73.87810685779318, 40.835476643557506], [-73.87810654986059, 40.83547646313309], [-73.87810624196099, 40.83547626469879], [-73.87810594590118, 40.8354760752819], [-73.87810567358679, 40.8354758678803], [-73.8781053894327, 40.83547565146121], [-73.87810534207368, 40.8354756153913], [-73.8781051289911, 40.83547543506721], [-73.8781048804222, 40.83547520968069], [-73.87810463186989, 40.8354749752893], [-73.8781043951903, 40.8354747319055], [-73.87810417036698, 40.83547448853429], [-73.8781039692726, 40.8354742361831], [-73.87810376819479, 40.8354739748271], [-73.8781035789732, 40.835473713483594], [-73.8781034016079, 40.835473452152605], [-73.8781032361153, 40.8354731818292], [-73.8781030943517, 40.835472902525915], [-73.8781029525882, 40.83547262322261], [-73.8781028226808, 40.83547234393191], [-73.8781027165025, 40.8354720556613], [-73.8781026221805, 40.8354717674032], [-73.8781025278584, 40.8354714791451], [-73.8781024572654, 40.8354711819072], [-73.8781023985285, 40.8354708846818], [-73.8781023516315, 40.8354705964738], [-73.8781023284634, 40.83547029928603], [-73.87810230531188, 40.83546999309321], [-73.8781023058563, 40.83546969593043], [-73.87810230640069, 40.83546939876769], [-73.8781023306577, 40.83546910163], [-73.8781023667709, 40.83546880450479], [-73.8781024265966, 40.8354685074047], [-73.8781024864058, 40.835468219309526], [-73.8781025580878, 40.835467922222], [-73.87810265346569, 40.8354676341644], [-73.8781027606999, 40.8354673461193], [-73.8781028679177, 40.835467067079186], [-73.87810299886429, 40.8354667790592], [-73.8781031416508, 40.83546650005659], [-73.878103296277, 40.835466230071596], [-73.8781034627595, 40.835465960099015], [-73.8781036410817, 40.835465699143896], [-73.8781038431164, 40.83546543821391], [-73.8781040451511, 40.8354651772839], [-73.8781042590091, 40.83546493437631], [-73.8781044847233, 40.83546469148122], [-73.87810472229368, 40.83546444859859], [-73.87810497170389, 40.835464214733605], [-73.8781052210976, 40.8354639898734], [-73.8781054941874, 40.8354637740432], [-73.8781057672606, 40.835463567218014], [-73.87821685030289, 40.83538495428749], [-73.8783250561873, 40.835304059961814], [-73.8784283391367, 40.83522249758029], [-73.8784303018044, 40.83522094719571], [-73.8785325040628, 40.8351356699395], [-73.87873566159658, 40.83495549115869], [-73.87858189307471, 40.83495549115869], [-73.8784685452802, 40.835055422485716], [-73.8783051786396, 40.8351909278125], [-73.8782894176916, 40.8352034983008], [-73.8782785795135, 40.83521214242109], [-73.8782534218236, 40.83523220591151], [-73.8781486557397, 40.83531295072109], [-73.8780412468032, 40.8353916665263], [-73.8780323870386, 40.835397905692204], [-73.8780010994545, 40.8354199419325], [-73.8779767484305, 40.83543709131301], [-73.8778862682155, 40.83549861642281], [-73.8777941530795, 40.83555872595171], [-73.8777419010806, 40.83559170973599], [-73.8776861733688, 40.83562565334011], [-73.8776304456167, 40.83565958791219], [-73.8775747059349, 40.835693531449515], [-73.87751897806899, 40.835727465967395], [-73.87751599285659, 40.83572928449852], [-73.8774632501298, 40.835761409463096], [-73.8774075221337, 40.83579535293159], [-73.8773011199699, 40.835855077675], [-73.8771925521618, 40.83591249474701], [-73.87708187809659, 40.835967550175106], [-73.8770338540152, 40.835989939317585], [-73.8769849309335, 40.83601118385278], [-73.87693519184769, 40.836031283868], [-73.8768846486827, 40.83605020335501], [-73.87688152727618, 40.83605128061699], [-73.8768333607389, 40.836067933371304], [-73.8767813754606, 40.836084464961615], [-73.87674838513928, 40.83609402898791], [-73.8767150050837, 40.836102764132804], [-73.87668124720129, 40.836110643394015], [-73.8766471707584, 40.83611767583939], [-73.87661279948559, 40.8361238524892], [-73.8765781808598, 40.83612914637899], [-73.8765433622743, 40.836133575569285], [-73.8765083556203, 40.83613712206269], [-73.8765049049236, 40.83613738401401], [-73.8764953188668, 40.83613811035441], [-73.8764732201809, 40.8361397859226], [-73.87645392368461, 40.83614075634472], [-73.87645392368461, 40.83622326705116], [-73.8764973559766, 40.83621976761119]]]}}, {"type": "Feature", "properties": {"layer": "road", "label": "roadbed", "method": "official current vector data"}, "geometry": {"type": "Polygon", "coordinates": [[[-73.87978781744249, 40.8373392092052], [-73.87979783884748, 40.8373390980828], [-73.8798188209231, 40.8373394090063], [-73.8798397664501, 40.837340261985695], [-73.87985927266018, 40.837342386761506], [-73.8798686561787, 40.8373435896907], [-73.8798787224807, 40.83734487977772], [-73.8798980756074, 40.8373477364896], [-73.8799172952969, 40.837350950555795], [-73.8799363424339, 40.83735451563211], [-73.87988671838988, 40.837334475685005], [-73.8797925345666, 40.8373014914995], [-73.87979296094788, 40.83730174408231], [-73.8797933754563, 40.8373020056578], [-73.8797937780919, 40.837302276225806], [-73.8797941688383, 40.837302564791294], [-73.8797945488975, 40.83730286235068], [-73.8797949147289, 40.837303159895214], [-73.87979526985679, 40.8373034754384], [-73.8797956012553, 40.837303799961894], [-73.8797959326375, 40.8373041334903], [-73.87979624029029, 40.83730447599889], [-73.8797965242299, 40.8373048184828], [-73.8797967962967, 40.83730516995931], [-73.8797970564744, 40.8373055394332], [-73.8797973047955, 40.837305908894805], [-73.8797973497187, 40.83730598188169], [-73.8797975294034, 40.8373062783317], [-73.8797977421385, 40.83730665676112], [-73.8797979311442, 40.8373070441708], [-73.8797980964205, 40.83730744056071], [-73.879798261713, 40.8373078279457], [-73.8797983914032, 40.8373082333035], [-73.87979850925319, 40.8373086296439], [-73.87979861523029, 40.83730903497702], [-73.87979869749418, 40.8373094402853], [-73.8797987560287, 40.837309854573896], [-73.8797988027229, 40.83731025984511], [-73.8797988375443, 40.8373106741089], [-73.8797988367959, 40.83731108833572], [-73.8797988360475, 40.83731150256251], [-73.8797987997456, 40.837311907747285], [-73.8797987515709, 40.837312321924614], [-73.87979869155589, 40.83731272708471], [-73.87979859597118, 40.837313132207605], [-73.8797985003864, 40.83731353733061], [-73.87979838108849, 40.83731394242893], [-73.8797982380937, 40.8373143384975], [-73.87979808324229, 40.83731473455381], [-73.879797904694, 40.83731512158039], [-73.87979770243248, 40.83731550858229], [-73.87979750018728, 40.83731588657931], [-73.879797274229, 40.837316264551596], [-73.8797970245737, 40.83731663349431], [-73.8797967630782, 40.83731699341959], [-73.8797964897423, 40.837317344327694], [-73.8797961926933, 40.83731769521099], [-73.87979588382018, 40.8373180280721], [-73.8797955630905, 40.83731836092088], [-73.87979521866389, 40.8373186847401], [-73.8797948742537, 40.8373189995542], [-73.87979450616278, 40.83731929633392], [-73.87979411435869, 40.83731959308871], [-73.8797937225872, 40.83731987183381], [-73.879793318959, 40.837320150566484], [-73.8797929035068, 40.837320411276906], [-73.87979246435779, 40.837320662957815], [-73.8797920252412, 40.83732089662869], [-73.8797915742681, 40.8373211302873], [-73.87979111147088, 40.83732134592371], [-73.8797906487063, 40.8373215435503], [-73.87979016222849, 40.83732174115201], [-73.8797896757833, 40.83732192074401], [-73.87978917751398, 40.8373220823137], [-73.8797886674044, 40.8373222348662], [-73.87978815732728, 40.8373223694087], [-73.8797876472665, 40.83732249494642], [-73.8797871253654, 40.8373226114668], [-73.8797865916402, 40.837322709964894], [-73.8797860698042, 40.83732279046549], [-73.87978553612778, 40.83732286194889], [-73.8797849906112, 40.83732292441491], [-73.8797844569999, 40.837322959878506], [-73.8797842411906, 40.837322970459496], [-73.87978781744249, 40.8373392092052]]]}}, {"type": "Feature", "properties": {"layer": "road", "label": "roadbed", "method": "official current vector data"}, "geometry": {"type": "Polygon", "coordinates": [[[-73.8807225529427, 40.83738829216892], [-73.8807515765552, 40.8373989858373], [-73.8808111393579, 40.8373143279663], [-73.8808119120748, 40.83731319053959], [-73.8808124874497, 40.837312344669215], [-73.8808210634069, 40.83729972589442], [-73.88082351588729, 40.83729611744491], [-73.8809173994565, 40.83715797317379], [-73.8811714612394, 40.836699763629404], [-73.8814395652008, 40.836188670161796], [-73.8815365556132, 40.8359860711366], [-73.881560335432, 40.83593639724771], [-73.8815695917233, 40.835917062322196], [-73.88157482799039, 40.83590612308431], [-73.88156855246329, 40.83591675778831], [-73.88155745939352, 40.83593555503311], [-73.881516217093, 40.836005440600516], [-73.88123170029368, 40.836466103161214], [-73.8811640616372, 40.8365756146997], [-73.8809458340607, 40.836920677151376], [-73.88094581503708, 40.83692070684811], [-73.8809073015364, 40.836981603564396], [-73.8807277103262, 40.837263430411305], [-73.88071955850968, 40.837276223413404], [-73.88069642640879, 40.837312523642105], [-73.8806627307705, 40.837366266324096], [-73.8806631976132, 40.8373664379011], [-73.8806765559288, 40.8373713603178], [-73.8806792551592, 40.837367022726106], [-73.88070768759619, 40.8373205776074], [-73.8807316059818, 40.83728152267591], [-73.88073191158848, 40.83728102501841], [-73.88073613185021, 40.8372741324938], [-73.8807398062931, 40.8372681326953], [-73.88074228446159, 40.837264085733224], [-73.8807645760644, 40.837227687372604], [-73.88079322144539, 40.837181440561], [-73.88094305719899, 40.8369518521133], [-73.8809442795376, 40.836949903804005], [-73.8810900949651, 40.836717623030715], [-73.88116009995568, 40.83663294241751], [-73.8812359509948, 40.836533095344315], [-73.88124405066799, 40.83653678760839], [-73.88116777998968, 40.8366784145093], [-73.881144456664, 40.8367191378642], [-73.8811211332937, 40.83675987021911], [-73.88109780991088, 40.83680059356409], [-73.8810010365969, 40.836975859703195], [-73.88089102310698, 40.83714352271519], [-73.8808625881924, 40.837184844062996], [-73.88083415325849, 40.837226156398515], [-73.8808301293303, 40.8372320036554], [-73.88080571828928, 40.8372674687267], [-73.8807940090602, 40.83728448227809], [-73.8807914437282, 40.83728820947562], [-73.88078278008298, 40.83730079754079], [-73.88078229031558, 40.837301509325805], [-73.8807772832848, 40.83730878104759], [-73.8807488363722, 40.83735010235392], [-73.8807225529427, 40.83738829216892]]]}}, {"type": "Feature", "properties": {"layer": "road", "label": "roadbed", "method": "official current vector data"}, "geometry": {"type": "Polygon", "coordinates": [[[-73.880253921482, 40.8379363239664], [-73.8802275611822, 40.83793657665022], [-73.8802086937252, 40.83796152686998], [-73.8801754926545, 40.838002281184586], [-73.8801573859583, 40.8380228476782], [-73.8801269656728, 40.8380521694875], [-73.88011062847839, 40.838065876044205], [-73.8800930380547, 40.83807824766321], [-73.8800578561598, 40.8381035609052], [-73.87995207041558, 40.838175118509795], [-73.879857333019, 40.83824249392261], [-73.8797839604827, 40.838291975288], [-73.87973018521481, 40.83833003986181], [-73.879695496468, 40.8383605007332], [-73.87963993756162, 40.838412477845296], [-73.879594936994, 40.83845531692851], [-73.8795642597232, 40.838487497389416], [-73.87953509356458, 40.838517391263814], [-73.8794805493759, 40.838563461213504], [-73.879460445661, 40.83857811646459], [-73.87943757875848, 40.83859372244759], [-73.87938015060939, 40.8386353507976], [-73.8794033289791, 40.838621925248795], [-73.8794594766634, 40.838589404050694], [-73.8794791490444, 40.8385772283109], [-73.87949460206289, 40.83856674649209], [-73.8795083684945, 40.83855656367449], [-73.8795258673275, 40.838543174491], [-73.8795263743433, 40.838542771598995], [-73.8795581132622, 40.83851756388529], [-73.87957419072099, 40.83850402102651], [-73.8795944134548, 40.838486469889524], [-73.87964509713679, 40.838441594415414], [-73.8796725409722, 40.83841729528942], [-73.87972260525848, 40.83837393376649], [-73.87974104935849, 40.838358370841505], [-73.8797451424457, 40.8383550225679], [-73.8797517184571, 40.8383496435662], [-73.8797563826983, 40.83834582853111], [-73.87977756529199, 40.838329178856725], [-73.8797999000434, 40.8383120450125], [-73.87981848095478, 40.8382981778487], [-73.8798338150126, 40.838287191583206], [-73.87986039922538, 40.8382693885844], [-73.87986358534799, 40.8382673036562], [-73.8798917879805, 40.83824885127831], [-73.8798977304987, 40.838244962827396], [-73.8799086029531, 40.8382378494355], [-73.8799422781313, 40.83821508126971], [-73.8799801960241, 40.83818881098329], [-73.88001520990419, 40.83816400186749], [-73.8800430839046, 40.838143640062114], [-73.8800502752726, 40.83813824097182], [-73.8800750752175, 40.83811961931911], [-73.8800764168453, 40.8381186121601], [-73.88010180544559, 40.8380990131766], [-73.8801211861945, 40.83808337732328], [-73.88013645068078, 40.838070148713584], [-73.8801515927371, 40.838055770043], [-73.8801540099254, 40.838053359229214], [-73.88016953694569, 40.838037870646495], [-73.8801867448934, 40.83801994256698], [-73.88019698930428, 40.83800863939461], [-73.88019925369339, 40.83800614197371], [-73.88021106708189, 40.837992017379214], [-73.8802259074455, 40.8379733052056], [-73.880253921482, 40.8379363239664]]]}}, {"type": "Feature", "properties": {"layer": "road", "label": "roadbed", "method": "official current vector data"}, "geometry": {"type": "Polygon", "coordinates": [[[-73.88113869437699, 40.8379993390437], [-73.88110261053718, 40.838003471142606], [-73.8810571100487, 40.8380102742922], [-73.8810096464419, 40.838018861979684], [-73.880976694539, 40.83802597610618], [-73.8808682363993, 40.8380543900005], [-73.8808699646612, 40.838058614204506], [-73.8808484538622, 40.838072028264], [-73.88082018308809, 40.838089658654106], [-73.88080365916122, 40.83810045561789], [-73.88079028481698, 40.83810968537211], [-73.8807809006628, 40.8381167076346], [-73.8807698069818, 40.83812559305329], [-73.8807449667648, 40.838146945112996], [-73.88071490556739, 40.838174491672596], [-73.88068329433789, 40.83820486597461], [-73.8806662428493, 40.838222208967984], [-73.88064405667089, 40.83824589062932], [-73.8805699646721, 40.8383279246258], [-73.8805204871559, 40.83838159508449], [-73.8805016892148, 40.838401499951814], [-73.8804866257157, 40.83841702868039], [-73.8804706240181, 40.83843273473252], [-73.88045362242208, 40.83844864235739], [-73.8804389869268, 40.83846153487541], [-73.88042823518768, 40.83847010364121], [-73.8804191386547, 40.83847603477281], [-73.880407098027, 40.8384826517294], [-73.88035570118319, 40.838507672695485], [-73.8801675965267, 40.838541815076105], [-73.8799096332549, 40.83857681734871], [-73.8798559447952, 40.8385824822789], [-73.8798043532239, 40.83858649696181], [-73.87978892990658, 40.8385943458072], [-73.8797417427032, 40.8386169656661], [-73.8797398949925, 40.838617851627106], [-73.8796900319231, 40.838640329998704], [-73.87963970970908, 40.8386616363263], [-73.8796393881433, 40.838661771965306], [-73.8796068343722, 40.83867466819052], [-73.87986274482029, 40.83863296657918], [-73.8802382820673, 40.8385747952614], [-73.8804450849198, 40.83854332950762], [-73.8804743376263, 40.838533676808], [-73.88049188783339, 40.83852721953772], [-73.8805000968367, 40.838523625164605], [-73.8805102161205, 40.83851862799851], [-73.88052094979298, 40.83851285524171], [-73.8805331915305, 40.838505828756595], [-73.88054651058748, 40.83849773900141], [-73.880559087306, 40.83848970430662], [-73.8805712445497, 40.838481525097116], [-73.8805810022404, 40.838474517646596], [-73.8805905778428, 40.838466566288595], [-73.8806019908898, 40.83845551102642], [-73.8806126965373, 40.838444201992], [-73.8806452716337, 40.8384086724763], [-73.88087555921629, 40.83816558252391], [-73.88090000352939, 40.8381421615915], [-73.8809169345522, 40.8381264960604], [-73.88093110768759, 40.83811414330061], [-73.88094335530909, 40.83810442610002], [-73.88095521477359, 40.838096278959995], [-73.880972278969, 40.83808569054629], [-73.8809928859069, 40.8380738018693], [-73.88101124118069, 40.838063936978514], [-73.881020218626, 40.83805956173159], [-73.88103037735289, 40.83805498959371], [-73.8810566937324, 40.83804417838279], [-73.8810878575142, 40.8380324914798], [-73.8811194397059, 40.838021536201104], [-73.88114614519588, 40.83801324675551], [-73.8811684872893, 40.8380070131398], [-73.881183562734, 40.83800390755639], [-73.8812192181924, 40.83799797850439], [-73.88113869437699, 40.8379993390437]]]}}, {"type": "Feature", "properties": {"layer": "road", "label": "roadbed", "method": "official current vector data"}, "geometry": {"type": "Polygon", "coordinates": [[[-73.8808661104168, 40.8380325787273], [-73.8808682363993, 40.8380543900005], [-73.880976694539, 40.83802597610618], [-73.8810096464419, 40.838018861979684], [-73.8810571100487, 40.8380102742922], [-73.88110261053718, 40.838003471142606], [-73.88113869437699, 40.8379993390437], [-73.8812192181924, 40.83799797850439], [-73.8812310013471, 40.837998675014184], [-73.88125683802248, 40.8380008429919], [-73.8812743608498, 40.83800296278458], [-73.8812917462947, 40.8380056605506], [-73.88130895998279, 40.83800893085181], [-73.8813259699142, 40.8380127664514], [-73.8813427429001, 40.8380171619124], [-73.8813592493168, 40.838022107298805], [-73.8813598382403, 40.8380223069138], [-73.8813733775663, 40.83802688994891], [-73.88137545598198, 40.838027593571795], [-73.88138440058358, 40.83803098322711], [-73.88139133327189, 40.83803361079549], [-73.88139479047, 40.838035066848306], [-73.8814048717912, 40.83803931404131], [-73.8814054357484, 40.838039551451196], [-73.8814068503801, 40.83804014723219], [-73.8814056532591, 40.8380392527107], [-73.8813995326614, 40.83803468271099], [-73.88139340140799, 40.8380301045955], [-73.88138729502239, 40.83802554451519], [-73.88138115785189, 40.83802096099011], [-73.88134654909989, 40.8379951163186], [-73.88131085219169, 40.83796845917132], [-73.88129617654108, 40.83796546703369], [-73.88127316395298, 40.837961415435714], [-73.8812499831048, 40.8379579705933], [-73.8812266648172, 40.83795513613989], [-73.8811966476939, 40.83795417771622], [-73.8811666068599, 40.8379538820242], [-73.88113656839438, 40.837954251792304], [-73.8811065583842, 40.8379552852464], [-73.8810766017292, 40.83795698151181], [-73.8810467233291, 40.83795933971349], [-73.881016948087, 40.8379623571759], [-73.88098730327559, 40.8379660321262], [-73.88095781261379, 40.8379703609871], [-73.8809335597577, 40.837974300830886], [-73.88090947776818, 40.837978828868984], [-73.8808855903662, 40.837983940623495], [-73.880861923644, 40.83798963161892], [-73.8808661104168, 40.8380325787273]]]}}, {"type": "Feature", "properties": {"layer": "road", "label": "roadbed", "method": "official current vector data"}, "geometry": {"type": "Polygon", "coordinates": [[[-73.8800514257183, 40.8384576628804], [-73.8800748789925, 40.83846790337801], [-73.88008991282868, 40.83847415493248], [-73.8801085111827, 40.838480865840516], [-73.8801308035141, 40.838487914668086], [-73.8801546391, 40.838494586886995], [-73.88017329618229, 40.83849897997278], [-73.8801815968384, 40.83850046270531], [-73.880192104078, 40.83850192881902], [-73.8802155349318, 40.83850422780381], [-73.8802405408159, 40.838505621621316], [-73.88025252520478, 40.83850588800351], [-73.8802621411851, 40.838505830449314], [-73.8802718682067, 40.83850534347359], [-73.8802827510633, 40.83850431109679], [-73.88029559975169, 40.83850263510449], [-73.8803088737566, 40.838500490394615], [-73.8803220654241, 40.83849797819592], [-73.8803346635448, 40.838495198833606], [-73.8803461604665, 40.83849225263649], [-73.8803560461646, 40.83848924083189], [-73.88036338700779, 40.838486441605], [-73.88037235341199, 40.8384823275407], [-73.8803817291004, 40.83847742866899], [-73.8803912991022, 40.83847194647759], [-73.8804020283627, 40.838465331764894], [-73.8804135442575, 40.8384577624421], [-73.88042523309758, 40.838449623284504], [-73.8804369833673, 40.83844094839499], [-73.88044478589079, 40.8384345944893], [-73.8804528058147, 40.838427345716894], [-73.88046179250638, 40.838418531985894], [-73.88047086339039, 40.8384090519756], [-73.88048888504788, 40.83838896621011], [-73.8805288988079, 40.83834239266529], [-73.8805658899599, 40.83830190782191], [-73.8806099616811, 40.838254954839584], [-73.8806528339404, 40.83821036439719], [-73.8806887038868, 40.83817417731431], [-73.8807054723893, 40.8381579290262], [-73.88072333973028, 40.838141172192], [-73.88074044125189, 40.838125662648615], [-73.8807567531777, 40.83811143639161], [-73.8807705679145, 40.83809994145219], [-73.8807836191393, 40.838089732528715], [-73.8807946054549, 40.83808186995941], [-73.88080347595009, 40.83807631407059], [-73.8808108125381, 40.83807254497808], [-73.88082087625499, 40.8380680691133], [-73.88086635348708, 40.8380497901306], [-73.8808682363993, 40.8380543900005], [-73.8808661104168, 40.8380325787273], [-73.880861923644, 40.83798963161892], [-73.8808163721724, 40.838010324749185], [-73.8807964916347, 40.838019792715706], [-73.88076820612379, 40.83803440371981], [-73.880741147649, 40.83804908352269], [-73.8807188563996, 40.83806197806631], [-73.8807035294156, 40.83807177490371], [-73.88069277915268, 40.838079574673905], [-73.88068127618318, 40.83808858573011], [-73.8806682594486, 40.83809938810359], [-73.88065497580588, 40.83811092230151], [-73.8806397389356, 40.838124671494086], [-73.8806301936663, 40.838133590019105], [-73.8806241211298, 40.838139264053794], [-73.880608905089, 40.838153952479594], [-73.8805944411818, 40.838168405752505], [-73.8805722780619, 40.83819178755941], [-73.88052039072349, 40.83824844966829], [-73.8804978003408, 40.8382726954928], [-73.8804761143942, 40.83829508362941], [-73.88045833033809, 40.83831228265401], [-73.88042211703248, 40.83834610821209], [-73.8804099934587, 40.83835666744802], [-73.8803986335282, 40.838365868628316], [-73.8803871029748, 40.8383743447325], [-73.8803767007687, 40.83838107414589], [-73.88036638473369, 40.83838669693999], [-73.8803573749109, 40.838390566924915], [-73.8803415724392, 40.83839569415651], [-73.88032282983339, 40.83840062472922], [-73.88030649935669, 40.838403981936615], [-73.88029905483249, 40.838405100729496], [-73.8802933269653, 40.838405675603994], [-73.8802827142526, 40.8384061643636], [-73.8802703557805, 40.83840623798311], [-73.88025827790788, 40.8384058787547], [-73.88024602065698, 40.838405050181194], [-73.8802353327239, 40.8384038531326], [-73.8802264735824, 40.838402393236805], [-73.8802185388135, 40.8384005290777], [-73.8802118367502, 40.83839822945848], [-73.8802015649229, 40.838393120190396], [-73.88018644082169, 40.8383843246596], [-73.8801028401513, 40.8384301612055], [-73.8800514257183, 40.8384576628804]]]}}, {"type": "Feature", "properties": {"layer": "road", "label": "roadbed", "method": "official current vector data"}, "geometry": {"type": "Polygon", "coordinates": [[[-73.88013146182118, 40.83836273941382], [-73.8801612593879, 40.838374438084294], [-73.88018644082169, 40.8383843246596], [-73.8802760480221, 40.8383351948758], [-73.8802920317476, 40.83832619481429], [-73.88044764704419, 40.8382385697075], [-73.88050296758668, 40.83820730783511], [-73.88052539195688, 40.83819494296219], [-73.8805970969363, 40.838131498131624], [-73.880683388558, 40.83805514534911], [-73.8804833319171, 40.8381596126087], [-73.88024553157159, 40.83829405472099], [-73.8802372055688, 40.83829876196591], [-73.88013146182118, 40.83836273941382]]]}}, {"type": "Feature", "properties": {"layer": "road", "label": "roadbed", "method": "official current vector data"}, "geometry": {"type": "Polygon", "coordinates": [[[-73.88233197673348, 40.8351654710375], [-73.8823026366051, 40.83520341497271], [-73.8822749431819, 40.835242080977096], [-73.88224895585849, 40.8352814060778], [-73.8822247192492, 40.835315611845395], [-73.88219694673639, 40.835356708185394], [-73.8822036461875, 40.83535900948902], [-73.88227386366019, 40.8353831334024], [-73.8823400880672, 40.835405875442206], [-73.88234101271924, 40.835404362244695], [-73.88234101271924, 40.83515462319929], [-73.88233197673348, 40.8351654710375]]]}}, {"type": "Feature", "properties": {"layer": "road", "label": "roadbed", "method": "official current vector data"}, "geometry": {"type": "Polygon", "coordinates": [[[-73.8823206021408, 40.83855645773209], [-73.8822345417826, 40.838508886823384], [-73.88221694827858, 40.838499045364884], [-73.8821379345218, 40.83845484672691], [-73.8820681600089, 40.83841581731461], [-73.88200416714318, 40.83838002114678], [-73.88197445558, 40.8383637710412], [-73.8818620532987, 40.838302296274605], [-73.8818063971185, 40.8382718565715], [-73.8818026362476, 40.8382697995901], [-73.8817371492905, 40.83823290674061], [-73.8817176881164, 40.83822194307509], [-73.881701466528, 40.83821280442951], [-73.8816932011587, 40.83820814849979], [-73.88168942678989, 40.83820501811141], [-73.8816862731952, 40.838201513753894], [-73.8816858226833, 40.838200821711986], [-73.88168491295059, 40.838200334511825], [-73.88168208899138, 40.8381988205852], [-73.8816802576837, 40.83819783806809], [-73.88167803547358, 40.8381966471357], [-73.88167500066498, 40.83819502043091], [-73.8816503798044, 40.8382358470041], [-73.8816198177431, 40.8382865233865], [-73.8816210157399, 40.83828626347262], [-73.8816222255454, 40.838286030585714], [-73.8816234471595, 40.83828582472581], [-73.88162466870959, 40.83828565488551], [-73.8816259020523, 40.83828552107711], [-73.8816271353469, 40.8382854142835], [-73.8816283804342, 40.838285343521804], [-73.8816296254735, 40.8382852997748], [-73.8816308704326, 40.838285301052416], [-73.8816310316796, 40.83828530391939], [-73.8816321272164, 40.8382853203521], [-73.8816333602066, 40.838285384651996], [-73.8816346050055, 40.83828547597891], [-73.8816358378836, 40.8382856033133], [-73.8816370707137, 40.83828575766249], [-73.8816382916228, 40.8382859480192], [-73.88163950062719, 40.83828616537861], [-73.8816407095676, 40.8382864187576], [-73.88164189473028, 40.838286708131996], [-73.88164306798829, 40.838287024509], [-73.8816442293413, 40.838287367888604], [-73.88164537877368, 40.8382877472758], [-73.8816465044444, 40.838288153653416], [-73.8816476063537, 40.83828858702142], [-73.88164869634208, 40.83828905639702], [-73.8816497507121, 40.83828955275092], [-73.88165079317739, 40.8382900761073], [-73.8816518118972, 40.83829061744931], [-73.8816700971316, 40.8383007775787], [-73.8817097106185, 40.83832278847631], [-73.881728379684, 40.83833314349681], [-73.88176306097479, 40.8383523793972], [-73.88178659128529, 40.8383654345715], [-73.8818164113625, 40.8383819792984], [-73.8818430392015, 40.838396748574304], [-73.8818697618138, 40.8384115701697], [-73.8818985514125, 40.838427539304384], [-73.88192312415319, 40.83844117003339], [-73.88196820322898, 40.83846617337661], [-73.8819764746994, 40.838470760854996], [-73.8820293810832, 40.838500114367505], [-73.88202982527689, 40.83850036065681], [-73.882083175918, 40.8385299514289], [-73.8820899536457, 40.8385337566433], [-73.88213765124799, 40.83856053386919], [-73.88215032426199, 40.83856764811762], [-73.88219212662798, 40.8385911162837], [-73.88221037275818, 40.838601356430814], [-73.882246602074, 40.8386216896673], [-73.8822704260595, 40.83863506381681], [-73.88230107755419, 40.83865227202988], [-73.88233484432239, 40.838671228571116], [-73.88234101271924, 40.838674691478495], [-73.88234101271924, 40.83856773969932], [-73.8823206021408, 40.83855645773209]]]}}, {"type": "Feature", "properties": {"layer": "road", "label": "roadbed", "method": "official current vector data"}, "geometry": {"type": "Polygon", "coordinates": [[[-73.87654733420739, 40.83663131034269], [-73.8765989796255, 40.83663590860631], [-73.87679024531332, 40.836652938829204], [-73.8769834625191, 40.8366732603237], [-73.8769895994308, 40.836673905319806], [-73.8770013741923, 40.83667514345061], [-73.8770604732341, 40.83668135863999], [-73.8770703259534, 40.83668265504828], [-73.8771045010949, 40.83668715161832], [-73.87716031738049, 40.8366944960812], [-73.87724088522779, 40.836705089734494], [-73.87729831364169, 40.8367126429601], [-73.87730245292549, 40.83671318766039], [-73.8773292776643, 40.83671671911829], [-73.8775158474018, 40.836745346018], [-73.8776247648697, 40.836762057750605], [-73.87764556640329, 40.83676566378859], [-73.8776933329103, 40.836773936868504], [-73.8778172070413, 40.8367953936771], [-73.87791866533648, 40.836812968008296], [-73.8780164260858, 40.83683029790751], [-73.87811353106679, 40.836849653144014], [-73.87812822244058, 40.83685291135011], [-73.87814848174749, 40.8368574046121], [-73.8782098973088, 40.8368710246268], [-73.87826285329238, 40.836883981020485], [-73.8783054536973, 40.83689440327781], [-73.8785524886436, 40.836950566374504], [-73.8787096915473, 40.83698794474089], [-73.87872870357589, 40.83699246540509], [-73.8787940913694, 40.83700801274131], [-73.8787985712035, 40.83700907823171], [-73.87898542811648, 40.837055965085895], [-73.87899984923479, 40.83705988295989], [-73.8791707258058, 40.837106307903], [-73.8792526348597, 40.8371302910102], [-73.8792652719899, 40.83713399176501], [-73.8792908057773, 40.837141468283114], [-73.8793147125253, 40.8371484694328], [-73.879332444099, 40.8371536613269], [-73.8793458858734, 40.8371575970433], [-73.87935433393999, 40.83716007053429], [-73.8793675667053, 40.837164191531386], [-73.87939102710969, 40.837171497466095], [-73.8794762266493, 40.8371980295534], [-73.87950166719648, 40.837205951672104], [-73.8795743746499, 40.83722859400539], [-73.8795911534447, 40.837234192789], [-73.8797326772353, 40.83728141920832], [-73.87977933208069, 40.8372969878726], [-73.8797920963126, 40.837301247909195], [-73.8797925345666, 40.8373014914995], [-73.87988671838988, 40.837334475685005], [-73.8799363424339, 40.83735451563211], [-73.8799172952969, 40.837350950555795], [-73.8798980756074, 40.8373477364896], [-73.8798787224807, 40.83734487977772], [-73.8798686561787, 40.8373435896907], [-73.87988773468659, 40.837354075109104], [-73.8799076624776, 40.837365026964406], [-73.8799171004639, 40.837370213734815], [-73.8799463975555, 40.837386314460495], [-73.87996078907362, 40.8373942231754], [-73.8799671296326, 40.83739770838501], [-73.8799733008103, 40.83740110066698], [-73.8799775649659, 40.83740344368889], [-73.8799797017824, 40.83740461745601], [-73.8799824876971, 40.8374061484944], [-73.8799927607584, 40.837411794479195], [-73.8799987074056, 40.837413460277894], [-73.8800083431542, 40.83741616008021], [-73.8800237363339, 40.83742091269511], [-73.8801070552465, 40.83745114339129], [-73.8801829485351, 40.83747868013801], [-73.88018563230898, 40.83747965365921], [-73.88019472159229, 40.83748295170712], [-73.88020379902798, 40.8374862452395], [-73.8802129605931, 40.83748956857501], [-73.88022207594588, 40.8374928765533], [-73.8802305467213, 40.83749594973291], [-73.88023123393309, 40.837496212490414], [-73.8802405563051, 40.837499783626704], [-73.8802609321171, 40.83750758685602], [-73.88027771073808, 40.8375140121931], [-73.88029450713259, 40.83752044565072], [-73.8803061482606, 40.83752490347379], [-73.8803083319351, 40.83752573959791], [-73.8803162467178, 40.8375287707715], [-73.8803860579759, 40.83755550683648], [-73.88043383109019, 40.837573802192], [-73.8804351924812, 40.83757432408909], [-73.8804717867708, 40.837588882493606], [-73.8804751066315, 40.83759020335761], [-73.88048321315908, 40.837593428324794], [-73.8805103229892, 40.8376042164232], [-73.88051289759969, 40.83760524115182], [-73.88052723153828, 40.83761094442469], [-73.8805475616562, 40.837619141072004], [-73.88058421567679, 40.83763413804341], [-73.88058570140969, 40.837634746515], [-73.880590522344, 40.837636719086895], [-73.88063003175009, 40.83765288063779], [-73.88063375556509, 40.837654404526596], [-73.8806396356572, 40.83765684014622], [-73.8806443949402, 40.83765881265201], [-73.8806516221334, 40.837661807071186], [-73.8806845956297, 40.83767562775811], [-73.8806961827455, 40.837680481703394], [-73.88071918518669, 40.8376901191744], [-73.88073644605119, 40.8376974364328], [-73.88074417665348, 40.837700714122], [-73.88075639907498, 40.837705691185384], [-73.8807778807323, 40.837714438284124], [-73.8807995377463, 40.837723256699114], [-73.8808223558745, 40.837732547268416], [-73.880842008212, 40.8377405495569], [-73.880862297978, 40.8377488118429], [-73.8808824100313, 40.837757000101206], [-73.88088649523608, 40.8377586639317], [-73.88089840168558, 40.8377639792396], [-73.88094831400979, 40.837786264880414], [-73.88100823715278, 40.837813089414816], [-73.88113719151518, 40.83785500892921], [-73.881180349829, 40.83787230867419], [-73.8812832163486, 40.837916745044204], [-73.8813762156399, 40.83796528643432], [-73.8814709216213, 40.8380189434113], [-73.8814502411337, 40.83801028371321], [-73.8814291755185, 40.83800217111622], [-73.88140775084739, 40.837994612850714], [-73.88138599318198, 40.83798762155042], [-73.88136392978278, 40.8379812026461], [-73.88134158790199, 40.83797536607099], [-73.8813189936109, 40.83797011905571], [-73.88131085219169, 40.83796845917132], [-73.88134654909989, 40.8379951163186], [-73.88138115785189, 40.83802096099011], [-73.88138729502239, 40.83802554451519], [-73.88139340140799, 40.8380301045955], [-73.8813995326614, 40.83803468271099], [-73.8814056532591, 40.8380392527107], [-73.8814068503801, 40.83804014723219], [-73.8814153813314, 40.838044119980296], [-73.8814219776861, 40.83804719114482], [-73.8814280451631, 40.83805030048662], [-73.8814366867596, 40.838054728096594], [-73.8814393414128, 40.838056097776104], [-73.88144763232168, 40.838060373741705], [-73.8814545337114, 40.83806393418652], [-73.8814610986825, 40.8380673195891], [-73.881467110451, 40.83807042076711], [-73.8815111865069, 40.83809315581501], [-73.8815471375153, 40.8381116988045], [-73.881583172648, 40.8381302859932], [-73.8816003361354, 40.838139138364916], [-73.8816097311025, 40.8381439827636], [-73.8816576595366, 40.838168705498695], [-73.881681508872, 40.83818100190529], [-73.8816867435701, 40.83818370245511], [-73.8816889409817, 40.83818483663071], [-73.88169088015339, 40.8381858372682], [-73.8816930278132, 40.838186945278316], [-73.8816952749784, 40.83818810471871], [-73.8816975387271, 40.83818927318099], [-73.8816997918144, 40.838190436229304], [-73.8817026833955, 40.83819192861299], [-73.8817030885244, 40.8381921379432], [-73.8817066032016, 40.83819395064139], [-73.88171131076048, 40.83819637869999], [-73.88171311015148, 40.8381973071542], [-73.88171641160329, 40.83819900977309], [-73.8817217138253, 40.83820174550979], [-73.8817278855384, 40.83820492878301], [-73.88172962333088, 40.83820582565651], [-73.8819264683368, 40.83831391647811], [-73.8819665028809, 40.838335899803106], [-73.88199931540049, 40.83835391805248], [-73.8820916572123, 40.83840545143191], [-73.8822675000695, 40.83850358413952], [-73.88227907374969, 40.838510147049604], [-73.88231237104088, 40.83852902927821], [-73.8823326412841, 40.83854052405911], [-73.88234101271924, 40.83854527136823], [-73.88234101271924, 40.83839534048486], [-73.8823092964722, 40.8383776061969], [-73.8821352913898, 40.8382803101871], [-73.88210687277538, 40.83826441983341], [-73.8819039189726, 40.838145671114894], [-73.8818270947473, 40.8381007207884], [-73.88181651497788, 40.8380947126549], [-73.8818016379205, 40.8380862642791], [-73.88179807974609, 40.83808424352501], [-73.8817945085424, 40.83808221555352], [-73.8817910688156, 40.83808026245761], [-73.8817907193944, 40.838080063990716], [-73.8817876942354, 40.8380783463487], [-73.88178487636098, 40.83807674598341], [-73.8817821994377, 40.83807522680701], [-73.881779362612, 40.838073615616096], [-73.8817770552472, 40.83807230573302], [-73.88177475617418, 40.83807100036099], [-73.8817726300349, 40.83806979331998], [-73.88177225337049, 40.838069579516706], [-73.8817704956039, 40.838068581768006], [-73.8817683232716, 40.8380673476647], [-73.88176627530838, 40.838066184828], [-73.8817623167825, 40.838063936737704], [-73.8817323719901, 40.83804693621761], [-73.8816951793872, 40.8380258265034], [-73.88168284898208, 40.838018826017894], [-73.8816685405119, 40.83801069788349], [-73.8816337405999, 40.837990941345815], [-73.8815972279544, 40.837970214107095], [-73.8815942016196, 40.83796849645869], [-73.8815936934802, 40.8379682077788], [-73.8815912143753, 40.837966799561805], [-73.88158819396439, 40.8379650846209], [-73.8815851877689, 40.83796337689849], [-73.88158202403808, 40.8379615798652], [-73.8815785606345, 40.8379596132313], [-73.8815766488921, 40.8379585279735], [-73.8815750178537, 40.83795761139639], [-73.8815715176963, 40.837955643823996], [-73.8815675674352, 40.8379534227504], [-73.88156358519169, 40.837951184534404], [-73.8815594762101, 40.837948874148516], [-73.88155536959698, 40.8379465655659], [-73.8815264266906, 40.837930293620396], [-73.88146027037749, 40.837896028467114], [-73.8813532458466, 40.83784016700529], [-73.88125687803, 40.83779241996571], [-73.8811545386501, 40.83774239744591], [-73.8809713726862, 40.837658476078815], [-73.8809630071609, 40.837654862765596], [-73.88095993391829, 40.83765353496631], [-73.88094429651248, 40.83764671558949], [-73.880924835951, 40.837638228149714], [-73.8809057616178, 40.83762991039833], [-73.8808874834362, 40.8376219392559], [-73.880869052426, 40.8376139022167], [-73.8808506676257, 40.83760588503308], [-73.8808323148185, 40.83759788138698], [-73.88079398020089, 40.8375811637132], [-73.8807725633171, 40.837572022267594], [-73.88075975963339, 40.837566556536814], [-73.8807296549205, 40.83755371137179], [-73.8807214741202, 40.83755024591309], [-73.88071655971619, 40.837548164290205], [-73.88070994043649, 40.8375453605081], [-73.8807070081202, 40.8375441319022], [-73.8806945762962, 40.837538916886196], [-73.8806686641299, 40.837528047224595], [-73.8806625708438, 40.8375254916199], [-73.88062925860028, 40.837511518392105], [-73.88059743894489, 40.837498304015696], [-73.8805835235728, 40.8374925957818], [-73.8805823873577, 40.8374921299503], [-73.88055493575278, 40.837480869655316], [-73.88054678202559, 40.837477523978016], [-73.8805432691231, 40.83747608224991], [-73.8805068545987, 40.837461143144694], [-73.8805025192117, 40.837459498852404], [-73.88039322229379, 40.837418031248106], [-73.8803836190533, 40.83741438779331], [-73.8803815917688, 40.83741361846942], [-73.88037962135708, 40.8374128708163], [-73.8803648343835, 40.83740726070641], [-73.8803326739097, 40.83739505895961], [-73.8803180942935, 40.837389527401804], [-73.880308649831, 40.83738594443861], [-73.8802992207733, 40.837382366893706], [-73.8802898331855, 40.83737880559991], [-73.8802806861239, 40.83737533550489], [-73.88027165636409, 40.8373719096552], [-73.8802605945841, 40.837367712672894], [-73.8802589618578, 40.8373670932385], [-73.8801817540696, 40.837338072061], [-73.8800830068257, 40.83730095460412], [-73.88007045089489, 40.83729623466351], [-73.8800585071245, 40.83729197371], [-73.8800553943988, 40.83729086286461], [-73.8800522698231, 40.83728974840492], [-73.8800492187112, 40.83728866013569], [-73.8800469057916, 40.83728783467819], [-73.8800452481201, 40.83728724313021], [-73.88004387008519, 40.83728675092739], [-73.8800272151662, 40.837280809250295], [-73.8800075126949, 40.837273780204605], [-73.8799878564376, 40.83726676831309], [-73.8799693270212, 40.837260158311], [-73.8799511744071, 40.83725368197139], [-73.8799326319656, 40.83724706654691], [-73.87991400539978, 40.83724042131549], [-73.8798952556075, 40.83723373272899], [-73.879862931659, 40.83722220064848], [-73.87985504098819, 40.83721963682539], [-73.8798545030157, 40.83721946156909], [-73.8796001177841, 40.837136808243194], [-73.87955701611439, 40.837122765952806], [-73.8794714242713, 40.83709487827042], [-73.87945225996359, 40.837088634923305], [-73.8794512136462, 40.837088294343204], [-73.8794301584154, 40.8370819436583], [-73.8794128359642, 40.8370767188886], [-73.8793991633408, 40.837072594735204], [-73.87937323655268, 40.83706477474149], [-73.87934965490018, 40.8370576622825], [-73.8793242649306, 40.8370500049284], [-73.8793151320795, 40.83704725066471], [-73.87926662500419, 40.8370326217903], [-73.8791984534092, 40.8370136715385], [-73.87908010895909, 40.83698077402302], [-73.8788883837613, 40.83692810013289], [-73.8788653521071, 40.83692177338349], [-73.8788015992271, 40.83690566859809], [-73.8787722559651, 40.836898256405], [-73.87864864340109, 40.8368670296298], [-73.8785103775606, 40.836835111016406], [-73.8784301368565, 40.83681658793791], [-73.8782335612659, 40.8367767047754], [-73.878224502701, 40.83677486720731], [-73.8781161744942, 40.8367528887695], [-73.8779872353372, 40.83672944493492], [-73.8778384065286, 40.836702384215705], [-73.8778001382456, 40.83669542697671], [-73.8777942710134, 40.8366944842458], [-73.8777926080387, 40.83669421683781], [-73.87775991276308, 40.836688952116994], [-73.87775518460779, 40.83668819069022], [-73.8777489392713, 40.836687184521494], [-73.8776599067882, 40.8366728469926], [-73.8774822413937, 40.836644229784305], [-73.8774517425336, 40.836639956052494], [-73.8773919894215, 40.8366315899866], [-73.8773759327762, 40.83662934149069], [-73.87731003487708, 40.836620111578206], [-73.8772497732983, 40.836611669256094], [-73.87723691115949, 40.836609867184094], [-73.8772240545573, 40.83660827763319], [-73.8771587805828, 40.83660020633459], [-73.8771460780834, 40.83659863584961], [-73.8771407154383, 40.8365979727762], [-73.87699068470259, 40.836579420258005], [-73.8767625333025, 40.83655492367981], [-73.87674366867229, 40.8365528981197], [-73.87650850834798, 40.836533276931796], [-73.87645392368461, 40.836529508759384], [-73.87645392368461, 40.836624221177544], [-73.87654733420739, 40.83663131034269]]]}}, {"type": "Feature", "properties": {"layer": "road", "label": "roadbed", "method": "official current vector data"}, "geometry": {"type": "Polygon", "coordinates": [[[-73.8823285093058, 40.8380980150563], [-73.88231146801189, 40.838076339875805], [-73.8822981396481, 40.838058360509294], [-73.88229515886499, 40.8380543394609], [-73.8822795936942, 40.838032029132386], [-73.88226478077328, 40.83800942330679], [-73.8822507319328, 40.837986536404394], [-73.88223741266968, 40.837963435027], [-73.8822252483036, 40.8379409786808], [-73.8822247791264, 40.83794011192601], [-73.88221283721, 40.83791657881399], [-73.882178750304, 40.83786170838369], [-73.88215377041078, 40.837806262827], [-73.8820918776267, 40.837644178987595], [-73.88209030915348, 40.8376400729299], [-73.88208192292208, 40.837613992336706], [-73.8820717950756, 40.83758249258671], [-73.8820647731517, 40.83756065471649], [-73.8820254139263, 40.83743823904881], [-73.8820162919566, 40.837409866839096], [-73.8820136912076, 40.8374015093895], [-73.8819715051945, 40.83726593188011], [-73.88195251016708, 40.837204885918204], [-73.88193490159948, 40.837148296119004], [-73.8819190579236, 40.83709737763782], [-73.8818874085643, 40.83698620257639], [-73.8818623395272, 40.836852412016306], [-73.881849940391, 40.8367600445775], [-73.88183660255159, 40.8366381372453], [-73.8818307575462, 40.83652185036971], [-73.8818309334739, 40.83641345439271], [-73.8818352941963, 40.8362699713195], [-73.88184941804448, 40.83615286023], [-73.8818728375626, 40.83603690318639], [-73.8819055070164, 40.83591644502849], [-73.8819390249306, 40.8358142155446], [-73.88197306213209, 40.83572196406399], [-73.8820216088696, 40.835626432504], [-73.8820225350247, 40.83562432629339], [-73.88204614259278, 40.8355752320443], [-73.8820538634092, 40.83555918141441], [-73.8820657635503, 40.83553444258019], [-73.8820777623589, 40.835514903303206], [-73.8820807968416, 40.835509960887684], [-73.88208612382718, 40.835501287363805], [-73.8820851356234, 40.83550094326501], [-73.88208269948029, 40.835500092508106], [-73.882027649319, 40.83548085567141], [-73.8820151723967, 40.8354764935182], [-73.8820076779527, 40.83547387171461], [-73.8819610203172, 40.8355979680023], [-73.88191545519959, 40.835726331932], [-73.88188041287648, 40.8358250488199], [-73.8818407602251, 40.83594873349569], [-73.8818044854311, 40.8360676778102], [-73.88179505780069, 40.8361027298152], [-73.8817925318191, 40.83611439583831], [-73.88179216960178, 40.83611606678551], [-73.8817856572095, 40.83614457878179], [-73.8817803301774, 40.83617324507671], [-73.88177622414, 40.836202029687094], [-73.88177604792608, 40.83620378006839], [-73.8817733273226, 40.836230887576384], [-73.8817716397427, 40.8362598097396], [-73.88176932389719, 40.83630400635179], [-73.88176673067778, 40.8363535011907], [-73.8817649278547, 40.836447267864], [-73.8817651234533, 40.8364612968726], [-73.88176623143059, 40.83654102871531], [-73.8817686442526, 40.83657570473921], [-73.88177366526179, 40.8366478800376], [-73.8817764017453, 40.836672563602406], [-73.8817854864149, 40.836754510730486], [-73.8817899188539, 40.83678360305391], [-73.88180168324628, 40.8368608127215], [-73.8818041787508, 40.8368736581343], [-73.88182224412799, 40.8369666689324], [-73.8818223747517, 40.83696722287039], [-73.8818471336709, 40.8370719892752], [-73.88186291432308, 40.8371390022432], [-73.8818751069683, 40.837184111503596], [-73.88187557106768, 40.8371858292222], [-73.88187680905878, 40.837190411306395], [-73.8818809364886, 40.837205684320814], [-73.88190121209449, 40.83727199949931], [-73.8819077041359, 40.83729306151219], [-73.881909453579, 40.83729873822059], [-73.8819110568464, 40.8373039384176], [-73.88191261413868, 40.83730898908551], [-73.8819141407735, 40.8373139442695], [-73.8819156603362, 40.837318876033414], [-73.8819172093743, 40.83732390147882], [-73.8819187159735, 40.83732878910511], [-73.8819202473311, 40.83733375600031], [-73.8819217775096, 40.8373387192922], [-73.8819233100438, 40.83734369159152], [-73.8819316859329, 40.8373708689894], [-73.88195206229258, 40.83743391546471], [-73.88197215564979, 40.837496106176204], [-73.88197569381549, 40.8375067176233], [-73.88198354861389, 40.8375302375747], [-73.88200340089809, 40.837587997599705], [-73.8820224641115, 40.8376434425423], [-73.882026725965, 40.83765515693312], [-73.8820414239091, 40.83768567892111], [-73.8820453789589, 40.837693892774894], [-73.8820836147189, 40.83777329065659], [-73.8820925324517, 40.8377965253288], [-73.8821038916917, 40.83782365713498], [-73.8821161121314, 40.8378505664974], [-73.8821291843181, 40.83787723539629], [-73.8821431023501, 40.83790364941739], [-73.8821566049354, 40.8379323385619], [-73.8821709616402, 40.837960788145296], [-73.8821861630088, 40.837988981948484], [-73.8822022019537, 40.8380169055561], [-73.8822190713856, 40.83804454545312], [-73.8822367606614, 40.83807188631989], [-73.88225526150599, 40.83809891464029], [-73.8822745644603, 40.83812561599629], [-73.88228696101629, 40.83814285420782], [-73.882300102755, 40.83815976900039], [-73.8823113866876, 40.83817325281281], [-73.8823139731092, 40.83817634234698], [-73.8823285590734, 40.838192553522596], [-73.88234101271924, 40.83820545447481], [-73.88234101271924, 40.83811303398761], [-73.8823285093058, 40.8380980150563]]]}}, {"type": "Feature", "properties": {"layer": "road", "label": "roadbed", "method": "official current vector data"}, "geometry": {"type": "Polygon", "coordinates": [[[-73.8806214760851, 40.837360099368105], [-73.88061232542088, 40.83737448610461], [-73.8805568553937, 40.837461688406194], [-73.8805530862033, 40.83746761426001], [-73.88054836936479, 40.837475029450786], [-73.88054678202559, 40.837477523978016], [-73.8804751066315, 40.83759020335761], [-73.88046779651698, 40.8376016941978], [-73.88047590188908, 40.8376049029553], [-73.8805029893196, 40.837615621694205], [-73.8805057132286, 40.837616699706906], [-73.88051289759969, 40.83760524115182], [-73.8805234957921, 40.837588337239794], [-73.8805379370536, 40.8375653040383], [-73.88054317371729, 40.83755695197142], [-73.88055464229188, 40.8375386603951], [-73.8805654663854, 40.83752139651512], [-73.88057484099778, 40.83750644540439], [-73.88058207290888, 40.83749491035209], [-73.8805835235728, 40.8374925957818], [-73.8805855461769, 40.83748936960269], [-73.88059020850909, 40.83748193364251], [-73.88059359734808, 40.83747652968059], [-73.8805937400363, 40.83747630200321], [-73.8806086806567, 40.83745247237171], [-73.88061765572388, 40.837438158394015], [-73.88063107432508, 40.8374167558181], [-73.88063991264559, 40.83740265691531], [-73.88063998636329, 40.837402541728295], [-73.88064834310359, 40.8373892140503], [-73.8806582194645, 40.83737346201152], [-73.8806627307705, 40.837366266324096], [-73.8806571713238, 40.8373642173495], [-73.8806342665927, 40.837356359343985], [-73.88062572086788, 40.837353426593594], [-73.8806214760851, 40.837360099368105]]]}}, {"type": "Feature", "properties": {"layer": "road", "label": "roadbed", "method": "official current vector data"}, "geometry": {"type": "Polygon", "coordinates": [[[-73.87650210050869, 40.83826138243801], [-73.87651744120909, 40.838268827942706], [-73.87651818040669, 40.838269186230384], [-73.87654046648568, 40.83828000071369], [-73.87655783643528, 40.838288429924205], [-73.8766202806836, 40.8383201094992], [-73.8766267128653, 40.8383233725678], [-73.87670840636288, 40.83836481783501], [-73.8767096859425, 40.838365332484706], [-73.8767109299018, 40.838365874111105], [-73.87671215006408, 40.838366460736786], [-73.8767163791855, 40.83836848596699], [-73.87674124452488, 40.83838039546789], [-73.87675317374898, 40.838386099340894], [-73.8767941856015, 40.8384057379176], [-73.876843887836, 40.8384302259173], [-73.87684964854509, 40.838433064123485], [-73.8768675123182, 40.838441863017096], [-73.8768944382946, 40.83845512452592], [-73.87690511155088, 40.83846038129769], [-73.8769605864591, 40.8384876984577], [-73.87701502959659, 40.8385145219203], [-73.8770160495393, 40.8385150245832], [-73.8770480184316, 40.8385307704943], [-73.8770715126818, 40.838542341677005], [-73.877082544901, 40.83854777531179], [-73.8771269758699, 40.838569658743886], [-73.87716441531319, 40.8385881047297], [-73.8771824390868, 40.83859698478909], [-73.8772014389855, 40.8386063431469], [-73.87723790236589, 40.83862430180241], [-73.8772844136088, 40.838647209448915], [-73.8772933656906, 40.83865161878899], [-73.8773504874888, 40.838679765967306], [-73.87735180951329, 40.838680416629614], [-73.87740545466794, 40.838706845757706], [-73.8778073804056, 40.838706845757706], [-73.877782855317, 40.838694812928004], [-73.8777562488284, 40.838681754577394], [-73.8777236718747, 40.8386657722891], [-73.87769012355328, 40.838649312600005], [-73.8776645003243, 40.8386367406372], [-73.87760532882558, 40.83860770895471], [-73.87754615737849, 40.8385786772418], [-73.877531536883, 40.83857150548899], [-73.87748697412619, 40.838549645485806], [-73.87742780278239, 40.83852061371179], [-73.8773699961774, 40.838492242520296], [-73.8773686315068, 40.83849157290241], [-73.8773094602663, 40.83846254106749], [-73.87725027722058, 40.83843350918939], [-73.8772372927344, 40.8384271387794], [-73.8771911060835, 40.8384044772935], [-73.87713193499789, 40.83837544536701], [-73.87707190001649, 40.83834490686242], [-73.87695038860798, 40.838283095218515], [-73.87687963843972, 40.83824764198852], [-73.8768043928761, 40.83820993627881], [-73.8767859786275, 40.83820070905211], [-73.8767679979402, 40.838191698404415], [-73.87668579900298, 40.83815117204251], [-73.8766604712312, 40.838138684817615], [-73.8766461720197, 40.838131634862194], [-73.8765861997069, 40.8381020669033], [-73.876558408019, 40.8380883676551], [-73.87648785997528, 40.838054113858306], [-73.87645392368461, 40.838037636566064], [-73.87645392368461, 40.838238010976106], [-73.87650210050869, 40.83826138243801]]]}}, {"type": "Feature", "properties": {"layer": "road", "label": "roadbed", "method": "official current vector data"}, "geometry": {"type": "Polygon", "coordinates": [[[-73.8819071081844, 40.83526085035981], [-73.8818976214454, 40.83527519453542], [-73.88189373164, 40.83528107798821], [-73.8818785777878, 40.8353040043791], [-73.8818659394772, 40.835323117947496], [-73.88186582298239, 40.83532328892231], [-73.88185432235498, 40.835340686410795], [-73.8818535294146, 40.835341885057815], [-73.8818391018776, 40.83536372709089], [-73.8818340422514, 40.83537138692022], [-73.8818253531697, 40.83538452974611], [-73.88181176139061, 40.83540508762581], [-73.88180969403159, 40.8354082147272], [-73.8818499567287, 40.835421558990696], [-73.88185188384989, 40.8354186190479], [-73.8818652167776, 40.83539827251471], [-73.8818939749753, 40.83535438753069], [-73.8819054865658, 40.835336820756496], [-73.8819331176885, 40.83529465455349], [-73.8819446886992, 40.83527699778659], [-73.881946460999, 40.8352744421949], [-73.8819485589946, 40.83527141597781], [-73.88194577565818, 40.8352704613058], [-73.88190907923679, 40.83525787083908], [-73.8819071081844, 40.83526085035981]]]}}, {"type": "Feature", "properties": {"layer": "road", "label": "roadbed", "method": "official current vector data"}, "geometry": {"type": "Polygon", "coordinates": [[[-73.8805840966066, 40.837339143983904], [-73.8806218402172, 40.837352095248015], [-73.88062572086788, 40.837353426593594], [-73.8806836959644, 40.83726228448331], [-73.8806918383138, 40.837249484270004], [-73.88073140856679, 40.837187276700014], [-73.88099798753478, 40.83676150729699], [-73.8811610034736, 40.8365028119498], [-73.8812718658554, 40.83632688119441], [-73.8815136660425, 40.83593928402639], [-73.881522689789, 40.83592537344658], [-73.8815347083652, 40.835906847304194], [-73.881603062784, 40.835801476747406], [-73.8817070111962, 40.8356412169743], [-73.8818027570302, 40.83549358444262], [-73.8818499567287, 40.835421558990696], [-73.88180969403159, 40.8354082147272], [-73.8818022401395, 40.83541948128521], [-73.8817704510315, 40.83546757115182], [-73.8817404191651, 40.835514222019306], [-73.8817103872405, 40.835560881883595], [-73.88168035528979, 40.835607532734706], [-73.881650323297, 40.83565418357772], [-73.8816203031184, 40.8357008344246], [-73.88159027104139, 40.835747485251105], [-73.88156203121268, 40.83579302129632], [-73.88153380321779, 40.835838548341506], [-73.8815055751842, 40.83588407537949], [-73.88149809844889, 40.835896126224625], [-73.88149677622559, 40.835898258138414], [-73.8814865266155, 40.83591478339401], [-73.88147733525558, 40.83592960239801], [-73.8814721795293, 40.8359379158712], [-73.8814680487634, 40.835944577088995], [-73.88144910712869, 40.835975138426306], [-73.8814208789792, 40.83602066544249], [-73.8813926389348, 40.836066192439205], [-73.8813641765005, 40.836110746665504], [-73.8812085800296, 40.83635199116409], [-73.8810805148188, 40.836550519148], [-73.8810692602995, 40.83656796633601], [-73.8810412363218, 40.836611746505916], [-73.8810134837981, 40.8366562023198], [-73.88098573125339, 40.8367006491217], [-73.88095796679899, 40.83674510490938], [-73.8809302141641, 40.8367895607022], [-73.88090246149189, 40.836834016488], [-73.8808722243403, 40.8368820626748], [-73.8808419752885, 40.836930108840896], [-73.88081173803329, 40.836978164016], [-73.88079036742529, 40.8370121211972], [-73.8807815007506, 40.8370262101777], [-73.880751263408, 40.837074265336106], [-73.88072102603799, 40.83712231148121], [-73.8806907767677, 40.8371703576057], [-73.8806605392942, 40.8372184127391], [-73.8806537321098, 40.8372291657065], [-73.88065093670619, 40.83723358064079], [-73.8806428227793, 40.83724639618911], [-73.88064276451558, 40.83724648887971], [-73.8806299218173, 40.8372667736392], [-73.8805992924231, 40.83731514352329], [-73.8805840966066, 40.837339143983904]]]}}, {"type": "Feature", "properties": {"layer": "road", "label": "roadbed", "method": "official current vector data"}, "geometry": {"type": "Polygon", "coordinates": [[[-73.8805801739875, 40.837345341629295], [-73.88057416818539, 40.83735482842541], [-73.8805719696693, 40.83735829845642], [-73.8805704691101, 40.83736066880561], [-73.8805686701017, 40.83736351160528], [-73.8805445969384, 40.837401533475], [-73.88053804774368, 40.83741187517641], [-73.8805195249647, 40.83744112926989], [-73.880516761645, 40.837445494706785], [-73.8805137533868, 40.8374502453016], [-73.8805126356945, 40.83745201001382], [-73.8805087701403, 40.83745811496469], [-73.88050793662448, 40.8374594324254], [-73.8805074217714, 40.8374602459391], [-73.8805068545987, 40.837461143144694], [-73.8804768028879, 40.837508605894826], [-73.8804710657828, 40.8375176661294], [-73.88044617563918, 40.837556977539805], [-73.8804351924812, 40.83757432408909], [-73.8804287021168, 40.8375862182977], [-73.8804644956006, 40.8376003877612], [-73.88046779651698, 40.8376016941978], [-73.8804751066315, 40.83759020335761], [-73.88054678202559, 40.837477523978016], [-73.88054836936479, 40.837475029450786], [-73.8805530862033, 40.83746761426001], [-73.8805568553937, 40.837461688406194], [-73.88061232542088, 40.83737448610461], [-73.8806214760851, 40.837360099368105], [-73.88062572086788, 40.837353426593594], [-73.8806218402172, 40.837352095248015], [-73.8805840966066, 40.837339143983904], [-73.8805801739875, 40.837345341629295]]]}}, {"type": "Feature", "properties": {"layer": "road", "label": "roadbed", "method": "official current vector data"}, "geometry": {"type": "Polygon", "coordinates": [[[-73.8804287021168, 40.8375862182977], [-73.8803308324833, 40.8377655655601], [-73.8803498600027, 40.83778802832679], [-73.8804392623069, 40.83764655157791], [-73.88046779651698, 40.8376016941978], [-73.8804644956006, 40.8376003877612], [-73.8804287021168, 40.8375862182977]]]}}, {"type": "Feature", "properties": {"layer": "road", "label": "roadbed", "method": "official current vector data"}, "geometry": {"type": "Polygon", "coordinates": [[[-73.8823285590734, 40.838192553522596], [-73.8823139731092, 40.83817634234698], [-73.8823113866876, 40.83817325281281], [-73.882300102755, 40.83815976900039], [-73.88228696101629, 40.83814285420782], [-73.8822745644603, 40.83812561599629], [-73.88225526150599, 40.83809891464029], [-73.8822367606614, 40.83807188631989], [-73.8822190713856, 40.83804454545312], [-73.8822022019537, 40.8380169055561], [-73.8821861630088, 40.837988981948484], [-73.8821709616402, 40.837960788145296], [-73.8821566049354, 40.8379323385619], [-73.8821431023501, 40.83790364941739], [-73.8821291843181, 40.83787723539629], [-73.8821161121314, 40.8378505664974], [-73.8821038916917, 40.83782365713498], [-73.8820925324517, 40.8377965253288], [-73.8820836147189, 40.83777329065659], [-73.8820453789589, 40.837693892774894], [-73.8820414239091, 40.83768567892111], [-73.882026725965, 40.83765515693312], [-73.8820291884449, 40.837661927569094], [-73.882035119301, 40.837680564868], [-73.8820381197562, 40.837691527856215], [-73.88204025552558, 40.837699336427995], [-73.8820451173688, 40.8377170496259], [-73.8820452740485, 40.837717621600184], [-73.88204552143849, 40.83771852414881], [-73.8820458524743, 40.83771972934899], [-73.8820461116459, 40.837720674232905], [-73.8820463814167, 40.837721659649816], [-73.88204663116518, 40.83772256940478], [-73.8820468938683, 40.8377235287001], [-73.882047156573, 40.83772448709499], [-73.8820474334162, 40.8377254959321], [-73.8820476937671, 40.837726444419104], [-73.88204796942799, 40.83772745145391], [-73.88204821800049, 40.837728355804714], [-73.88204846539219, 40.8377292574527], [-73.8820502831208, 40.837735888752604], [-73.8820577912842, 40.83776435746179], [-73.8820698482037, 40.8378072459381], [-73.8820823384573, 40.8378525004551], [-73.88209632133969, 40.83789181683421], [-73.88211079564128, 40.83792748581021], [-73.88212863335299, 40.83796937883771], [-73.8821455724016, 40.8380065559544], [-73.8821458230076, 40.838006983044906], [-73.8821673773819, 40.8380437839648], [-73.88221479224569, 40.83812627626911], [-73.88210920421399, 40.838070821301], [-73.8820514934286, 40.83804167092391], [-73.88201286155258, 40.8380244418722], [-73.88191130369938, 40.83797914752212], [-73.8819069438771, 40.83797720339311], [-73.8818936144353, 40.837971258187295], [-73.88188992280429, 40.837969611904995], [-73.8818875497815, 40.83796855409538], [-73.8818862562227, 40.837967881001795], [-73.881882620755, 40.8379659889419], [-73.8818789639646, 40.837964086054], [-73.881875396018, 40.83796222918231], [-73.8818753237593, 40.8379621912875], [-73.8818735006958, 40.837961242100114], [-73.88187169184589, 40.83796030103179], [-73.8818680433479, 40.83795840265461], [-73.88186439129619, 40.83795650247259], [-73.8818607499045, 40.837954608604896], [-73.88185707179238, 40.8379526948885], [-73.8818534422483, 40.837950806435714], [-73.88184984350289, 40.837948934223085], [-73.8818470455315, 40.837947478859306], [-73.8818462435722, 40.83794706200929], [-73.88184529828119, 40.837946569370885], [-73.881820242124, 40.837933527952686], [-73.8818082425423, 40.83792718518052], [-73.88177272948708, 40.8379084094926], [-73.8817575550596, 40.83790052361502], [-73.88174601727628, 40.83789453250261], [-73.8817375651212, 40.83789025459201], [-73.8817457081718, 40.83789499954241], [-73.8817716214355, 40.8379101012866], [-73.88184205919029, 40.83795115047051], [-73.8818694222608, 40.8379670965406], [-73.8818833241078, 40.83797519811931], [-73.88189994189399, 40.83798488284521], [-73.8819254004003, 40.837999719343514], [-73.8819735792824, 40.83802630172549], [-73.8822772365411, 40.8381982264958], [-73.88234101271924, 40.838233577146575], [-73.88234101271924, 40.83820545447481], [-73.8823285590734, 40.838192553522596]]]}}, {"type": "Feature", "properties": {"layer": "road", "label": "roadbed", "method": "official current vector data"}, "geometry": {"type": "Polygon", "coordinates": [[[-73.88032620656249, 40.83726496408971], [-73.8803402055656, 40.83727028072649], [-73.8804634016303, 40.83731706760211], [-73.8805649280856, 40.8373556248004], [-73.8805719696693, 40.83735829845642], [-73.88058273287689, 40.8373623861399], [-73.8806086110976, 40.8373729676278], [-73.88061232542088, 40.83737448610461], [-73.88064834310359, 40.8373892140503], [-73.8806485113444, 40.83738928266201], [-73.8806619540004, 40.837394779683294], [-73.8807046124709, 40.837412223170105], [-73.8807338519908, 40.837424178659106], [-73.88077888127388, 40.837442590800514], [-73.88078110868709, 40.83744350170201], [-73.88078850298959, 40.83744652510129], [-73.88079267820568, 40.83744823225193], [-73.88080151558859, 40.837451846065306], [-73.88084371680098, 40.837469102625406], [-73.8808447285538, 40.83746955121651], [-73.88086456910949, 40.83747834252931], [-73.8810247912275, 40.83754934171979], [-73.8810810325412, 40.83757426417711], [-73.8813175894193, 40.83768717681492], [-73.88132291196689, 40.83768978562141], [-73.8813146193738, 40.83768515484989], [-73.8812717242763, 40.83765594548392], [-73.88121622073679, 40.837617500252016], [-73.8811961716875, 40.837603909149], [-73.8811755288661, 40.837590848722506], [-73.88115430409678, 40.8375783369945], [-73.8811325210765, 40.837566382993714], [-73.8811102035023, 40.837554995749485], [-73.8810873987358, 40.83754421133001], [-73.881075713466, 40.8375392114426], [-73.8810753817333, 40.837539069722915], [-73.88104019074879, 40.837524744384204], [-73.88087803185408, 40.8374587337558], [-73.8808736089981, 40.837456933601594], [-73.88085803708148, 40.8374506518758], [-73.88081515420149, 40.83743335049209], [-73.8808146281362, 40.83743314463581], [-73.8808056613359, 40.837429632445506], [-73.8808015878873, 40.83742803706179], [-73.88079399312258, 40.8374250620829], [-73.880791875831, 40.8374242323401], [-73.8807563238111, 40.837410306360994], [-73.88074629401599, 40.837406494102915], [-73.880717317215, 40.83739548080601], [-73.88069712611728, 40.83738780571849], [-73.880672062391, 40.8373785659296], [-73.8806585938856, 40.83737360017461], [-73.8806582194645, 40.83737346201152], [-73.88063757297088, 40.837365851277895], [-73.8806214760851, 40.837360099368105], [-73.8806176370049, 40.8373587275432], [-73.8805801739875, 40.837345341629295], [-73.8805776702927, 40.8373444466468], [-73.88057260000039, 40.83734269173581], [-73.8805174275617, 40.837323594535796], [-73.88046992777369, 40.83730767860428], [-73.8804568542557, 40.83730329855641], [-73.8803959586666, 40.8372835623186], [-73.88034316490379, 40.83726702220499], [-73.88033475146239, 40.83726438673339], [-73.880273239746, 40.8372457772106], [-73.88032620656249, 40.83726496408971]]]}}, {"type": "Feature", "properties": {"layer": "road", "label": "roadbed", "method": "official current vector data"}, "geometry": {"type": "Polygon", "coordinates": [[[-73.8808638236022, 40.837442434535895], [-73.88088381162179, 40.8374503137967], [-73.880889991976, 40.83744132423789], [-73.8809035850533, 40.8374224197827], [-73.8809187447259, 40.83740133594531], [-73.88094452470078, 40.837365484150716], [-73.88094554572619, 40.837364063323506], [-73.8809474974413, 40.83736134764521], [-73.88095450434258, 40.837351607022995], [-73.88095665336449, 40.83734861869829], [-73.8809607873777, 40.83734287060522], [-73.8809762619788, 40.83732135935001], [-73.88100501462499, 40.837281371035104], [-73.8811227243296, 40.837109627605116], [-73.881137287772, 40.8370883783329], [-73.8812621193123, 40.8368925502594], [-73.8813186814069, 40.836802522982914], [-73.8813717952503, 40.836711294472906], [-73.88142140145908, 40.83661892770782], [-73.8814674643155, 40.836525512704505], [-73.8814933076729, 40.836474355138094], [-73.88151916286309, 40.8364231885727], [-73.8815366499138, 40.836388572605], [-73.881545006141, 40.8363720309937], [-73.8815708612516, 40.83632086441579], [-73.8815967163064, 40.83626970683661], [-73.88163556373578, 40.83619313261169], [-73.88167749206569, 40.83611749804819], [-73.8816882515958, 40.836091575735196], [-73.8816997079814, 40.8360658171254], [-73.8817118564555, 40.83604023572111], [-73.8817183647852, 40.8360273590162], [-73.88172468750338, 40.8360148477214], [-73.8817381963545, 40.83598966842939], [-73.88173877319439, 40.83598865236219], [-73.8817495119028, 40.83596975027941], [-73.8817523734978, 40.83596471224311], [-73.8817657295566, 40.835937432837], [-73.88177977055139, 40.83591035043921], [-73.8817944940896, 40.8358834767535], [-73.8818098918535, 40.83585682167641], [-73.8818259590806, 40.8358303960087], [-73.8818426898214, 40.83580421145061], [-73.8818600757598, 40.8357782769982], [-73.8818624317903, 40.835776841321106], [-73.88186519358538, 40.8357759166402], [-73.8818681760795, 40.835775563099105], [-73.8818711776694, 40.835775806605504], [-73.88187399682988, 40.83577662894321], [-73.8818764427702, 40.8357779758871], [-73.8818783508493, 40.83577975631861], [-73.88187959204768, 40.83578184943941], [-73.8818800824334, 40.8357841155867], [-73.88186801036929, 40.83582014552991], [-73.88185677744639, 40.8358563303158], [-73.88184638961141, 40.83589266004532], [-73.8818373673524, 40.83592713615319], [-73.8818368480723, 40.835929123013386], [-73.8818281575936, 40.83596570751882], [-73.88182032056869, 40.83600240185771], [-73.88179505780069, 40.8361027298152], [-73.8818044854311, 40.8360676778102], [-73.8818407602251, 40.83594873349569], [-73.88188041287648, 40.8358250488199], [-73.88191545519959, 40.835726331932], [-73.8819610203172, 40.8355979680023], [-73.8820076779527, 40.83547387171461], [-73.8820053377913, 40.835473052571714], [-73.8820023624303, 40.83547206618731], [-73.8819742982834, 40.83551503610439], [-73.8818298930633, 40.83575093136691], [-73.8818220497661, 40.8357644721766], [-73.8817749387698, 40.835845808821], [-73.88171495199929, 40.83595963019961], [-73.8817048863755, 40.83597872837692], [-73.88164015502008, 40.83610155429871], [-73.8814458475931, 40.83649425232369], [-73.88135107183889, 40.83667042761562], [-73.8812245965212, 40.83689213251652], [-73.88104136943831, 40.837181839040504], [-73.8809342743953, 40.83733979416391], [-73.8809321559565, 40.8373429184944], [-73.8809236025471, 40.837355534599084], [-73.8809226931167, 40.837356875397305], [-73.8808869042867, 40.8374096614588], [-73.88087828038329, 40.83742190738402], [-73.8808638236022, 40.837442434535895]]]}}, {"type": "Feature", "properties": {"layer": "road", "label": "roadbed", "method": "official current vector data"}, "geometry": {"type": "Polygon", "coordinates": [[[-73.88085803708148, 40.8374506518758], [-73.8808447285538, 40.83746955121651], [-73.8807842980575, 40.83755535993839], [-73.88078292155579, 40.837557314390004], [-73.8807806903859, 40.8375604827253], [-73.88077731926401, 40.837565268971616], [-73.880775576645, 40.83756774353051], [-73.8807725633171, 40.837572022267594], [-73.8806961827455, 40.837680481703394], [-73.8806889733173, 40.83769071917309], [-73.8806885453782, 40.83769133196717], [-73.8807116780855, 40.83770105872329], [-73.88071918518669, 40.8376901191744], [-73.8807271463798, 40.8376785272358], [-73.88075424321218, 40.837639056858706], [-73.8807597127493, 40.837631085031596], [-73.8807922778818, 40.837583645518016], [-73.88079398020089, 40.8375811637132], [-73.8807970959564, 40.83757662754002], [-73.8807983215756, 40.837574842225415], [-73.880802110174, 40.83756932520829], [-73.8808037851464, 40.8375668856984], [-73.8808055266867, 40.83756435080479], [-73.88081468970479, 40.837551001436], [-73.88082484652799, 40.8375362041975], [-73.8808383509055, 40.837516533337705], [-73.88085741512789, 40.83748876286751], [-73.8808625862508, 40.83748123106889], [-73.88086456910949, 40.83747834252931], [-73.8808746201046, 40.8374637027635], [-73.88087803185408, 40.8374587337558], [-73.88088381162179, 40.8374503137967], [-73.8808638236022, 40.837442434535895], [-73.88085803708148, 40.8374506518758]]]}}, {"type": "Feature", "properties": {"layer": "road", "label": "roadbed", "method": "official current vector data"}, "geometry": {"type": "Polygon", "coordinates": [[[-73.8806885453782, 40.83769133196717], [-73.8806821845506, 40.83770043389012], [-73.8805680590197, 40.83786375553972], [-73.88044875944338, 40.838030595344826], [-73.8804029673356, 40.8380887657448], [-73.8803677119281, 40.83812798894392], [-73.88028045431389, 40.83821576235962], [-73.8801402970325, 40.838338648660994], [-73.8801265092868, 40.838348894566714], [-73.88013146182118, 40.83836273941382], [-73.8802372055688, 40.83829876196591], [-73.88024553157159, 40.83829405472099], [-73.8804833319171, 40.8381596126087], [-73.880683388558, 40.83805514534911], [-73.880704438066, 40.8380450887874], [-73.8807258957008, 40.8380355477266], [-73.8807477377328, 40.838026531147094], [-73.8807699428013, 40.838018049832606], [-73.8807924871802, 40.838010110962195], [-73.88081534832769, 40.8380027226168], [-73.880838501329, 40.8379958937755], [-73.880861923644, 40.83798963161892], [-73.8808855903662, 40.837983940623495], [-73.88090947776818, 40.837978828868984], [-73.8809335597577, 40.837974300830886], [-73.88095781261379, 40.8379703609871], [-73.88098730327559, 40.8379660321262], [-73.881016948087, 40.8379623571759], [-73.8810467233291, 40.83795933971349], [-73.8810766017292, 40.83795698151181], [-73.8811065583842, 40.8379552852464], [-73.88113656839438, 40.837954251792304], [-73.8811666068599, 40.8379538820242], [-73.8811966476939, 40.83795417771622], [-73.8812266648172, 40.83795513613989], [-73.8812499831048, 40.8379579705933], [-73.88127316395298, 40.837961415435714], [-73.88129617654108, 40.83796546703369], [-73.88131085219169, 40.83796845917132], [-73.8813189936109, 40.83797011905571], [-73.88134158790199, 40.83797536607099], [-73.88136392978278, 40.8379812026461], [-73.88138599318198, 40.83798762155042], [-73.88140775084739, 40.837994612850714], [-73.8814291755185, 40.83800217111622], [-73.8814502411337, 40.83801028371321], [-73.8814709216213, 40.8380189434113], [-73.8813762156399, 40.83796528643432], [-73.8812832163486, 40.837916745044204], [-73.881180349829, 40.83787230867419], [-73.88113719151518, 40.83785500892921], [-73.88100823715278, 40.837813089414816], [-73.88106814848749, 40.83783991390581], [-73.88112805985429, 40.83786674737049], [-73.88116360271619, 40.83788266151619], [-73.8811879712856, 40.837893571798894], [-73.8812478827652, 40.837920396196196], [-73.8812481907177, 40.83792057661212], [-73.88124849865399, 40.83792076603311], [-73.88124878287698, 40.83792095542949], [-73.88124906706788, 40.837921162835805], [-73.8812493512587, 40.83792137024219], [-73.88124961172008, 40.837921586629015], [-73.88124986030878, 40.83792181200859], [-73.88125010889739, 40.83792203738822], [-73.8812503456133, 40.83792227176049], [-73.88125055859969, 40.837922515113306], [-73.88125077157, 40.83792276747101], [-73.88125097268369, 40.83792301981659], [-73.8812511619407, 40.837923272149894], [-73.8812513393088, 40.837923542480915], [-73.8812515048364, 40.8379238037947], [-73.8812516466184, 40.837924083094016], [-73.8812517896022, 40.83792435338961], [-73.88125191834179, 40.83792463267542], [-73.88125202455369, 40.83792491193812], [-73.8812521307496, 40.83792520020571], [-73.8812522132321, 40.83792548844879], [-73.88125228385789, 40.83792577667982], [-73.88125235446769, 40.8379260739157], [-73.88125240138008, 40.8379263621223], [-73.88125242456312, 40.83792665930931], [-73.8812524477621, 40.83792694749151], [-73.88125245908839, 40.83792724466641], [-73.8812524467013, 40.8379275418168], [-73.8812524224575, 40.83792783895501], [-73.88125238637319, 40.83792812707619], [-73.881252338416, 40.83792842419], [-73.8812522786182, 40.837928712286704], [-73.8812522069638, 40.83792900037119], [-73.88125211159591, 40.837929288431205], [-73.8812520162281, 40.83792957649129], [-73.8812518971629, 40.83792985552199], [-73.88125177809769, 40.83793013455269], [-73.8812516353192, 40.83793041355909], [-73.88125148069999, 40.83793068354829], [-73.8812513142242, 40.837930953525216], [-73.88125113590769, 40.837931214485096], [-73.88125094573459, 40.83793147543271], [-73.88125075557748, 40.83793172737539], [-73.8812505417231, 40.8379319702887], [-73.881250316012, 40.8379322131899], [-73.88125007846028, 40.837932447073904], [-73.8812498290519, 40.837932680945684], [-73.8812495796757, 40.83793289680759], [-73.88124931844268, 40.83793311265741], [-73.8812490335124, 40.83793331947781], [-73.88124874858218, 40.83793352629819], [-73.88124846368409, 40.83793371510869], [-73.88124815507258, 40.837933903894914], [-73.8812478464771, 40.837934083676], [-73.88124752605708, 40.837934245435086], [-73.88124720563718, 40.83793440719418], [-73.8812468733766, 40.83793455993622], [-73.8812465292754, 40.83793470366111], [-73.8812461851902, 40.83793483838101], [-73.88124582926439, 40.83793496408381], [-73.88124547337078, 40.837935071776705], [-73.8812451056205, 40.83793517945741], [-73.8812447378862, 40.8379352781332], [-73.8812443701842, 40.83793535879909], [-73.8812439906254, 40.83793543945279], [-73.8812436110988, 40.83793550209669], [-73.8812432315882, 40.837935555735605], [-73.8812428520777, 40.83793560937449], [-73.8812424607426, 40.83793564499141], [-73.8812420812963, 40.83793566261059], [-73.88124168999329, 40.837935680217605], [-73.8812412987065, 40.837935688819606], [-73.8812409074517, 40.83793567941181], [-73.8812405280697, 40.8379356610113], [-73.8812401368471, 40.8379356335937], [-73.8812397456406, 40.8379355971711], [-73.88123936630689, 40.83793555175579], [-73.88123898698919, 40.83793549733551], [-73.8812386076877, 40.83793543391041], [-73.881204428497, 40.837933354589914], [-73.88117017668868, 40.83793210363941], [-73.8811358878476, 40.83793167209058], [-73.8811015975103, 40.83793207799], [-73.88106734127769, 40.83793330336451], [-73.881040362728, 40.83793517288458], [-73.88103596452899, 40.83793547721799], [-73.8810047049279, 40.83793844361903], [-73.880973598011, 40.83794222061432], [-73.88094266750679, 40.837946799223396], [-73.88091196087309, 40.83795216148561], [-73.8808829986614, 40.83795801631082], [-73.8808815136631, 40.83795831644282], [-73.88085136147778, 40.837965246122], [-73.88082152802978, 40.837972950548], [-73.88079206077728, 40.83798141176019], [-73.8807629834327, 40.837990629783405], [-73.8807505294432, 40.83799508606249], [-73.880731744641, 40.8380018086422], [-73.88070102609669, 40.83801378947091], [-73.88067087522579, 40.83802657231882], [-73.88064131578939, 40.8380401301962], [-73.8806258432322, 40.838047793601106], [-73.8806123952299, 40.8380544541476], [-73.8805841372924, 40.8380695261883], [-73.8805565657222, 40.838085328333406], [-73.8805033428465, 40.83811720474151], [-73.880485609794, 40.83812782300959], [-73.8804501080631, 40.838149081112604], [-73.88039687322859, 40.838180957458896], [-73.880396493376, 40.838181200198605], [-73.8803961135395, 40.838181433933315], [-73.8803957100059, 40.83818165863849], [-73.88039529463168, 40.8381818743264], [-73.8803948792898, 40.83818207200449], [-73.88039444023438, 40.838182269658], [-73.8803940012115, 40.838182449301605], [-73.8803935622046, 40.838182619940376], [-73.8803931113735, 40.8381827725569], [-73.8803926487018, 40.8381829161563], [-73.8803921741896, 40.838183050738415], [-73.88039169970969, 40.83818316731071], [-73.88039122524599, 40.838183274878006], [-73.8803907389418, 40.83818337342811], [-73.8803902526699, 40.8381834539683], [-73.8803897664305, 40.838183516498695], [-73.880389280191, 40.838183579029106], [-73.8803887821272, 40.83818362353728], [-73.8803882840957, 40.8381836500357], [-73.88038778608049, 40.83818366752909], [-73.8803872880976, 40.838183667012714], [-73.8803867901309, 40.83818365749131], [-73.8803862921804, 40.838183638965006], [-73.88038579426228, 40.838183602428906], [-73.8803852963765, 40.838183547882906], [-73.8803848103637, 40.8381834843443], [-73.8803843243671, 40.838183411800706], [-73.8803838384029, 40.83818332124729], [-73.8803833524548, 40.83818322168891], [-73.8803828783797, 40.838183113137895], [-73.8803824161937, 40.8381829865894], [-73.88038194216719, 40.8381828510236], [-73.8803814918865, 40.838182697472504], [-73.880381041622, 40.83818253491662], [-73.8803805913737, 40.838182363355614], [-73.8803801648712, 40.83818217380949], [-73.88037973838489, 40.83818197525841], [-73.8803793237716, 40.838181767714694], [-73.8803789091745, 40.83818155116602], [-73.88037851832318, 40.83818131663202], [-73.880378127472, 40.83818108209812], [-73.8803777603665, 40.838180829578896], [-73.8803773932773, 40.83818056805481], [-73.88037704991768, 40.83818029755029], [-73.88037670655818, 40.83818002704592], [-73.8803763869444, 40.8381797385561], [-73.8803760673469, 40.83817944106141], [-73.8803757714791, 40.8381791345865], [-73.8803754874679, 40.838178828123795], [-73.8803752153459, 40.83817850366351], [-73.8803749669374, 40.838178179227796], [-73.8803747304018, 40.83817784579951], [-73.8803745057229, 40.83817751238359], [-73.880374292917, 40.838177169975], [-73.88037410384068, 40.83817681858599], [-73.8803739266212, 40.8381764672093], [-73.88037376127458, 40.83817610683999], [-73.8803736196414, 40.83817574649531], [-73.88037348988118, 40.838175377158], [-73.8803733838345, 40.838175007845194], [-73.8803732896445, 40.83817463854471], [-73.8803732191841, 40.83817426026398], [-73.8803731605643, 40.838173891000416], [-73.8803731138174, 40.8381735127442], [-73.880373090784, 40.838173134512715], [-73.88037307960728, 40.83817275629341], [-73.8803730933299, 40.83817237809989], [-73.88037311653768, 40.83817199991629], [-73.8803731646446, 40.83817162175841], [-73.8803732246084, 40.838171243612905], [-73.88037330826938, 40.83817087449702], [-73.8803734038033, 40.8381704963883], [-73.8803735111777, 40.838170127296884], [-73.88037364224948, 40.838169767234994], [-73.8803737970347, 40.8381694071978], [-73.8803739518199, 40.83816904716052], [-73.8803741303023, 40.8381686961528], [-73.88037433249819, 40.838168345169606], [-73.8803745465347, 40.8381680032037], [-73.88037477242788, 40.8381676612501], [-73.8803750101455, 40.838167337318595], [-73.8803752715765, 40.83816701341172], [-73.8803755448642, 40.83816668951711], [-73.8803758299763, 40.83816638364459], [-73.8803761269451, 40.838166077784486], [-73.880376447595, 40.83816578995879], [-73.88037676824489, 40.8381655021331], [-73.880377112592, 40.838165223336894], [-73.880377456923, 40.83816495354571], [-73.88037782493498, 40.838164701788905], [-73.8803782048038, 40.83816445004441], [-73.8803785964969, 40.83816421632201], [-73.88037898819002, 40.83816398259972], [-73.88037939170749, 40.83816376689951], [-73.8803798189222, 40.8381635602288], [-73.8804090581656, 40.838130308271204], [-73.8804370890785, 40.8380964517222], [-73.88046386417068, 40.838062026553104], [-73.880489383427, 40.838027041769706], [-73.880512925567, 40.837992376409005], [-73.88051739194668, 40.83798580112208], [-73.88054540043169, 40.83794456046739], [-73.8805734088819, 40.83790331980562], [-73.88060141729738, 40.837862079136706], [-73.8806294256783, 40.83782083846071], [-73.8806619981122, 40.837773398092295], [-73.8806668043236, 40.837766399018115], [-73.8806945704835, 40.837725966719205], [-73.88070113368879, 40.8377164111558], [-73.8807116780855, 40.83770105872329], [-73.8806885453782, 40.83769133196717]]]}}, {"type": "Feature", "properties": {"layer": "road", "label": "roadbed", "method": "official current vector data"}, "geometry": {"type": "Polygon", "coordinates": [[[-73.8764664522322, 40.836513510157694], [-73.87647827736949, 40.8365144161133], [-73.8764815030546, 40.836514662701504], [-73.876489365142, 40.836515264547], [-73.8766272053764, 40.836525821792], [-73.8767918954989, 40.8365403850429], [-73.87682533000049, 40.836543341058615], [-73.8770227594318, 40.8365649835098], [-73.87716958289968, 40.836584215145805], [-73.8771746728389, 40.83658488152939], [-73.8771874533978, 40.836586555651394], [-73.8772193277492, 40.83659073096251], [-73.8772506758109, 40.83659483366511], [-73.87727601290818, 40.83659815013502], [-73.8773379338235, 40.83660625382111], [-73.877390976395, 40.83661319450229], [-73.8773994908504, 40.83661430846029], [-73.87742019840309, 40.836617410162106], [-73.87747891919828, 40.8366262073543], [-73.877578853632, 40.836641180638004], [-73.8776866430038, 40.83665939404111], [-73.87773499533428, 40.836667566869885], [-73.87775704748141, 40.8366712939793], [-73.8777573094282, 40.836671338381194], [-73.8777728317665, 40.836674015793804], [-73.87778840033138, 40.83667670135769], [-73.87782002224058, 40.83668215673882], [-73.8778640302695, 40.836689746793695], [-73.8779466213538, 40.83670399270228], [-73.8780177483943, 40.8367176095888], [-73.8781348601803, 40.83674003143881], [-73.8782062965171, 40.8367550722179], [-73.8782472734024, 40.836763699897496], [-73.8782566068044, 40.8367656647237], [-73.8783219311489, 40.836779418476], [-73.87834844387498, 40.8367850412169], [-73.87851970409788, 40.836821364881914], [-73.87854015731568, 40.83682616084571], [-73.87871591669119, 40.8368673705387], [-73.87878199058, 40.83688436840029], [-73.8788129548014, 40.836892334297396], [-73.8789031928893, 40.836915549278096], [-73.8789104148762, 40.8369174082776], [-73.8791883620041, 40.8369922877264], [-73.8792245322285, 40.83700303429038], [-73.87932577171019, 40.83703311322401], [-73.8793350622402, 40.837035873955216], [-73.87936046544698, 40.83704342146051], [-73.8793843613167, 40.837050521639], [-73.87941086660149, 40.8370583962648], [-73.8794246246566, 40.8370624835858], [-73.8794412931154, 40.83706743662119], [-73.8794630133101, 40.83707388975499], [-73.87946316617298, 40.837073937641016], [-73.8794809124325, 40.837079526645894], [-73.8795516616887, 40.83710180855111], [-73.87963421933348, 40.8371278100732], [-73.87979937185149, 40.837182939495705], [-73.87987252748209, 40.83720759471391], [-73.8798760206778, 40.837208771696616], [-73.87990901829748, 40.8372201811071], [-73.87992797108011, 40.837226733928006], [-73.8799468871337, 40.83723327410059], [-73.8799658813957, 40.83723984136638], [-73.8799848270804, 40.83724639146901], [-73.88000358792, 40.8372528783416], [-73.8800226438084, 40.837259467273896], [-73.880040578767, 40.83726566782461], [-73.8800486729597, 40.8372684668757], [-73.88005403207019, 40.83727047875111], [-73.8800554906288, 40.83727102686821], [-73.8800572536968, 40.837271688764204], [-73.8800598461649, 40.83727266219332], [-73.8800628675504, 40.837273797257005], [-73.8800659742465, 40.837274963926596], [-73.88006906316919, 40.83727612427422], [-73.88009438476129, 40.83728563371031], [-73.8801921426906, 40.8373223467083], [-73.8802546132215, 40.8373458082342], [-73.8802715852757, 40.83735211580849], [-73.88028383207899, 40.837356666113116], [-73.8802929081737, 40.8373600388808], [-73.8803022046544, 40.8373634938214], [-73.88031170730298, 40.83736702551741], [-73.8803211957329, 40.837370552695205], [-73.8803306794275, 40.837374076265505], [-73.880346897919, 40.8373801038934], [-73.8803801169262, 40.837392449012206], [-73.8803862877282, 40.8373947426682], [-73.8803910661595, 40.83739660174211], [-73.8803929216088, 40.8373973231615], [-73.8803949607075, 40.8373981159103], [-73.88040448913648, 40.8374018223212], [-73.880512038894, 40.8374436573077], [-73.880516761645, 40.837445494706785], [-73.88052011819349, 40.83744684982631], [-73.8805532997983, 40.83746025203711], [-73.8805568553937, 40.837461688406194], [-73.8805650447587, 40.837464995398406], [-73.8805670577398, 40.8374658088285], [-73.8805926601675, 40.8374761514031], [-73.88059359734808, 40.83747652968059], [-73.8806075045798, 40.83748214785541], [-73.8806410470775, 40.837495979049685], [-73.8806533095449, 40.8375010795335], [-73.8806738491758, 40.837509460976875], [-73.88068016888178, 40.83751203932742], [-73.88071053404, 40.837524430925605], [-73.880718617911, 40.837527729693306], [-73.8807214495747, 40.837528886155305], [-73.88072821229909, 40.83753170089101], [-73.8807330213203, 40.837533703160915], [-73.8807414225974, 40.83753719946359], [-73.880771277487, 40.837549845358005], [-73.8807842980575, 40.83755535993839], [-73.8808055266867, 40.83756435080479], [-73.88081764401059, 40.837569740179816], [-73.88082265419659, 40.83757196777739], [-73.8808468900408, 40.83758274472272], [-73.8808651240906, 40.83759085360168], [-73.8808833936873, 40.83759897782291], [-73.8809016964612, 40.83760711648329], [-73.8809192647118, 40.83761492840349], [-73.8809389239979, 40.83762367269041], [-73.88095804069359, 40.837632171479406], [-73.8809697564228, 40.837637381225306], [-73.88097682065099, 40.83764067802211], [-73.8809819716276, 40.83764308135459], [-73.88123572870929, 40.837761509425604], [-73.8814159257527, 40.83784843947281], [-73.881544820567, 40.837915329183595], [-73.8815737751735, 40.83793035575261], [-73.88157795080679, 40.83793252302771], [-73.8815817414537, 40.83793448999771], [-73.88158502510079, 40.83793619440312], [-73.88158820095319, 40.8379378419666], [-73.8815913756201, 40.837939489528814], [-73.88159219060881, 40.837939912697415], [-73.8815944199228, 40.837941103638784], [-73.88159750210929, 40.83794275020541], [-73.8816005629732, 40.83794438594409], [-73.88160356342419, 40.837945990103414], [-73.8816065757225, 40.83794759967771], [-73.881607115875, 40.8379478883904], [-73.88160960222808, 40.83794922097292], [-73.88161266545428, 40.83795086211671], [-73.8816478996721, 40.83796974022399], [-73.8816835307313, 40.83798883124421], [-73.8816971647917, 40.83799615724491], [-73.88171056194518, 40.838003356931715], [-73.88174740106409, 40.83802321459131], [-73.88177905075328, 40.83804026818319], [-73.8817825842337, 40.83804217184829], [-73.8817846713907, 40.838043296904196], [-73.8817868781855, 40.83804448691819], [-73.88178728448338, 40.83804470525429], [-73.8817891110362, 40.838045693167906], [-73.8817913261164, 40.83804689129472], [-73.88179376862628, 40.838048213022404], [-73.88179664822978, 40.83804977112762], [-73.88179986424248, 40.83805151057679], [-73.88180287177718, 40.83805313725052], [-73.8818062607318, 40.83805497052819], [-73.8818076703288, 40.8380557328905], [-73.88180974208099, 40.83805685342771], [-73.88181333122088, 40.838058795870104], [-73.88181696300508, 40.83806076086859], [-73.88182058057599, 40.83806271774781], [-73.8818359771657, 40.8380710477882], [-73.88184575313828, 40.8380763365019], [-73.88192648479519, 40.83812225704681], [-73.8820248582184, 40.838178212681505], [-73.88216162678869, 40.838254023746195], [-73.8822056149173, 40.838278406342795], [-73.8823358295694, 40.838350807537104], [-73.88234101271924, 40.838353689528965], [-73.88234101271924, 40.838233577146575], [-73.8822772365411, 40.8381982264958], [-73.8819735792824, 40.83802630172549], [-73.8819254004003, 40.837999719343514], [-73.88189994189399, 40.83798488284521], [-73.8818833241078, 40.83797519811931], [-73.8818694222608, 40.8379670965406], [-73.88184205919029, 40.83795115047051], [-73.8817716214355, 40.8379101012866], [-73.8817457081718, 40.83789499954241], [-73.8817375651212, 40.83789025459201], [-73.8817090576129, 40.837875827351404], [-73.88167721901229, 40.83785971366231], [-73.88167420064228, 40.83785818602851], [-73.8816711645033, 40.83785664937151], [-73.8816683190857, 40.83785520926299], [-73.8816681793002, 40.8378551397815], [-73.8816651265126, 40.837853631022696], [-73.8816621246624, 40.837852148430315], [-73.88165910859868, 40.83785065771881], [-73.8816560498879, 40.837849146252104], [-73.8816530433018, 40.83784766005259], [-73.8816499680064, 40.8378461404643], [-73.8816486897925, 40.83784550880662], [-73.88164700997689, 40.83784468583181], [-73.8816455978915, 40.837843992802995], [-73.88164398557258, 40.837843218524306], [-73.88164092915528, 40.8378417511837], [-73.88161888030139, 40.8378311693565], [-73.8815526970611, 40.837799404000904], [-73.88149445593389, 40.83777271475088], [-73.8814855149936, 40.83776861731891], [-73.8814585962174, 40.837756281696294], [-73.88132291196689, 40.83768978562141], [-73.8813175894193, 40.83768717681492], [-73.8810810325412, 40.83757426417711], [-73.8810247912275, 40.83754934171979], [-73.88086456910949, 40.83747834252931], [-73.8808447285538, 40.83746955121651], [-73.88084371680098, 40.837469102625406], [-73.88080151558859, 40.837451846065306], [-73.88079267820568, 40.83744823225193], [-73.88078850298959, 40.83744652510129], [-73.88078110868709, 40.83744350170201], [-73.88077888127388, 40.837442590800514], [-73.8807338519908, 40.837424178659106], [-73.8807046124709, 40.837412223170105], [-73.8806619540004, 40.837394779683294], [-73.8806485113444, 40.83738928266201], [-73.88064834310359, 40.8373892140503], [-73.88061232542088, 40.83737448610461], [-73.8806086110976, 40.8373729676278], [-73.88058273287689, 40.8373623861399], [-73.8805719696693, 40.83735829845642], [-73.8805649280856, 40.8373556248004], [-73.8804634016303, 40.83731706760211], [-73.8803402055656, 40.83727028072649], [-73.88032620656249, 40.83726496408971], [-73.880273239746, 40.8372457772106], [-73.88026148804158, 40.8372415200794], [-73.8802483800301, 40.83723721561361], [-73.8802323499096, 40.83723195358769], [-73.8802035447589, 40.837221838132706], [-73.8801750607173, 40.837211182707286], [-73.8801549813502, 40.83720407675322], [-73.88012428052218, 40.83719321099751], [-73.88012112394209, 40.83719209380481], [-73.88011796380678, 40.837190975707806], [-73.88011552764799, 40.837190113203306], [-73.88011484395949, 40.83718987116009], [-73.8801117087085, 40.8371887611933], [-73.8801087665962, 40.837187719864716], [-73.8801062510491, 40.837186829362096], [-73.8800942302154, 40.837182575536005], [-73.880080151211, 40.8371775919691], [-73.88006612671158, 40.83717262916849], [-73.88005187945548, 40.83716758599051], [-73.8800377803127, 40.83716259609399], [-73.88002235526818, 40.83715713655931], [-73.880007942131, 40.83715203557162], [-73.8800046942431, 40.83715092728571], [-73.8799858301908, 40.83714448983299], [-73.87995728054578, 40.837134746486406], [-73.8799159230332, 40.837120632304924], [-73.8798958811809, 40.837113792890996], [-73.8798928465845, 40.837112756863604], [-73.8798838399561, 40.837109684001284], [-73.8798397654383, 40.837094643055295], [-73.8797805971496, 40.83707522436461], [-73.87966931232458, 40.8370387013164], [-73.8796550431339, 40.8370340182642], [-73.8795562442493, 40.837002914703994], [-73.8795376483672, 40.8369970618788], [-73.8795235139385, 40.83699261127871], [-73.8795051775733, 40.83698683976391], [-73.8794910253738, 40.8369823837382], [-73.8794772274839, 40.83697803974239], [-73.8794691554098, 40.8369754991161], [-73.8794526693258, 40.8369706768469], [-73.8794274128683, 40.83696328890279], [-73.8794002283798, 40.83695533702849], [-73.8793871788799, 40.83695151969331], [-73.87935733401778, 40.83694279060139], [-73.87926959716339, 40.83691712744778], [-73.8790685873729, 40.83686172554389], [-73.878990875492, 40.836841238826786], [-73.8788702399612, 40.8368094381949], [-73.8788625369252, 40.8368074075937], [-73.87884477189209, 40.836803080967215], [-73.8787091770057, 40.8367700568883], [-73.87865484380379, 40.83675682459951], [-73.8784342745058, 40.83670707592601], [-73.87842212779069, 40.836704336424624], [-73.87837686413098, 40.83669412752041], [-73.878330616252, 40.8366846460604], [-73.87831755529629, 40.836681968618194], [-73.8781815317899, 40.83665408258939], [-73.87809689523549, 40.83663673158201], [-73.8780058958145, 40.83661977540319], [-73.8779659021635, 40.83661232472399], [-73.8779390741928, 40.8366073283057], [-73.87789738328459, 40.8365995642353], [-73.8778668776628, 40.836594449543995], [-73.87782847213889, 40.8365880099534], [-73.8776967742579, 40.83656593432441], [-73.8776619317266, 40.8365607348358], [-73.8776250160751, 40.8365552251679], [-73.877618863071, 40.83655430733849], [-73.8775606637888, 40.83654562783539], [-73.87749519851299, 40.8365358599918], [-73.877483155586, 40.83653410024], [-73.8774695669861, 40.836532118223694], [-73.8774192924889, 40.83652478700411], [-73.8773812079123, 40.83651923279201], [-73.8773411402896, 40.83651338920059], [-73.877327450945, 40.8365113926524], [-73.8773235666268, 40.83651082661219], [-73.87722614104588, 40.836496618496405], [-73.8769827930137, 40.836462086370005], [-73.87695732137088, 40.83645847162819], [-73.87695683301268, 40.836458402669614], [-73.8767288312994, 40.83642693815429], [-73.87670835571178, 40.836424113028094], [-73.87670148428849, 40.83642316466549], [-73.8766937843118, 40.83642210195441], [-73.876687274418, 40.836421203504685], [-73.8766637880895, 40.836417951018504], [-73.87664670022549, 40.83641558605491], [-73.8766063172123, 40.8364091763598], [-73.8765661620844, 40.83640200147389], [-73.8765260654136, 40.8363939981812], [-73.8764862559129, 40.8363852297615], [-73.8764793467165, 40.8363835564469], [-73.87645392368461, 40.836383269511224], [-73.87645392368461, 40.83651255056239], [-73.8764664522322, 40.836513510157694]]]}}, {"type": "Feature", "properties": {"layer": "road", "label": "roadbed", "method": "official current vector data"}, "geometry": {"type": "Polygon", "coordinates": [[[-73.8764769614923, 40.83643640393531], [-73.87649957606558, 40.836427684347505], [-73.8765047515524, 40.83642568808921], [-73.8765289061964, 40.83641636951451], [-73.8765374964104, 40.83641305588422], [-73.87656081101439, 40.83640405788033], [-73.8765661620844, 40.83640200147389], [-73.8765873872626, 40.83639381167391], [-73.8765503259524, 40.8363863879542], [-73.8765135149054, 40.83637828011441], [-73.8764974956898, 40.8363744394612], [-73.87649744473069, 40.83637442679972], [-73.87647697778529, 40.836369515194995], [-73.87645392368461, 40.836363898194904], [-73.87645392368461, 40.836445293725106], [-73.8764769614923, 40.83643640393531]]]}}, {"type": "Feature", "properties": {"layer": "road", "label": "roadbed", "method": "official current vector data"}, "geometry": {"type": "Polygon", "coordinates": [[[-73.8806582194645, 40.83737346201152], [-73.88064834310359, 40.8373892140503], [-73.88063998636329, 40.837402541728295], [-73.88063991264559, 40.83740265691531], [-73.88063107432508, 40.8374167558181], [-73.88061765572388, 40.837438158394015], [-73.8806086806567, 40.83745247237171], [-73.8805937400363, 40.83747630200321], [-73.88059359734808, 40.83747652968059], [-73.88059020850909, 40.83748193364251], [-73.8805855461769, 40.83748936960269], [-73.8805835235728, 40.8374925957818], [-73.88058207290888, 40.83749491035209], [-73.88057484099778, 40.83750644540439], [-73.8805654663854, 40.83752139651512], [-73.88055464229188, 40.8375386603951], [-73.88054317371729, 40.83755695197142], [-73.8805379370536, 40.8375653040383], [-73.8805234957921, 40.837588337239794], [-73.88051289759969, 40.83760524115182], [-73.8805057132286, 40.837616699706906], [-73.88052009580218, 40.837622391324494], [-73.88052723153828, 40.83761094442469], [-73.88054480987559, 40.83758273842881], [-73.8805616985191, 40.83755564292631], [-73.88057169876109, 40.83753959746241], [-73.88059743894489, 40.837498304015696], [-73.8805985899798, 40.83749645829279], [-73.8805994710937, 40.83749504452789], [-73.88059986824868, 40.837494407388796], [-73.88060411448808, 40.8374875896372], [-73.8806048600469, 40.83748639275111], [-73.8806075045798, 40.83748214785541], [-73.88062547524169, 40.83745331550849], [-73.8806347536746, 40.837438430029415], [-73.8806361437149, 40.83743620004223], [-73.88065235809589, 40.83741017361571], [-73.88066064481768, 40.83739688098371], [-73.8806619540004, 40.837394779683294], [-73.88066609557728, 40.83738813561649], [-73.880672062391, 40.8373785659296], [-73.8806765559288, 40.8373713603178], [-73.8806631976132, 40.8373664379011], [-73.8806627307705, 40.837366266324096], [-73.8806582194645, 40.83737346201152]]]}}, {"type": "Feature", "properties": {"layer": "road", "label": "roadbed", "method": "official current vector data"}, "geometry": {"type": "Polygon", "coordinates": [[[-73.8807204012987, 40.837391413759725], [-73.880717317215, 40.83739548080601], [-73.8807106439447, 40.83740428164261], [-73.8807046124709, 40.837412223170105], [-73.8807029557472, 40.837414404255505], [-73.8806887653955, 40.837433110861014], [-73.880675405799, 40.8374507107157], [-73.8806688739617, 40.837459316288715], [-73.8806571152279, 40.8374748061375], [-73.8806410470775, 40.837495979049685], [-73.88063826604508, 40.8374996465879], [-73.88063708707729, 40.83750120142251], [-73.88063240568029, 40.8375073703689], [-73.8806316723903, 40.8375083376417], [-73.88062925860028, 40.837511518392105], [-73.88062546620309, 40.83751650320729], [-73.88059382901298, 40.83755819037499], [-73.88058732806918, 40.8375667473485], [-73.8805621799105, 40.83759988652639], [-73.8805475616562, 40.837619141072004], [-73.8805393254906, 40.837630002412304], [-73.880572159328, 40.83764300173579], [-73.88057820785552, 40.837645396110176], [-73.88058570140969, 40.837634746515], [-73.8806625708438, 40.8375254916199], [-73.880664968442, 40.83752208302701], [-73.880665924153, 40.837520724268906], [-73.8806700786377, 40.837514820422015], [-73.8806714824847, 40.837512825477816], [-73.8806738491758, 40.837509460976875], [-73.8807338519908, 40.837424178659106], [-73.88074629401599, 40.837406494102915], [-73.8807515765552, 40.8373989858373], [-73.8807225529427, 40.83738829216892], [-73.8807204012987, 40.837391413759725]]]}}, {"type": "Feature", "properties": {"layer": "road", "label": "roadbed", "method": "official current vector data"}, "geometry": {"type": "Polygon", "coordinates": [[[-73.8805393254906, 40.837630002412304], [-73.8805305307683, 40.8376415826687], [-73.8804988934431, 40.837683278814424], [-73.8804744291605, 40.83772113006881], [-73.8804701441025, 40.837727760472305], [-73.8804414065639, 40.83777225114], [-73.8804126571465, 40.8378167327829], [-73.8803839195311, 40.83786122343562], [-73.88035517003668, 40.8379057050636], [-73.8803445072583, 40.8379222090728], [-73.8803264323606, 40.83795018669631], [-73.8802976827731, 40.83799467731419], [-73.8802745210173, 40.83803071808111], [-73.88023898102828, 40.83807322054711], [-73.88020153374788, 40.83811478450659], [-73.88016226228459, 40.83815534700939], [-73.88013529358379, 40.83818130005441], [-73.8801211904153, 40.83819487205872], [-73.880078365647, 40.838233314677304], [-73.8800338354867, 40.838270629887795], [-73.8800034482598, 40.8382959922235], [-73.8799915971994, 40.83830531171822], [-73.8800178272191, 40.83828730930541], [-73.8800436582919, 40.838268951676795], [-73.8800690737938, 40.83825025232303], [-73.88009405116948, 40.83823122652888], [-73.88011857379671, 40.8382118868847], [-73.8801426226787, 40.8381922477787], [-73.8802194882364, 40.838119494730115], [-73.8802776136931, 40.83805880501481], [-73.8803034740966, 40.8380280097273], [-73.8804887355131, 40.837772564034985], [-73.88057820785552, 40.837645396110176], [-73.880572159328, 40.83764300173579], [-73.8805393254906, 40.837630002412304]]]}}, {"type": "Feature", "properties": {"layer": "road", "label": "roadbed", "method": "official current vector data"}, "geometry": {"type": "Polygon", "coordinates": [[[-73.8805057132286, 40.837616699706906], [-73.8804631931653, 40.837684515120095], [-73.8803894913013, 40.83780037919301], [-73.8803569601596, 40.8378511153375], [-73.8803122219813, 40.837921246264806], [-73.88028552715528, 40.83796178944289], [-73.8802726608914, 40.8379805369917], [-73.8802612365503, 40.837996564741395], [-73.880250775058, 40.838010567376806], [-73.8802413619804, 40.838022436027224], [-73.8802380088482, 40.83802641543299], [-73.88022347227428, 40.8380436628189], [-73.8802050686547, 40.8380645117667], [-73.8801898401211, 40.8380808282187], [-73.88017671983398, 40.8380937835117], [-73.88016258409058, 40.838106365843885], [-73.8801445023213, 40.838121633851195], [-73.88012481026348, 40.838137634085015], [-73.8801076496071, 40.83815100570169], [-73.8800959219594, 40.838159632855294], [-73.88008776436739, 40.83816563427522], [-73.88006062985889, 40.83818488835162], [-73.880020989333, 40.838212406758906], [-73.8799980713902, 40.83822818659609], [-73.8799831014144, 40.838238494289506], [-73.87990229228849, 40.83829460913879], [-73.8798528119412, 40.838329865997295], [-73.8798196043379, 40.83835432305101], [-73.8797919570856, 40.838375097464606], [-73.8797695459868, 40.838392475261486], [-73.8797538908872, 40.8384052567697], [-73.87973845972559, 40.83841877691471], [-73.8797204930397, 40.838435215617686], [-73.8796684947251, 40.83848455170351], [-73.8797177729261, 40.83844842213482], [-73.8797532722872, 40.838420821172214], [-73.879778088475, 40.83840250126661], [-73.87980573119029, 40.83838227795429], [-73.8798431098912, 40.838356585269125], [-73.87994927145118, 40.83828593405481], [-73.8800661111371, 40.838208622081986], [-73.88013301125179, 40.8381641378587], [-73.88017228209509, 40.8381324902612], [-73.8801914518885, 40.8381141643999], [-73.88021396689739, 40.83808835079541], [-73.8802265663626, 40.838074905088206], [-73.8802385439272, 40.838061135456414], [-73.8802498888879, 40.838047059899], [-73.88026058580049, 40.838032695509305], [-73.8802706215937, 40.838018058483], [-73.88027998556589, 40.838003165918515], [-73.8803178216129, 40.8379438184692], [-73.8803567170169, 40.8378828070913], [-73.8803835900374, 40.83784005246639], [-73.8804104511666, 40.837797297822604], [-73.88043731227759, 40.83775453416732], [-73.8804449199406, 40.83774242589849], [-73.88046417333769, 40.8377117795104], [-73.8804910343634, 40.837669024846896], [-73.8805179197632, 40.837625882989514], [-73.88052009580218, 40.837622391324494], [-73.8805057132286, 40.837616699706906]]]}}, {"type": "Feature", "properties": {"layer": "road", "label": "roadbed", "method": "official current vector data"}, "geometry": {"type": "Polygon", "coordinates": [[[-73.8823400880672, 40.835405875442206], [-73.88227386366019, 40.8353831334024], [-73.8822036461875, 40.83535900948902], [-73.88219694673639, 40.835356708185394], [-73.88219481942859, 40.8353602233458], [-73.8821824681877, 40.83538063755649], [-73.8821688338952, 40.8354031711206], [-73.88215629119298, 40.835423901206504], [-73.8821456902964, 40.83544142211031], [-73.8821316730862, 40.835464588326495], [-73.88211887351268, 40.83548574317921], [-73.8821130195261, 40.8354954175162], [-73.8821076399544, 40.835507005889596], [-73.8821069246631, 40.83550854590519], [-73.8821098217313, 40.83550955742079], [-73.88211799749229, 40.83551242034609], [-73.88219075004028, 40.83553784361301], [-73.8822377299745, 40.835554257185], [-73.8822483952247, 40.835557983516], [-73.88224831439318, 40.83555810139829], [-73.8822367220063, 40.8355751260256], [-73.882252055574, 40.8355799143037], [-73.8822599959993, 40.83556234474939], [-73.8822709228532, 40.835538168610306], [-73.882281761393, 40.835516324661796], [-73.8822921739423, 40.835495344752616], [-73.8822935423027, 40.8354925816297], [-73.88230284500608, 40.83547500445751], [-73.8823151300035, 40.835453152976804], [-73.8823277503423, 40.835430734525005], [-73.8823392581981, 40.83541187009081], [-73.88234101271924, 40.83540899368183], [-73.88234101271924, 40.835404362244695], [-73.8823400880672, 40.835405875442206]]]}}, {"type": "Feature", "properties": {"layer": "road", "label": "roadbed", "method": "official current vector data"}, "geometry": {"type": "Polygon", "coordinates": [[[-73.88204691089919, 40.83738957309172], [-73.8820680900952, 40.83745461046031], [-73.8820877245106, 40.83751490964342], [-73.8820982086471, 40.8374932193413], [-73.8821248724781, 40.83743464150451], [-73.882149080674, 40.8373754416115], [-73.8821707904339, 40.83731568895842], [-73.88218999691139, 40.837255445675595], [-73.8822018105351, 40.837212749081615], [-73.882211965831, 40.8371698139625], [-73.8822204485199, 40.8371266709209], [-73.88222725974468, 40.83708334607269], [-73.8822289076204, 40.83706938558551], [-73.8822323875562, 40.8370398934357], [-73.8822361532976, 40.8369889292818], [-73.8822367979538, 40.8369676863699], [-73.8822377019767, 40.8369378998291], [-73.88223703351909, 40.8368868501024], [-73.88223412408918, 40.83683585211679], [-73.8822308582619, 40.836802668253604], [-73.8822289994137, 40.8367837712751], [-73.8822240987406, 40.836747817621315], [-73.8822219181883, 40.83673182350889], [-73.8822128921946, 40.836680053854785], [-73.8822051320099, 40.8366359198866], [-73.88219720045008, 40.8365908150092], [-73.88218416394909, 40.83651667026411], [-73.882174378954, 40.83646102319971], [-73.88216199971379, 40.83637529335609], [-73.8821552121659, 40.8363282895985], [-73.88214442121819, 40.836253560017305], [-73.88214266079488, 40.8362413691208], [-73.8821394770082, 40.83621144332572], [-73.88213794926759, 40.83619707797191], [-73.8821351942237, 40.83615268976741], [-73.8821348706554, 40.83613522614091], [-73.8821343718509, 40.836108258512795], [-73.8821344507365, 40.836105223925905], [-73.882135054207, 40.8360818107767], [-73.88213505928769, 40.83608161987701], [-73.8821355176345, 40.836063829269214], [-73.8821376480821, 40.836033123672095], [-73.8821385959059, 40.836019456029696], [-73.88214361843788, 40.83597518383091], [-73.8821476498617, 40.83594960219039], [-73.8821537389634, 40.83591096187481], [-73.88215481545488, 40.835905643751616], [-73.882166680763, 40.83584703095781], [-73.88217992878609, 40.8357936118281], [-73.8821824436852, 40.835783472123495], [-73.8821897222475, 40.835758719551414], [-73.8822010038979, 40.83572034838089], [-73.8822166458265, 40.8356715215133], [-73.8822334209459, 40.83562551434931], [-73.882252055574, 40.8355799143037], [-73.8822367220063, 40.8355751260256], [-73.88224831439318, 40.83555810139829], [-73.8822483952247, 40.835557983516], [-73.8822377299745, 40.835554257185], [-73.88219075004028, 40.83553784361301], [-73.88211799749229, 40.83551242034609], [-73.8821098217313, 40.83550955742079], [-73.8821069246631, 40.83550854590519], [-73.8820880544939, 40.83554919296531], [-73.882072808055, 40.8355882372443], [-73.8820500777549, 40.8356668218025], [-73.8820397320412, 40.83570755681439], [-73.8820137751731, 40.83580975624341], [-73.8819998661913, 40.8358908225713], [-73.8819889563668, 40.8359721531087], [-73.88198104582229, 40.83605368482189], [-73.8819761465369, 40.83613535468911], [-73.88197809412928, 40.83619373576071], [-73.8819823419769, 40.836252056150805], [-73.881988878357, 40.8363102438076], [-73.88199185634669, 40.836329822710816], [-73.8819977033395, 40.83636826271091], [-73.8820088051857, 40.83642604981351], [-73.88201766293629, 40.836478980952194], [-73.8820265088604, 40.836531903072604], [-73.8820353666391, 40.83658483420899], [-73.8820442125913, 40.83663775632719], [-73.8820494918883, 40.836662723440305], [-73.882053715772, 40.8366877975331], [-73.882056884273, 40.83671296059599], [-73.8820589737093, 40.836738194594815], [-73.8820600078723, 40.836763454529205], [-73.8820599630479, 40.83678874037499], [-73.88205886302768, 40.8368140071319], [-73.8820566841453, 40.83683922776069], [-73.8820534501445, 40.83686438427571], [-73.8820491491994, 40.83688945865501], [-73.88203283811819, 40.837007848020406], [-73.882011832521, 40.83712581835149], [-73.8820010734299, 40.83716885098959], [-73.88198898675739, 40.8372116751544], [-73.88201107384579, 40.837279504997795], [-73.8820343048411, 40.83735084793528], [-73.8820392480923, 40.8373380119375], [-73.882052506237, 40.83730318535881], [-73.8820642473011, 40.83726803304901], [-73.88207445933449, 40.837232609026096], [-73.8820831185628, 40.837196949286096], [-73.8820964665949, 40.8371448242909], [-73.88210771650898, 40.83709240899099], [-73.8821168800705, 40.83703975742861], [-73.8821239334916, 40.836986914604495], [-73.88212392212968, 40.83698663543961], [-73.8821239226402, 40.83698634728181], [-73.8821239468479, 40.8369860681532], [-73.8821239710715, 40.8369857800196], [-73.88212401899219, 40.83698550091519], [-73.8821240787694, 40.83698522182299], [-73.8821241385465, 40.836984942730695], [-73.8821242220208, 40.836984672667604], [-73.8821243173676, 40.836984393611694], [-73.88212442455489, 40.83698412357288], [-73.88212454359879, 40.83698385354611], [-73.8821246744832, 40.836983592536505], [-73.8821248172241, 40.83698333153889], [-73.8821249718216, 40.836983070553416], [-73.88212513825958, 40.836982818584985], [-73.8821253165542, 40.8369825666287], [-73.8821255066893, 40.836982323689405], [-73.8821257086649, 40.83698208976719], [-73.88212592249718, 40.83698185585709], [-73.88212614816989, 40.83698163096409], [-73.8821263738427, 40.83698140607098], [-73.88212662321249, 40.8369811902072], [-73.8821268725664, 40.83698098334819], [-73.8821271337768, 40.836980776501406], [-73.8821273949553, 40.83698058766439], [-73.8821276798469, 40.83698039885171], [-73.88212796472249, 40.83698021904391], [-73.88212826143858, 40.83698004825311], [-73.88212857001129, 40.8369798774745], [-73.88212887855208, 40.836979724705685], [-73.88212919894929, 40.836979571949115], [-73.8821295193147, 40.836979437202295], [-73.88212985153659, 40.83697930246761], [-73.8821301837425, 40.83697917673782], [-73.882130527773, 40.836979069030015], [-73.8821308718036, 40.83697896132221], [-73.88213122765879, 40.83697887163639], [-73.8821315716574, 40.83697878193849], [-73.8821319393531, 40.8369787012697], [-73.88213229516039, 40.8369786385987], [-73.8821326628242, 40.83697857593979], [-73.88213303045619, 40.83697853129078], [-73.88213339807209, 40.83697849564661], [-73.8821337656721, 40.836978469007505], [-73.88213414512869, 40.83697844238041], [-73.88213451269678, 40.83697843375111], [-73.8821348920895, 40.83697844314369], [-73.8821352596257, 40.83697845252419], [-73.88213562714589, 40.836978470909706], [-73.88213600650668, 40.8369784983122], [-73.88213637397908, 40.836978543712405], [-73.8821367414514, 40.83697858911268], [-73.8821368836818, 40.83697861627289], [-73.8821370970354, 40.8369786525107], [-73.88213746447589, 40.836978715920814], [-73.8821378200279, 40.83697879732869], [-73.882138175564, 40.8369788877415], [-73.88213853110008, 40.836978978154214], [-73.88213887474778, 40.836979086564796], [-73.8821392183795, 40.83697920398021], [-73.8821395501388, 40.83697933038851], [-73.8821398818821, 40.83697946580169], [-73.88214020176889, 40.83697960120279], [-73.8821405097672, 40.8369797546015], [-73.8821408296221, 40.8369799080125], [-73.88214112573209, 40.83698007940911], [-73.8821414218419, 40.83698025080559], [-73.8821417060794, 40.836980431194995], [-73.8821419784444, 40.83698062057718], [-73.8821422507934, 40.83698081896431], [-73.88214251127, 40.836981026344304], [-73.8821427598901, 40.836981233712095], [-73.8821429966377, 40.83698145007271], [-73.8821432333693, 40.83698167543832], [-73.88214344638789, 40.8369819007797], [-73.8821436593905, 40.83698213512589], [-73.88214386053659, 40.83698236946011], [-73.88214404979429, 40.83698262179201], [-73.8821442272115, 40.83698286510691], [-73.88214438088359, 40.83698312640729], [-73.88214453457178, 40.836983378702904], [-73.88214467638738, 40.836983639991324], [-73.8821448063306, 40.836983910272494], [-73.8821449244173, 40.8369841805415], [-73.8821450306475, 40.8369844507984], [-73.8821451250211, 40.83698472104331], [-73.8821451956657, 40.83698500026881], [-73.8821452663103, 40.836985279494385], [-73.88214532509839, 40.8369855587078], [-73.8821453601735, 40.836985837897], [-73.8821415276263, 40.83703431661441], [-73.88213558483288, 40.83708266710569], [-73.88212754372499, 40.83713084435781], [-73.8821174043938, 40.8371787943409], [-73.88210519064378, 40.8372264630491], [-73.8820909144229, 40.8372737964641], [-73.8820745876636, 40.83732074957279], [-73.88205622232978, 40.83736725935189], [-73.88204691089919, 40.83738957309172]]]}}, {"type": "Feature", "properties": {"layer": "road", "label": "roadbed", "method": "official current vector data"}, "geometry": {"type": "Polygon", "coordinates": [[[-73.88198109220359, 40.83723732216932], [-73.8819715051945, 40.83726593188011], [-73.8819660733852, 40.837282142429], [-73.88195930638571, 40.83730043355478], [-73.8819495967142, 40.83732666403108], [-73.8819316859329, 40.8373708689894], [-73.88191822126119, 40.83740176918591], [-73.88193998663039, 40.83746380853109], [-73.8819601712895, 40.837521316765915], [-73.88197215564979, 40.837496106176204], [-73.8819995930938, 40.83743526981888], [-73.8820021769326, 40.83742909506921], [-73.8820136912076, 40.8374015093895], [-73.8820251816577, 40.837373981316], [-73.8820343048411, 40.83735084793528], [-73.88201107384579, 40.837279504997795], [-73.88198898675739, 40.8372116751544], [-73.88198109220359, 40.83723732216932]]]}}, {"type": "Feature", "properties": {"layer": "road", "label": "roadbed", "method": "official current vector data"}, "geometry": {"type": "Polygon", "coordinates": [[[-73.88203748118359, 40.8374117246206], [-73.8820254139263, 40.83743823904881], [-73.8820134609235, 40.837464505056005], [-73.88198354861389, 40.8375302375747], [-73.8819717913009, 40.837554448848806], [-73.881991893434, 40.837611722864], [-73.8820107451055, 40.83766543864239], [-73.8820224641115, 40.8376434425423], [-73.8820512797236, 40.8375870560272], [-73.8820647731517, 40.83756065471649], [-73.88207795484179, 40.8375348645213], [-73.8820877245106, 40.83751490964342], [-73.8820680900952, 40.83745461046031], [-73.88204691089919, 40.83738957309172], [-73.88203748118359, 40.8374117246206]]]}}, {"type": "Feature", "properties": {"layer": "road", "label": "roadbed", "method": "official current vector data"}, "geometry": {"type": "Polygon", "coordinates": [[[-73.88167557121339, 40.83784422166438], [-73.88167576075048, 40.8378443173113], [-73.8816787352855, 40.8378458250892], [-73.8816815629323, 40.837847257074706], [-73.8816844225619, 40.837848706202415], [-73.8817158003152, 40.837864605099284], [-73.88175310346588, 40.8378835087093], [-73.88180485100669, 40.837800671225004], [-73.88185448924568, 40.83771709315032], [-73.88189188127679, 40.83765251195451], [-73.8819271165434, 40.83758724416221], [-73.8819601712895, 40.837521316765915], [-73.88193998663039, 40.83746380853109], [-73.88191822126119, 40.83740176918591], [-73.8819008560546, 40.8374391759631], [-73.8818824479584, 40.8374762935111], [-73.8818011398709, 40.837627150221195], [-73.8817868529284, 40.83765365604539], [-73.8817707922599, 40.837681472070315], [-73.8817187400911, 40.8377716239459], [-73.8816855101692, 40.83782917559099], [-73.8816778681129, 40.83784074360932], [-73.88167557121339, 40.83784422166438]]]}}, {"type": "Feature", "properties": {"layer": "road", "label": "roadbed", "method": "official current vector data"}, "geometry": {"type": "Polygon", "coordinates": [[[-73.8817798518199, 40.83789706155672], [-73.8818157927037, 40.8379152793741], [-73.88185380668898, 40.83793453487261], [-73.8819349197043, 40.8378008764791], [-73.8820107451055, 40.83766543864239], [-73.881991893434, 40.837611722864], [-73.8819717913009, 40.837554448848806], [-73.8819304330995, 40.83763587426529], [-73.8818865744021, 40.83771653168491], [-73.8818402508191, 40.83779639412649], [-73.8817798518199, 40.83789706155672]]]}}, {"type": "Feature", "properties": {"layer": "road", "label": "roadbed", "method": "official current vector data"}, "geometry": {"type": "Polygon", "coordinates": [[[-73.88159187515491, 40.838150466004606], [-73.8816010790839, 40.83815539215299], [-73.88164987051749, 40.83818154756339], [-73.88167500066498, 40.83819502043091], [-73.8816809073354, 40.8381852264085], [-73.881681508872, 40.83818100190529], [-73.88168289517519, 40.83817686195319], [-73.88168502811, 40.8381729154727], [-73.8816878696094, 40.83816923266339], [-73.8817119471979, 40.83813517904429], [-73.8817623167825, 40.838063936737704], [-73.8817647606683, 40.838060481343994], [-73.88176740662838, 40.838056738899596], [-73.8817699420438, 40.838053152127294], [-73.88177588297118, 40.83804474939899], [-73.88177905075328, 40.83804026818319], [-73.88180939961549, 40.837997343895715], [-73.88184205919029, 40.83795115047051], [-73.88184529828119, 40.837946569370885], [-73.88185380668898, 40.83793453487261], [-73.8818157927037, 40.8379152793741], [-73.8817798518199, 40.83789706155672], [-73.88177272948708, 40.8379084094926], [-73.8817716214355, 40.8379101012866], [-73.88173747865778, 40.83796224093789], [-73.88171056194518, 40.838003356931715], [-73.8817078182884, 40.838007364019994], [-73.88170238922038, 40.83801529451019], [-73.88169930795148, 40.8380197965241], [-73.88169732628889, 40.8380226904819], [-73.8816951793872, 40.8380258265034], [-73.881656357671, 40.83808071684369], [-73.8816531839343, 40.838085207055016], [-73.8816395894813, 40.83810359561149], [-73.8816296057901, 40.8381170999878], [-73.88161789515298, 40.838132940274505], [-73.8816097311025, 40.8381439827636], [-73.8816067792814, 40.83814569517569], [-73.8816033944799, 40.838146858742206], [-73.8815997510976, 40.838147414209416], [-73.8815960365238, 40.8381473320532], [-73.8815924416424, 40.838146617872724], [-73.8815891501719, 40.83814530607508], [-73.8815863315401, 40.83814346617259], [-73.88158413023248, 40.83814119196501], [-73.88158265868108, 40.838138599731415], [-73.88158199371908, 40.83813582192371], [-73.8815821682887, 40.838133002654516], [-73.881583172648, 40.8381302859932], [-73.8815920042321, 40.83811791326041], [-73.8815987949225, 40.83810839930279], [-73.8816110997003, 40.83809116025941], [-73.8816297196958, 40.83806507493411], [-73.8816685405119, 40.83801069788349], [-73.88167059111558, 40.83800770764399], [-73.88167233502179, 40.838005163734984], [-73.88167565878679, 40.8380003143797], [-73.8816809451855, 40.83799260346499], [-73.8816835307313, 40.83798883124421], [-73.8817102682594, 40.83794847148831], [-73.8817457081718, 40.83789499954241], [-73.88174601727628, 40.83789453250261], [-73.88175310346588, 40.8378835087093], [-73.8817158003152, 40.837864605099284], [-73.8816844225619, 40.837848706202415], [-73.8816815629323, 40.837847257074706], [-73.8816787352855, 40.8378458250892], [-73.88167576075048, 40.8378443173113], [-73.88167557121339, 40.83784422166438], [-73.88167081928759, 40.83785142074599], [-73.8816683190857, 40.83785520926299], [-73.8816635041578, 40.8378624983291], [-73.88165506315438, 40.8378752856962], [-73.8816334494245, 40.837908023509314], [-73.8816246160974, 40.83792139579291], [-73.8816110522389, 40.83794192845549], [-73.881607115875, 40.8379478883904], [-73.8816050983536, 40.837950943498406], [-73.8816003618727, 40.8379581164785], [-73.8815964718681, 40.837964008923514], [-73.8815954304121, 40.837965586421284], [-73.88159415712549, 40.83796751487402], [-73.8815936934802, 40.8379682077788], [-73.8815903206367, 40.8379733164238], [-73.881570736255, 40.83800298201971], [-73.881563709984, 40.838013624953916], [-73.8815576704739, 40.8380227767816], [-73.8815410226075, 40.83804798793972], [-73.8815336634523, 40.83805912850361], [-73.88153326280039, 40.83805973502551], [-73.88152665263608, 40.8380697417351], [-73.8815111865069, 40.83809315581501], [-73.8815044794931, 40.838103613571604], [-73.8815393761555, 40.83812231666881], [-73.8815749480137, 40.83814138965131], [-73.88159187515491, 40.838150466004606]]]}}, {"type": "Feature", "properties": {"layer": "road", "label": "roadbed", "method": "official current vector data"}, "geometry": {"type": "Polygon", "coordinates": [[[-73.88120908544249, 40.838672644655986], [-73.8812234348075, 40.838659907531806], [-73.8812607089308, 40.8386268203212], [-73.88126095982028, 40.83862575799601], [-73.88126126997788, 40.83862470473681], [-73.8812616156898, 40.838623660519104], [-73.8812620088129, 40.83862262535532], [-73.88126246118789, 40.8386216082622], [-73.88126294913329, 40.838620591205796], [-73.8812634844577, 40.83861960121299], [-73.8812640790662, 40.83861861128122], [-73.8812646973401, 40.8386176483886], [-73.8812653748659, 40.83861670356691], [-73.88126608794609, 40.83861576778671], [-73.8812668484052, 40.838614859070105], [-73.88127317885309, 40.838608832273806], [-73.8813092730391, 40.838574488543415], [-73.8813516857645, 40.83853411798859], [-73.8813941103114, 40.83849373842511], [-73.88143092413898, 40.83845869661248], [-73.88143652293398, 40.838453367838596], [-73.8814789473618, 40.8384129972483], [-73.8815213598813, 40.83837262663001], [-73.8815637842063, 40.83833225600791], [-73.8816025384124, 40.838295438556], [-73.88160333411298, 40.838294709972196], [-73.8816041653359, 40.838294008439796], [-73.8816050320969, 40.83829332495371], [-73.8816059225234, 40.83829266850671], [-73.881606848488, 40.8382920301061], [-73.88160780997478, 40.838291418756704], [-73.8816087832703, 40.83829083443431], [-73.8816097920879, 40.83829027716322], [-73.881610824571, 40.838289746931316], [-73.8816118807195, 40.83828924373841], [-73.8816127944219, 40.838288833150294], [-73.88161296054949, 40.8382887585798], [-73.881614052156, 40.8382883184578], [-73.8816151793007, 40.83828789638229], [-73.8816163051957, 40.83828751032529], [-73.8816174689842, 40.838287151322014], [-73.881618631539, 40.838286819332204], [-73.8816198177431, 40.8382865233865], [-73.8816503798044, 40.8382358470041], [-73.88167500066498, 40.83819502043091], [-73.88164987051749, 40.83818154756339], [-73.8816010790839, 40.83815539215299], [-73.88159187515491, 40.838150466004606], [-73.8815749480137, 40.83814138965131], [-73.8815393761555, 40.83812231666881], [-73.8815044794931, 40.838103613571604], [-73.8814496700914, 40.83817504750999], [-73.8814302296295, 40.83819906802899], [-73.8814176372882, 40.83821462733501], [-73.88139266766999, 40.838245479617605], [-73.8813334853315, 40.83831487388491], [-73.8813116643284, 40.838341337677186], [-73.8812891279815, 40.838368668805806], [-73.88124287513098, 40.8384215342482], [-73.8811947624119, 40.838473434227005], [-73.88114482547299, 40.838524323751706], [-73.8811176173164, 40.8385556869485], [-73.8810890231754, 40.83858632831432], [-73.8810590905083, 40.83861622988711], [-73.8810372885769, 40.83863655317439], [-73.8810278549654, 40.83864534667801], [-73.880995340324, 40.83867364269069], [-73.88095937715318, 40.838706845757706], [-73.8811705544584, 40.838706845757706], [-73.88120908544249, 40.838672644655986]], [[-73.8815208673492, 40.83822442184], [-73.88152439753249, 40.8382255150645], [-73.88152752833508, 40.8382271661853], [-73.8815284352323, 40.83822791362669], [-73.8815301128762, 40.83822929490749], [-73.88153202447148, 40.838231798444596], [-73.88153317440532, 40.83823455874091], [-73.8815335060026, 40.8382374424648], [-73.88153300409309, 40.838240312725816], [-73.88153169263869, 40.83824302997172], [-73.8815147259721, 40.8382614645766], [-73.8814932010284, 40.83828485261841], [-73.8814924906199, 40.838285623612215], [-73.8814285869069, 40.838355057200914], [-73.8813599827729, 40.83842396723401], [-73.8812033992636, 40.83857416703041], [-73.8812006455022, 40.83857251448831], [-73.88119763590748, 40.838570708598496], [-73.8812833177721, 40.838480512344], [-73.8813486564846, 40.838408388735196], [-73.88146757985719, 40.838272798386214], [-73.8814688523031, 40.838271347196205], [-73.8814883880728, 40.83824907282781], [-73.8815096287346, 40.83822485603981], [-73.8815133033359, 40.83822408358849], [-73.88151710961968, 40.83822393621541], [-73.8815208673492, 40.83822442184]]]}}, {"type": "Feature", "properties": {"layer": "road", "label": "roadbed", "method": "official current vector data"}, "geometry": {"type": "MultiPolygon", "coordinates": [[[[-73.88207537021408, 40.83508854351672], [-73.8819485589946, 40.83527141597781], [-73.88197251890838, 40.835279637704915], [-73.8820365510494, 40.83530162126041], [-73.882132989488, 40.835159209325], [-73.88215263089218, 40.83513020464201], [-73.8821863677589, 40.83507998068318], [-73.8822472033567, 40.83498941429331], [-73.8822715381974, 40.83495549115869], [-73.88216604528489, 40.83495549115869], [-73.88207537021408, 40.83508854351672]]], [[[-73.88221996433698, 40.83508151612181], [-73.8821774588408, 40.835143008031494], [-73.8821593417274, 40.8351695757357], [-73.8821455182227, 40.83518984616061], [-73.8821136013839, 40.83523662127031], [-73.8820816844841, 40.83528340537559], [-73.8820630454875, 40.83531071633939], [-73.88210068985899, 40.83532364991402], [-73.882128535095, 40.835333214616014], [-73.8821627622365, 40.83534496953209], [-73.88217975258279, 40.83535080408691], [-73.88217981775219, 40.835350826665795], [-73.882182288279, 40.835351674754314], [-73.88227056791268, 40.835220820327805], [-73.88234101271924, 40.835123565063945], [-73.88234101271924, 40.83495549115869], [-73.8823174685369, 40.83495549115869], [-73.88221996433698, 40.83508151612181]]]]}}, {"type": "Feature", "properties": {"layer": "road", "label": "roadbed", "method": "official current vector data"}, "geometry": {"type": "Polygon", "coordinates": [[[-73.881946460999, 40.8352744421949], [-73.8819446886992, 40.83527699778659], [-73.8819331176885, 40.83529465455349], [-73.8819054865658, 40.835336820756496], [-73.8818939749753, 40.83535438753069], [-73.8818652167776, 40.83539827251471], [-73.88185188384989, 40.8354186190479], [-73.8818499567287, 40.835421558990696], [-73.8818649911089, 40.835426542421395], [-73.88187046903688, 40.835428358026995], [-73.88189317465519, 40.83543588330341], [-73.8819353913369, 40.835449874292294], [-73.88193711139749, 40.83544736187119], [-73.8819505604482, 40.83542771062921], [-73.8819646930668, 40.835407021814596], [-73.8819791727541, 40.835385839882], [-73.88198027825939, 40.83538422012239], [-73.88199212739949, 40.8353668427889], [-73.8820054184599, 40.8353473435623], [-73.88202072917409, 40.8353248639609], [-73.8820343804465, 40.8353048094939], [-73.8820365510494, 40.83530162126041], [-73.88197251890838, 40.835279637704915], [-73.8819485589946, 40.83527141597781], [-73.881946460999, 40.8352744421949]]]}}, {"type": "Feature", "properties": {"layer": "road", "label": "roadbed", "method": "official current vector data"}, "geometry": {"type": "Polygon", "coordinates": [[[-73.8820608392387, 40.835313948661216], [-73.8820502430497, 40.835329478567104], [-73.88204976518581, 40.8353301795639], [-73.8820471654743, 40.8353339868993], [-73.88203188692569, 40.835356383691696], [-73.8820185043691, 40.83537600079248], [-73.8820178517674, 40.83537695555001], [-73.8820066647687, 40.83539335022299], [-73.88200550220708, 40.835395052770096], [-73.88199111636608, 40.835416135747394], [-73.8819859335634, 40.8354237306216], [-73.88197699679569, 40.83543682457872], [-73.88196369029268, 40.835456325586996], [-73.88196206412728, 40.8354587084333], [-73.8820023624303, 40.83547206618731], [-73.88200380570478, 40.83546985424729], [-73.88201648959559, 40.83545043724421], [-73.8820890887753, 40.8354218496338], [-73.8821178365626, 40.8354105291817], [-73.8821515330371, 40.83539726060541], [-73.882166473204, 40.8353751164908], [-73.88217997854719, 40.83535509787751], [-73.882182288279, 40.835351674754314], [-73.88217981775219, 40.835350826665795], [-73.88217975258279, 40.83535080408691], [-73.8821627622365, 40.83534496953209], [-73.882128535095, 40.835333214616014], [-73.88210068985899, 40.83532364991402], [-73.8820630454875, 40.83531071633939], [-73.8820608392387, 40.835313948661216]]]}}, {"type": "Feature", "properties": {"layer": "road", "label": "roadbed", "method": "official current vector data"}, "geometry": {"type": "Polygon", "coordinates": [[[-73.8807515765552, 40.8373989858373], [-73.8807593908347, 40.83740186469301], [-73.8807657891844, 40.837404221598604], [-73.88078294624069, 40.8374105427962], [-73.8807975006221, 40.83741628588529], [-73.8807995574772, 40.8374170975557], [-73.880812609529, 40.83739840777021], [-73.880845774487, 40.837350949949204], [-73.88085847563968, 40.83733155200711], [-73.88085917115268, 40.8373304901418], [-73.880860766673, 40.837328053250395], [-73.8808674947259, 40.83731777745151], [-73.88086974058228, 40.8373143461851], [-73.880870780879, 40.8373127578865], [-73.8808708034645, 40.83731272549199], [-73.8809524316087, 40.83718805254139], [-73.88104124445658, 40.83704683764961], [-73.8810556757816, 40.8370238908187], [-73.881136541885, 40.836888683859904], [-73.8812166848486, 40.836753232963304], [-73.88133099705429, 40.8365451112224], [-73.88139870196879, 40.8364095663498], [-73.88146537559828, 40.8362737412213], [-73.8814713261514, 40.836261864407184], [-73.8815593633757, 40.83608615664621], [-73.881627643283, 40.835956107940106], [-73.8816376757454, 40.83593699983], [-73.88165724932088, 40.835899719617416], [-73.8816666737668, 40.83588181484231], [-73.8816966506531, 40.83582486588101], [-73.881738801022, 40.8357508794241], [-73.88178370029209, 40.83567783228331], [-73.8818106228972, 40.835632844135205], [-73.8818375454499, 40.83558786498539], [-73.88186445612588, 40.83554287681189], [-73.8819078133631, 40.8354901161915], [-73.8819353913369, 40.835449874292294], [-73.88189317465519, 40.83543588330341], [-73.88187046903688, 40.835428358026995], [-73.8818649911089, 40.835426542421395], [-73.8818499567287, 40.835421558990696], [-73.8818027570302, 40.83549358444262], [-73.8817070111962, 40.8356412169743], [-73.88157482799039, 40.83590612308431], [-73.8815695917233, 40.835917062322196], [-73.881560335432, 40.83593639724771], [-73.8815365556132, 40.8359860711366], [-73.8814395652008, 40.836188670161796], [-73.8811714612394, 40.836699763629404], [-73.8809173994565, 40.83715797317379], [-73.88082351588729, 40.83729611744491], [-73.8808210634069, 40.83729972589442], [-73.8808124874497, 40.837312344669215], [-73.8808119120748, 40.83731319053959], [-73.8808111393579, 40.8373143279663], [-73.8807515765552, 40.8373989858373]]]}}, {"type": "Feature", "properties": {"layer": "road", "label": "roadbed", "method": "official current vector data"}, "geometry": {"type": "Polygon", "coordinates": [[[-73.88082014974388, 40.837425214282085], [-73.88083337002531, 40.83743042739782], [-73.88084924905628, 40.8374366896333], [-73.8808638236022, 40.837442434535895], [-73.88087828038329, 40.83742190738402], [-73.8808869042867, 40.8374096614588], [-73.8809226931167, 40.837356875397305], [-73.8809236025471, 40.837355534599084], [-73.8809321559565, 40.8373429184944], [-73.8809342743953, 40.83733979416391], [-73.88104136943831, 40.837181839040504], [-73.8812245965212, 40.83689213251652], [-73.88135107183889, 40.83667042761562], [-73.8814458475931, 40.83649425232369], [-73.88164015502008, 40.83610155429871], [-73.8817048863755, 40.83597872837692], [-73.88171495199929, 40.83595963019961], [-73.8817749387698, 40.835845808821], [-73.8818220497661, 40.8357644721766], [-73.8818298930633, 40.83575093136691], [-73.8819742982834, 40.83551503610439], [-73.8820023624303, 40.83547206618731], [-73.88196206412728, 40.8354587084333], [-73.8819540165001, 40.8354705056852], [-73.88192602216958, 40.835511530593095], [-73.88192209937588, 40.8355172897446], [-73.8818901822228, 40.8355640647898], [-73.8818070907124, 40.835705699557195], [-73.8817683875289, 40.83577409750009], [-73.8817264753461, 40.8358481652562], [-73.8816749643725, 40.8359387832496], [-73.8816708420425, 40.83594671238001], [-73.88166089372488, 40.835965844892726], [-73.88162723333579, 40.83603058474641], [-73.8816036356902, 40.8360805010684], [-73.8815833179787, 40.8361234797386], [-73.88150911300109, 40.8362675997634], [-73.88143546466479, 40.83641188239852], [-73.8813867167706, 40.83650905419509], [-73.88137468594648, 40.8365330355051], [-73.8813095935516, 40.83665289643099], [-73.8812351954817, 40.83678496744971], [-73.8811554293669, 40.83691521388731], [-73.88106612919418, 40.8370593270596], [-73.8810522634682, 40.83708025916779], [-73.8809718758626, 40.83720160704401], [-73.8808899667088, 40.83732232204391], [-73.8808877163138, 40.8373256398437], [-73.88087915340968, 40.83733825773639], [-73.8808783783128, 40.83733940056408], [-73.88084334917559, 40.83739102485829], [-73.88082014974388, 40.837425214282085]]]}}, {"type": "Feature", "properties": {"layer": "road", "label": "roadbed", "method": "official current vector data"}, "geometry": {"type": "Polygon", "coordinates": [[[-73.88074629401599, 40.837406494102915], [-73.8807338519908, 40.837424178659106], [-73.8806738491758, 40.837509460976875], [-73.8806714824847, 40.837512825477816], [-73.8806700786377, 40.837514820422015], [-73.880665924153, 40.837520724268906], [-73.880664968442, 40.83752208302701], [-73.8806625708438, 40.8375254916199], [-73.88058570140969, 40.837634746515], [-73.88057820785552, 40.837645396110176], [-73.88058292700919, 40.83764726502009], [-73.88059693163419, 40.83765280855581], [-73.880622478879, 40.83766355178639], [-73.8806262547489, 40.837665139664324], [-73.88063375556509, 40.837654404526596], [-73.8806468076954, 40.83763572286511], [-73.8806699781828, 40.8376025573096], [-73.88067997053489, 40.837588256086285], [-73.88070994043649, 40.8375453605081], [-73.8807124961717, 40.83754170354119], [-73.8807131273809, 40.8375407991969], [-73.8807138204027, 40.8375398066681], [-73.8807175779287, 40.83753442919832], [-73.88071939071932, 40.83753183404651], [-73.8807214495747, 40.837528886155305], [-73.8807462913114, 40.8374933323996], [-73.88075458496, 40.83748146254969], [-73.8807611632944, 40.83747204747531], [-73.8807792257698, 40.837446195836705], [-73.8807794492468, 40.8374458763921], [-73.88078110868709, 40.83744350170201], [-73.88078873783378, 40.8374325829856], [-73.88079399312258, 40.8374250620829], [-73.8807995574772, 40.8374170975557], [-73.8807975006221, 40.83741628588529], [-73.88078294624069, 40.8374105427962], [-73.8807657891844, 40.837404221598604], [-73.8807593908347, 40.83740186469301], [-73.8807515765552, 40.8373989858373], [-73.88074629401599, 40.837406494102915]]]}}, {"type": "Feature", "properties": {"layer": "road", "label": "roadbed", "method": "official current vector data"}, "geometry": {"type": "Polygon", "coordinates": [[[-73.8808146281362, 40.83743314463581], [-73.8808097246611, 40.837440187740214], [-73.88080151558859, 40.837451846065306], [-73.88077458704609, 40.8374900928564], [-73.8807414225974, 40.83753719946359], [-73.88073954690118, 40.837539831470906], [-73.8807375273782, 40.8375426650403], [-73.88073387107849, 40.837547794979386], [-73.880732366243, 40.83754990598371], [-73.8807296549205, 40.83755371137179], [-73.8806885774912, 40.83761061616669], [-73.8806516221334, 40.837661807071186], [-73.8806438012383, 40.837672514864], [-73.8806770933591, 40.83768651598171], [-73.8806885453782, 40.83769133196717], [-73.8806889733173, 40.83769071917309], [-73.8806961827455, 40.837680481703394], [-73.8807725633171, 40.837572022267594], [-73.880775576645, 40.83756774353051], [-73.88077731926401, 40.837565268971616], [-73.8807806903859, 40.8375604827253], [-73.88078292155579, 40.837557314390004], [-73.8807842980575, 40.83755535993839], [-73.8808447285538, 40.83746955121651], [-73.88085803708148, 40.8374506518758], [-73.8808638236022, 40.837442434535895], [-73.88084924905628, 40.8374366896333], [-73.88083337002531, 40.83743042739782], [-73.88082014974388, 40.837425214282085], [-73.8808146281362, 40.83743314463581]]]}}, {"type": "Feature", "properties": {"layer": "road", "label": "roadbed", "method": "official current vector data"}, "geometry": {"type": "Polygon", "coordinates": [[[-73.8795733930591, 40.8386879164737], [-73.87959703715032, 40.8386785499009], [-73.8796068343722, 40.83867466819052], [-73.8796393881433, 40.838661771965306], [-73.87963970970908, 40.8386616363263], [-73.8796900319231, 40.838640329998704], [-73.8797398949925, 40.838617851627106], [-73.8797417427032, 40.8386169656661], [-73.87978892990658, 40.8385943458072], [-73.8798043532239, 40.83858649696181], [-73.8798340866563, 40.8385713645162], [-73.8798370975006, 40.83856983230989], [-73.87989317817218, 40.838540136582516], [-73.87994591949328, 40.83851264536449], [-73.8799986726276, 40.83848515413451], [-73.8800000018386, 40.8384844621367], [-73.8800118971009, 40.8384782629008], [-73.8800514257183, 40.8384576628804], [-73.8801028401513, 40.8384301612055], [-73.88018644082169, 40.8383843246596], [-73.8801612593879, 40.838374438084294], [-73.88013146182118, 40.83836273941382], [-73.8801265092868, 40.838348894566714], [-73.8801402970325, 40.838338648660994], [-73.88028045431389, 40.83821576235962], [-73.8803677119281, 40.83812798894392], [-73.8804029673356, 40.8380887657448], [-73.88044875944338, 40.838030595344826], [-73.8805680590197, 40.83786375553972], [-73.8806821845506, 40.83770043389012], [-73.8806885453782, 40.83769133196717], [-73.8806770933591, 40.83768651598171], [-73.8806438012383, 40.837672514864], [-73.88059293082338, 40.8377415391516], [-73.8805900529196, 40.837745663138904], [-73.88050421607498, 40.83786867815441], [-73.8804880460623, 40.837891692449894], [-73.8804150270755, 40.837995618486], [-73.88039832753408, 40.83801833865819], [-73.880380692046, 40.83804064362981], [-73.88036213249968, 40.838062515402704], [-73.8803426844972, 40.83808393600371], [-73.88032234808648, 40.83810487841738], [-73.8802764236955, 40.83815279109611], [-73.8802286159461, 40.83819963021221], [-73.8801789723285, 40.8382453597926], [-73.8801549450022, 40.83826619208359], [-73.8801465123491, 40.83827020583042], [-73.8801440443005, 40.838271227128104], [-73.8801412341775, 40.838271264730196], [-73.8801385114511, 40.838270176804805], [-73.88013686479529, 40.838269379957005], [-73.8801366740671, 40.83826928790829], [-73.8801350296779, 40.83826723307201], [-73.8801347155155, 40.83826523544869], [-73.8801365966843, 40.838260248664], [-73.8801458055979, 40.8382524842644], [-73.8801595352454, 40.838240909166], [-73.8802074784791, 40.83819788831633], [-73.88023027625509, 40.83817703582709], [-73.8802337845166, 40.83817382740602], [-73.88025917857179, 40.83814920723621], [-73.8802836487397, 40.83812405481001], [-73.8803071594182, 40.83809838810092], [-73.88032971057548, 40.83807222511942], [-73.8803683648977, 40.838025313432524], [-73.8804055619893, 40.837977733855304], [-73.8804238265422, 40.83795306933571], [-73.8804412781066, 40.83792950437461], [-73.8804677865898, 40.83789164804309], [-73.8804942950266, 40.8378538007101], [-73.88052081529, 40.837815953383114], [-73.8805473236665, 40.8377781060374], [-73.8805760182371, 40.83773703807891], [-73.88058048901921, 40.83773063929079], [-73.8806136424518, 40.837683181527005], [-73.8806262547489, 40.837665139664324], [-73.880622478879, 40.83766355178639], [-73.88059693163419, 40.83765280855581], [-73.88058292700919, 40.83764726502009], [-73.88057820785552, 40.837645396110176], [-73.8804887355131, 40.837772564034985], [-73.8803034740966, 40.8380280097273], [-73.8802776136931, 40.83805880501481], [-73.8802194882364, 40.838119494730115], [-73.8801426226787, 40.8381922477787], [-73.88011857379671, 40.8382118868847], [-73.88009405116948, 40.83823122652888], [-73.8800690737938, 40.83825025232303], [-73.8800436582919, 40.838268951676795], [-73.8800178272191, 40.83828730930541], [-73.8799915971994, 40.83830531171822], [-73.8799720781496, 40.83832066014751], [-73.87993974891829, 40.838344606669], [-73.87990650800928, 40.838367822831515], [-73.8798957221204, 40.838374918303295], [-73.87988493504339, 40.838382013772915], [-73.87987237920119, 40.83839027263928], [-73.879837382664, 40.8384119489086], [-73.8798092795433, 40.8384284328955], [-73.8797806639182, 40.83844441386549], [-73.87975157491928, 40.83845989005779], [-73.8796820867421, 40.838496701847006], [-73.8796111312272, 40.838531864157595], [-73.8795668326063, 40.83855236629571], [-73.8795387795671, 40.838565350046714], [-73.8794651029714, 40.83859712356621], [-73.87942262086608, 40.838616241686005], [-73.87938015060939, 40.8386353507976], [-73.8793426264493, 40.838652149896305], [-73.87933890512309, 40.838653815520196], [-73.8793379035927, 40.8386542638193], [-73.87933720584329, 40.838654576461416], [-73.8793053712449, 40.838660549452015], [-73.87927603219889, 40.8386653850198], [-73.8792733363329, 40.838665828843304], [-73.8792411011086, 40.83867041463529], [-73.879228182643, 40.838671959865415], [-73.8792087130326, 40.838674288867594], [-73.8791965789605, 40.838675472016305], [-73.87917619580348, 40.838677460569905], [-73.8791722421516, 40.8386777797058], [-73.8791474150247, 40.83867978070818], [-73.8791225523193, 40.83868178527], [-73.8790978912078, 40.83868377382892], [-73.87907595045469, 40.838685542812414], [-73.8790572957144, 40.83868704689], [-73.8790398315753, 40.83868845495981], [-73.87900312925169, 40.83869141330951], [-73.87898566392458, 40.8386928213698], [-73.8789425622889, 40.838697174155385], [-73.8788749895399, 40.83870399740031], [-73.8788467814191, 40.838706845757706], [-73.87927176947832, 40.838706845757706], [-73.8792849468895, 40.8387035446986], [-73.8793252445583, 40.83869254680429], [-73.879330480879, 40.83869105385981], [-73.87933107402729, 40.83869088518731], [-73.87934219319808, 40.83868771627311], [-73.8793694104284, 40.83867995906629], [-73.87938262047699, 40.8386758495171], [-73.87941305637689, 40.838666380223884], [-73.87945617051298, 40.8386518282753], [-73.8794986816615, 40.83863632115631], [-73.8795405779642, 40.83861985885552], [-73.8795818238167, 40.838602459346006], [-73.879632457098, 40.8385802519732], [-73.87963680748969, 40.838578218694], [-73.8796822623072, 40.838556972125794], [-73.8797311801265, 40.8385326377531], [-73.8797791749676, 40.838507257823906], [-73.8798248501926, 40.83848077955619], [-73.8798292821675, 40.83847820966012], [-73.8798406975489, 40.83847249800979], [-73.8798529009312, 40.8384663927627], [-73.8798665712731, 40.838459478597215], [-73.8798738866174, 40.8384557077413], [-73.87988122577849, 40.8384518792781], [-73.879886111882, 40.8384492999473], [-73.8798871610247, 40.83844874543472], [-73.8798921753907, 40.8384460500734], [-73.87989556023359, 40.83844423189781], [-73.87989687160768, 40.838443568698395], [-73.87989819952269, 40.8384429379339], [-73.8798994988611, 40.838442373776296], [-73.8799007256862, 40.8384419131001], [-73.8799018348772, 40.838441591877995], [-73.8799028252484, 40.83844141010881], [-73.87990402423722, 40.83844126277562], [-73.87990523854229, 40.83844116948809], [-73.879906278421, 40.838441148958886], [-73.8799078134369, 40.83844139279018], [-73.879908556175, 40.838442428231716], [-73.8799082351226, 40.8384435940378], [-73.87990774027129, 40.838444485012104], [-73.8799070154797, 40.83844533072231], [-73.8799060962449, 40.838446171727504], [-73.8799024995946, 40.8384490657739], [-73.87980153081908, 40.838512603946185], [-73.8797984057056, 40.83851438276808], [-73.8797590613733, 40.838535953626895], [-73.8796999243689, 40.838566076537816], [-73.8796578738098, 40.8385859218934], [-73.8796394384858, 40.83859462214539], [-73.87957768677289, 40.8386215635195], [-73.87951475229639, 40.838646864725], [-73.8794506944087, 40.838670489802304], [-73.8793855961605, 40.8386924118215], [-73.8793412091554, 40.838705979972815], [-73.87933837697244, 40.838706845757706], [-73.87952194827838, 40.838706845757706], [-73.8795733930591, 40.8386879164737]]]}}, {"type": "Feature", "properties": {"layer": "road", "label": "roadbed", "method": "official current vector data"}, "geometry": {"type": "Polygon", "coordinates": [[[-73.881603062784, 40.835801476747406], [-73.8815347083652, 40.835906847304194], [-73.881522689789, 40.83592537344658], [-73.8815136660425, 40.83593928402639], [-73.8812718658554, 40.83632688119441], [-73.8811610034736, 40.8365028119498], [-73.88099798753478, 40.83676150729699], [-73.88073140856679, 40.837187276700014], [-73.8806918383138, 40.837249484270004], [-73.8806836959644, 40.83726228448331], [-73.88062572086788, 40.837353426593594], [-73.8806342665927, 40.837356359343985], [-73.8806571713238, 40.8373642173495], [-73.8806627307705, 40.837366266324096], [-73.88069642640879, 40.837312523642105], [-73.88071955850968, 40.837276223413404], [-73.8807277103262, 40.837263430411305], [-73.8809073015364, 40.836981603564396], [-73.88094581503708, 40.83692070684811], [-73.8809458340607, 40.836920677151376], [-73.8811640616372, 40.8365756146997], [-73.88123170029368, 40.836466103161214], [-73.881516217093, 40.836005440600516], [-73.88155745939352, 40.83593555503311], [-73.88156855246329, 40.83591675778831], [-73.88157482799039, 40.83590612308431], [-73.8817070111962, 40.8356412169743], [-73.881603062784, 40.835801476747406]]]}}, {"type": "Feature", "properties": {"layer": "road", "label": "roadbed", "method": "official current vector data"}, "geometry": {"type": "Polygon", "coordinates": [[[-73.87984979762548, 40.83739185907321], [-73.8798796115128, 40.83739228004079], [-73.87989320395239, 40.83739358550521], [-73.87989610120668, 40.837393864073505], [-73.87991249531709, 40.83739585322691], [-73.87992880571728, 40.83739823850852], [-73.87993345798938, 40.83739904209021], [-73.87994500866179, 40.83740103790339], [-73.87995334443042, 40.83740269538539], [-73.8799610804702, 40.837404233377214], [-73.8799614810606, 40.837404323843614], [-73.879969374363, 40.83740610062967], [-73.8799749352314, 40.8374073518007], [-73.8799769974458, 40.8374078159004], [-73.8799774963828, 40.83740794158828], [-73.8799807483579, 40.8374087626215], [-73.8799927607584, 40.837411794479195], [-73.8799824876971, 40.8374061484944], [-73.8799797017824, 40.83740461745601], [-73.8799775649659, 40.83740344368889], [-73.8799733008103, 40.83740110066698], [-73.8799671296326, 40.83739770838501], [-73.87996078907362, 40.8373942231754], [-73.8799463975555, 40.837386314460495], [-73.8799171004639, 40.837370213734815], [-73.8799076624776, 40.837365026964406], [-73.87988773468659, 40.837354075109104], [-73.8798686561787, 40.8373435896907], [-73.87985927266018, 40.837342386761506], [-73.8798397664501, 40.837340261985695], [-73.8798188209231, 40.8373394090063], [-73.87979783884748, 40.8373390980828], [-73.87978781744249, 40.8373392092052], [-73.8797931643704, 40.83736633677659], [-73.8797981752838, 40.83739175936109], [-73.87981047718658, 40.83739139217221], [-73.8798124869915, 40.83739133213229], [-73.87984979762548, 40.83739185907321]]]}}, {"type": "Feature", "properties": {"layer": "road", "label": "roadbed", "method": "official current vector data"}, "geometry": {"type": "Polygon", "coordinates": [[[-73.8804392623069, 40.83764655157791], [-73.8803498600027, 40.83778802832679], [-73.88026735266429, 40.83791859276391], [-73.880253921482, 40.8379363239664], [-73.8802259074455, 40.8379733052056], [-73.88021106708189, 40.837992017379214], [-73.88019925369339, 40.83800614197371], [-73.88019698930428, 40.83800863939461], [-73.8801867448934, 40.83801994256698], [-73.88016953694569, 40.838037870646495], [-73.8801540099254, 40.838053359229214], [-73.8801515927371, 40.838055770043], [-73.88013645068078, 40.838070148713584], [-73.8801211861945, 40.83808337732328], [-73.88010180544559, 40.8380990131766], [-73.8800764168453, 40.8381186121601], [-73.8800750752175, 40.83811961931911], [-73.8800502752726, 40.83813824097182], [-73.8800430839046, 40.838143640062114], [-73.88001520990419, 40.83816400186749], [-73.8799801960241, 40.83818881098329], [-73.8799422781313, 40.83821508126971], [-73.8799086029531, 40.8382378494355], [-73.8798977304987, 40.838244962827396], [-73.8798917879805, 40.83824885127831], [-73.87986358534799, 40.8382673036562], [-73.87986039922538, 40.8382693885844], [-73.8798338150126, 40.838287191583206], [-73.87981848095478, 40.8382981778487], [-73.8797999000434, 40.8383120450125], [-73.87977756529199, 40.838329178856725], [-73.8797563826983, 40.83834582853111], [-73.8797517184571, 40.8383496435662], [-73.8797451424457, 40.8383550225679], [-73.87974104935849, 40.838358370841505], [-73.87972260525848, 40.83837393376649], [-73.8796725409722, 40.83841729528942], [-73.87964509713679, 40.838441594415414], [-73.8795944134548, 40.838486469889524], [-73.87957419072099, 40.83850402102651], [-73.8795581132622, 40.83851756388529], [-73.8795263743433, 40.838542771598995], [-73.8795258673275, 40.838543174491], [-73.8795083684945, 40.83855656367449], [-73.87949460206289, 40.83856674649209], [-73.8794791490444, 40.8385772283109], [-73.8794594766634, 40.838589404050694], [-73.8794033289791, 40.838621925248795], [-73.87938015060939, 40.8386353507976], [-73.87942262086608, 40.838616241686005], [-73.8794651029714, 40.83859712356621], [-73.8795387795671, 40.838565350046714], [-73.8795668326063, 40.83855236629571], [-73.8796111312272, 40.838531864157595], [-73.8796820867421, 40.838496701847006], [-73.8796684947251, 40.83848455170351], [-73.8797204930397, 40.838435215617686], [-73.87973845972559, 40.83841877691471], [-73.8797538908872, 40.8384052567697], [-73.8797695459868, 40.838392475261486], [-73.8797919570856, 40.838375097464606], [-73.8798196043379, 40.83835432305101], [-73.8798528119412, 40.838329865997295], [-73.87990229228849, 40.83829460913879], [-73.8799831014144, 40.838238494289506], [-73.8799980713902, 40.83822818659609], [-73.880020989333, 40.838212406758906], [-73.88006062985889, 40.83818488835162], [-73.88008776436739, 40.83816563427522], [-73.8800959219594, 40.838159632855294], [-73.8801076496071, 40.83815100570169], [-73.88012481026348, 40.838137634085015], [-73.8801445023213, 40.838121633851195], [-73.88016258409058, 40.838106365843885], [-73.88017671983398, 40.8380937835117], [-73.8801898401211, 40.8380808282187], [-73.8802050686547, 40.8380645117667], [-73.88022347227428, 40.8380436628189], [-73.8802380088482, 40.83802641543299], [-73.8802413619804, 40.838022436027224], [-73.880250775058, 40.838010567376806], [-73.8802612365503, 40.837996564741395], [-73.8802726608914, 40.8379805369917], [-73.88028552715528, 40.83796178944289], [-73.8803122219813, 40.837921246264806], [-73.8803569601596, 40.8378511153375], [-73.8803894913013, 40.83780037919301], [-73.8804631931653, 40.837684515120095], [-73.8805057132286, 40.837616699706906], [-73.8805029893196, 40.837615621694205], [-73.88047590188908, 40.8376049029553], [-73.88046779651698, 40.8376016941978], [-73.8804392623069, 40.83764655157791]]]}}, {"type": "Feature", "properties": {"layer": "road", "label": "roadbed", "method": "official current vector data"}, "geometry": {"type": "MultiPolygon", "coordinates": [[[[-73.8809920852447, 40.8350971984982], [-73.881086478355, 40.8351297496972], [-73.88109546456869, 40.8351328485601], [-73.88110343059269, 40.83513559517758], [-73.8811153505992, 40.8351397056176], [-73.881124743232, 40.835142945374415], [-73.88113247109538, 40.83514560979929], [-73.88113276731839, 40.8351457118606], [-73.8812222029756, 40.835176553201805], [-73.8813251026702, 40.83521203417079], [-73.8813420987938, 40.835217893168505], [-73.8813539761731, 40.83522198913201], [-73.8813657635029, 40.83522605348442], [-73.8813783695957, 40.83523040053252], [-73.8813918288155, 40.835235041117514], [-73.88140533898678, 40.83523969976318], [-73.8814155989929, 40.8352432375514], [-73.881452726502, 40.835256040234604], [-73.8814620883625, 40.835259268225705], [-73.88148623653949, 40.83526759470479], [-73.881623045907, 40.835314769854506], [-73.8817442041357, 40.835356547437414], [-73.8818253531697, 40.83538452974611], [-73.8818596181201, 40.83539634332301], [-73.8818652167776, 40.83539827251471], [-73.8818822556516, 40.83540414678481], [-73.8818851894662, 40.83540515834371], [-73.8819028290812, 40.8354112439417], [-73.8819505604482, 40.83542771062921], [-73.88195913558319, 40.835430666725706], [-73.8819657212678, 40.835432937309804], [-73.88197699679569, 40.83543682457872], [-73.8820159066243, 40.83545023583739], [-73.88201648959559, 40.83545043724421], [-73.88202606123379, 40.83545374014501], [-73.8820423429753, 40.8354593578763], [-73.8820812658546, 40.83547277903169], [-73.8820969113219, 40.83547817188148], [-73.8820997230986, 40.835479140986806], [-73.8821187562059, 40.83548570343752], [-73.88211887351268, 40.83548574317921], [-73.8821306289464, 40.8354897948136], [-73.8822010596563, 40.835514081077605], [-73.8822709228532, 40.835538168610306], [-73.88233048688959, 40.83555870754909], [-73.88234101271924, 40.83556233708126], [-73.88234101271924, 40.835509015031484], [-73.8822935423027, 40.8354925816297], [-73.88222469832088, 40.83546875629481], [-73.8821557015226, 40.835444885737715], [-73.8821468266166, 40.8354418149868], [-73.8821456902964, 40.83544142211031], [-73.8821379398552, 40.83543874422301], [-73.8821274357109, 40.83543511079731], [-73.8821194471106, 40.83543234801869], [-73.8820890887753, 40.8354218496338], [-73.8820783986067, 40.835418152078304], [-73.8820720120023, 40.8354159393358], [-73.88204971218778, 40.835408226305994], [-73.88204748457139, 40.83540745860722], [-73.8820452688114, 40.8354066909205], [-73.8820066647687, 40.83539335022299], [-73.8819944626845, 40.835389126124376], [-73.8819934649994, 40.8353887811146], [-73.88198788175528, 40.8353868501438], [-73.88198027825939, 40.83538422012239], [-73.88191496663919, 40.83536164089941], [-73.8818939749753, 40.83535438753069], [-73.88185432235498, 40.835340686410795], [-73.881720942001, 40.83529461725821], [-73.88165931791609, 40.83527333208071], [-73.8816208147307, 40.835260033680306], [-73.8815278359877, 40.835227943624986], [-73.88151120480629, 40.835222202994416], [-73.8814935842409, 40.83521612095781], [-73.8814603692871, 40.8352046568424], [-73.8814247715229, 40.83519237081731], [-73.8814167971891, 40.83518961881062], [-73.8814024907864, 40.83518468109451], [-73.88138726016899, 40.835179424551505], [-73.88138630395959, 40.835179094887394], [-73.8813737535665, 40.835174766807825], [-73.8813620468193, 40.835170729553916], [-73.8813503768036, 40.83516670584409], [-73.8813341283638, 40.835161102456894], [-73.88123137212749, 40.83512566396661], [-73.8811536823484, 40.83509887795859], [-73.88114305511819, 40.835095182182016], [-73.88113699324879, 40.83509307417961], [-73.8811288767901, 40.8350902517677], [-73.8811200482179, 40.83508718098531], [-73.8811120905353, 40.8350844136661], [-73.8811046222096, 40.83508181704439], [-73.8808909108325, 40.83500749480589], [-73.8807405461252, 40.83495549115869], [-73.88058170456621, 40.83495549115869], [-73.8809920852447, 40.8350971984982]]], [[[-73.8823277503423, 40.835430734525005], [-73.88225961719698, 40.83540724311889], [-73.882190098951, 40.835383272995394], [-73.8821824681877, 40.83538063755649], [-73.88216731329909, 40.835375406408005], [-73.882166473204, 40.8353751164908], [-73.8821652432763, 40.83537469200161], [-73.8821501867269, 40.83536950057309], [-73.8821125957224, 40.835356539154006], [-73.8820855313896, 40.8353472093751], [-73.8820851640699, 40.83534708293029], [-73.8820471654743, 40.8353339868993], [-73.882033687238, 40.835329335565625], [-73.8820271039358, 40.8353270631867], [-73.88202072917409, 40.8353248639609], [-73.88195635356739, 40.8353026648269], [-73.8819331176885, 40.83529465455349], [-73.88192991846009, 40.83529355177422], [-73.88189373164, 40.83528107798821], [-73.8815741010067, 40.835170863738114], [-73.881506109399, 40.83514741885641], [-73.8814732357079, 40.83513608296549], [-73.88144323065468, 40.83512573605599], [-73.8814309954483, 40.83512151726641], [-73.8814127291398, 40.835115218434595], [-73.88139618211439, 40.835109512092586], [-73.88138468865698, 40.835105548900906], [-73.8813751751559, 40.83510226851871], [-73.88136621618479, 40.8350991796111], [-73.88134894401209, 40.83509322397982], [-73.88134847834999, 40.8350930632127], [-73.8812437457948, 40.83505695363202], [-73.881156668216, 40.835026926983], [-73.88115213601428, 40.835025363556], [-73.8811478763359, 40.835023894961694], [-73.8811413997304, 40.83502166136331], [-73.88113431527708, 40.8350192182233], [-73.88112898445958, 40.8350173802218], [-73.8810092159285, 40.834976077983804], [-73.88099136678059, 40.834969922694114], [-73.88094945633829, 40.83495549115869], [-73.88079743202626, 40.83495549115869], [-73.8810784540412, 40.8350528211418], [-73.88111134797089, 40.83506405000751], [-73.8811187464705, 40.83506657541759], [-73.88112587125869, 40.83506900779419], [-73.88113415013788, 40.83507183397559], [-73.8811416078848, 40.835074379256305], [-73.88114757384459, 40.8350764160205], [-73.8812348735983, 40.83510621688059], [-73.88133861510259, 40.835141630267316], [-73.8813411934445, 40.83514251090251], [-73.881353905011, 40.83514687427082], [-73.8813651828548, 40.83515074539321], [-73.8813768315724, 40.835154743865814], [-73.88138901941919, 40.8351589274931], [-73.881405977664, 40.8351647477213], [-73.8814212249183, 40.835169981766605], [-73.8814294007091, 40.8351727880099], [-73.88146375444009, 40.83518458018431], [-73.8814968747048, 40.83519594874889], [-73.8815305021186, 40.83520749072], [-73.8816036956948, 40.835232614046795], [-73.8818659394772, 40.835323117947496], [-73.8819054865658, 40.835336820756496], [-73.88192712514248, 40.8353443188195], [-73.88199212739949, 40.8353668427889], [-73.8819993600045, 40.83536935356479], [-73.8820059361772, 40.83537163674379], [-73.8820185043691, 40.83537600079248], [-73.882083792117, 40.835398697897205], [-73.8821178365626, 40.8354105291817], [-73.8821282802419, 40.835414158944516], [-73.8821390047447, 40.8354178853463], [-73.88214605843518, 40.835420337397906], [-73.88215629119298, 40.835423901206504], [-73.88216560921119, 40.8354271471055], [-73.88223430942908, 40.83545110740342], [-73.88230284500608, 40.83547500445751], [-73.88234101271924, 40.83548834687725], [-73.88234101271924, 40.8354353065044], [-73.8823277503423, 40.835430734525005]]]]}}, {"type": "Feature", "properties": {"layer": "road", "label": "bridges", "method": "official current vector data"}, "geometry": {"type": "Polygon", "coordinates": [[[-73.8819428987804, 40.83711894007432], [-73.88193490159948, 40.837148296119004], [-73.8819316315976, 40.837160299066994], [-73.8819230758777, 40.837191706766184], [-73.8819198583744, 40.83720352156411], [-73.88190121209449, 40.83727199949931], [-73.8818895192866, 40.8373199928955], [-73.8818930182556, 40.83732996315313], [-73.8818945164693, 40.83733423033032], [-73.8818960300184, 40.837338541647505], [-73.88189753766818, 40.83734283674969], [-73.8818990264404, 40.83734707960381], [-73.8819005364475, 40.8373513828128], [-73.8819021007234, 40.83735583916139], [-73.881903696846, 40.837360389194096], [-73.88190530595509, 40.83736497075741], [-73.8819069303918, 40.837369600963015], [-73.88190855719519, 40.837374233872495], [-73.88191822126119, 40.83740176918591], [-73.88193998663039, 40.83746380853109], [-73.8819601712895, 40.837521316765915], [-73.8819635806455, 40.837531018581885], [-73.8819717913009, 40.837554448848806], [-73.881991893434, 40.837611722864], [-73.8820107451055, 40.83766543864239], [-73.8820268787367, 40.8377114244932], [-73.8820273789342, 40.83771284868671], [-73.88204025552558, 40.837699336427995], [-73.88204175224129, 40.837697771098114], [-73.8820453789589, 40.837693892774894], [-73.8820692763105, 40.837668343165404], [-73.8820746100614, 40.83766264038369], [-73.8820918776267, 40.837644178987595], [-73.88210815802418, 40.83762677286001], [-73.88211741801679, 40.8376060610435], [-73.8821060748024, 40.837571241731716], [-73.8820877245106, 40.83751490964342], [-73.8820680900952, 40.83745461046031], [-73.88204691089919, 40.83738957309172], [-73.8820407670781, 40.83737069244109], [-73.8820343048411, 40.83735084793528], [-73.88201107384579, 40.837279504997795], [-73.88198898675739, 40.8372116751544], [-73.88198263775769, 40.83719217835181], [-73.8819807651323, 40.83718642857829], [-73.8819788311903, 40.837180488737694], [-73.88197689724531, 40.83717455069801], [-73.8819746708556, 40.83716771186429], [-73.8819717098017, 40.83715861834071], [-73.8819684421445, 40.8371485852873], [-73.88196515326628, 40.83713848467489], [-73.8819618207564, 40.8371282507446], [-73.88195850946778, 40.8371180852735], [-73.8819514989434, 40.8370965535744], [-73.8819428987804, 40.83711894007432]]]}}, {"type": "Feature", "properties": {"layer": "road", "label": "bridges", "method": "official current vector data"}, "geometry": {"type": "Polygon", "coordinates": [[[-73.8816455978915, 40.837843992802995], [-73.881639906497, 40.8378507586818], [-73.88163150894579, 40.83786644478379], [-73.8816190916529, 40.8378896377846], [-73.8816145675085, 40.837898089685496], [-73.8816045377609, 40.83791683489098], [-73.8815944223509, 40.837935742096796], [-73.88159219060881, 40.837939912697415], [-73.88158993421008, 40.837942614566224], [-73.8815844411401, 40.83794919424341], [-73.88157967881358, 40.837954899389906], [-73.881578621311, 40.837956166200506], [-73.8815777396641, 40.837957221575394], [-73.8815766488921, 40.8379585279735], [-73.88156838650758, 40.8379642070136], [-73.88154040360368, 40.837983441656704], [-73.8815174944608, 40.83799918758619], [-73.8815124586732, 40.8380026493171], [-73.88150535134969, 40.838007535303014], [-73.88147854484639, 40.8380259642964], [-73.88147357078968, 40.83802938106432], [-73.8814681171312, 40.83803312872111], [-73.8814662640272, 40.83803440191699], [-73.88145339082489, 40.83804324865248], [-73.8814429868435, 40.838050398691415], [-73.8814366867596, 40.838054728096594], [-73.8814364717513, 40.8380562839301], [-73.881435707803, 40.83806181668369], [-73.8814351132295, 40.83806611773489], [-73.8814377886189, 40.83806716235721], [-73.88143943792939, 40.838067806105215], [-73.881443679456, 40.8380695934442], [-73.8814476138763, 40.83807139037282], [-73.88144784963399, 40.838071497773996], [-73.88145192479799, 40.838073492055415], [-73.8814543306506, 40.83807475522049], [-73.8814559286294, 40.8380755943228], [-73.8814598255742, 40.83807779553452], [-73.8814636275049, 40.83808008669789], [-73.88146733442179, 40.83808246781298], [-73.8814709463088, 40.838084947884795], [-73.8814744394844, 40.8380875088789], [-73.8815043337741, 40.8381035467853], [-73.8815044794931, 40.838103613571604], [-73.8815393761555, 40.83812231666881], [-73.8815749480137, 40.83814138965131], [-73.88159187515491, 40.838150466004606], [-73.8816010790839, 40.83815539215299], [-73.88164987051749, 40.83818154756339], [-73.88167500066498, 40.83819502043091], [-73.88167803547358, 40.8381966471357], [-73.8816802576837, 40.83819783806809], [-73.88168208899138, 40.8381988205852], [-73.88168491295059, 40.838200334511825], [-73.8816858226833, 40.838200821711986], [-73.881689915292, 40.8382030159127], [-73.8816994378631, 40.8382081215784], [-73.88171631529119, 40.83821716904651], [-73.88171843207688, 40.8382183040393], [-73.8817187231562, 40.8382179729558], [-73.8817190498762, 40.83821760228719], [-73.88172048739159, 40.83821600088109], [-73.8817222409222, 40.83821404770569], [-73.8817240241522, 40.83821206214291], [-73.88172580975818, 40.83821007388111], [-73.8817275787327, 40.83820810361211], [-73.8817293643417, 40.8382061135492], [-73.88172962333088, 40.83820582565651], [-73.8817706765934, 40.8381615580124], [-73.8817789233523, 40.83815266597759], [-73.8818270947473, 40.8381007207884], [-73.88183056140589, 40.8380961903502], [-73.88183336848398, 40.83809252190991], [-73.8818360305722, 40.8380890433254], [-73.8818366545006, 40.838088227216105], [-73.8818420951439, 40.83808111708199], [-73.88184575313828, 40.8380763365019], [-73.8818565390797, 40.83804636558521], [-73.8818644843499, 40.83802428909502], [-73.88187509393201, 40.8379948042628], [-73.88187933228248, 40.837983024731805], [-73.8818806179659, 40.8379794519857], [-73.8818833241078, 40.83797519811931], [-73.8818875497815, 40.83796855409538], [-73.88189569435049, 40.8379557574031], [-73.8818941129013, 40.837954956144614], [-73.881890893142, 40.83795332475349], [-73.8818876402145, 40.83795167621892], [-73.88188428067119, 40.837949974445884], [-73.8818821152117, 40.837948877226914], [-73.8818809258676, 40.83794827447862], [-73.88187746089439, 40.83794651946819], [-73.88187380164749, 40.837944665204404], [-73.88187016016829, 40.8379428208641], [-73.88186647249128, 40.83794095216301], [-73.8818627919222, 40.83793908707099], [-73.8818591314904, 40.8379372328055], [-73.8818555255501, 40.837935406511], [-73.88185380668898, 40.83793453487261], [-73.8818157927037, 40.8379152793741], [-73.8817798518199, 40.83789706155672], [-73.88176461780668, 40.837889346713006], [-73.88175310346588, 40.8378835087093], [-73.8817158003152, 40.837864605099284], [-73.8816844225619, 40.837848706202415], [-73.8816815629323, 40.837847257074706], [-73.8816787352855, 40.8378458250892], [-73.88167576075048, 40.8378443173113], [-73.88167557121339, 40.83784422166438], [-73.8816727802905, 40.83784280772631], [-73.881669792723, 40.837841294532], [-73.881666802786, 40.83783978043462], [-73.8816637465125, 40.837838232050295], [-73.8816607470985, 40.8378367134406], [-73.8816576849034, 40.837835161448204], [-73.8816547861816, 40.837833693369305], [-73.88165442606228, 40.83783351109988], [-73.8816455978915, 40.837843992802995]]]}}, {"type": "Feature", "properties": {"layer": "road", "label": "bridges", "method": "official current vector data"}, "geometry": {"type": "Polygon", "coordinates": [[[-73.87932297013941, 40.8387005426165], [-73.8793252445583, 40.83869254680429], [-73.8793257060798, 40.838691079481215], [-73.8793314577662, 40.8386728144659], [-73.87933720584329, 40.838654576461416], [-73.8793376337276, 40.83865204291761], [-73.8793393632129, 40.838641818711594], [-73.8793300751084, 40.838642826553595], [-73.8793239379872, 40.83864349190169], [-73.8793127512285, 40.83864470577001], [-73.8792824925481, 40.8386479870243], [-73.87923356396338, 40.83865329374709], [-73.8791985248397, 40.83865709406171], [-73.8791731497564, 40.838659846408696], [-73.87914831189119, 40.83866254078081], [-73.8791235724569, 40.83866522354441], [-73.87909879744188, 40.83866791076781], [-73.8790788740164, 40.8386700717805], [-73.8790633408593, 40.83867175652902], [-73.8790474578547, 40.838673479629804], [-73.87901121025878, 40.83867741099299], [-73.87901101814049, 40.838677431502816], [-73.87894710897409, 40.83868437029401], [-73.8789201293236, 40.838687295597296], [-73.8788754083681, 40.838692120318015], [-73.8788750110858, 40.83869216312459], [-73.87883476340429, 40.83869650625999], [-73.8788174810215, 40.83869837103781], [-73.87880037652629, 40.838700216189], [-73.87878325661131, 40.8387020640229], [-73.878766072657, 40.8387039180904], [-73.8787491282573, 40.8387057462929], [-73.87873893927254, 40.838706845757706], [-73.87932117751623, 40.838706845757706], [-73.87932297013941, 40.8387005426165]]]}}, {"type": "Feature", "properties": {"layer": "road", "label": "bridges", "method": "official current vector data"}, "geometry": {"type": "Polygon", "coordinates": [[[-73.8805039208924, 40.834955512350085], [-73.88081795572599, 40.83506265580419], [-73.8810644063203, 40.83515125777349], [-73.88107669703659, 40.835155586519605], [-73.8810872483593, 40.835159301134404], [-73.8810970686112, 40.83516276015461], [-73.8811080832206, 40.83516663913519], [-73.8811181712591, 40.83517019118059], [-73.8811260186943, 40.835172955684214], [-73.8812170776873, 40.835205021574495], [-73.8813117850061, 40.83523837435241], [-73.8813204904231, 40.835241377456285], [-73.8813369142456, 40.835247041358905], [-73.88134801078398, 40.835250868172196], [-73.8813588407226, 40.835254602859706], [-73.8813690402972, 40.835258120779024], [-73.88138332065358, 40.835263044964904], [-73.8813985204893, 40.83526828706879], [-73.88141332457218, 40.835273392789006], [-73.881433746248, 40.8352804358441], [-73.8814491771467, 40.83528575742239], [-73.88148278672669, 40.83529734801559], [-73.8815600562177, 40.8353239964938], [-73.88160658772658, 40.83533971738263], [-73.8817412057457, 40.83538519811199], [-73.8817563347322, 40.8353903095242], [-73.8817611466698, 40.835391935348206], [-73.8817909366098, 40.83540200009902], [-73.88180969403159, 40.8354082147272], [-73.8818499567287, 40.835421558990696], [-73.8818649911089, 40.835426542421395], [-73.88187046903688, 40.835428358026995], [-73.88189317465519, 40.83543588330341], [-73.8819353913369, 40.835449874292294], [-73.8819445461104, 40.8354529066247], [-73.8819511793528, 40.83545510341779], [-73.88196206412728, 40.8354587084333], [-73.8820023624303, 40.83547206618731], [-73.8820053377913, 40.835473052571714], [-73.8820076779527, 40.83547387171461], [-73.8820151723967, 40.8354764935182], [-73.882027649319, 40.83548085567141], [-73.88208269948029, 40.835500092508106], [-73.8820851356234, 40.83550094326501], [-73.88208612382718, 40.835501287363805], [-73.8821069246631, 40.83550854590519], [-73.8821098217313, 40.83550955742079], [-73.88211799749229, 40.83551242034609], [-73.88219075004028, 40.83553784361301], [-73.8822377299745, 40.835554257185], [-73.8822483952247, 40.835557983516], [-73.88224831439318, 40.83555810139829], [-73.8822367220063, 40.8355751260256], [-73.882252055574, 40.8355799143037], [-73.882306031133, 40.83559679154021], [-73.88231897105078, 40.83560083806049], [-73.88232814198369, 40.83558738141681], [-73.88232900380278, 40.8355861162002], [-73.8823296957823, 40.835586358238906], [-73.8823298284913, 40.8355864042995], [-73.8823300228131, 40.83558647293541], [-73.88233031192779, 40.835586574085696], [-73.88233042093859, 40.83558661201771], [-73.88233062948, 40.83558668517062], [-73.8823307503392, 40.83558672761708], [-73.8823309565109, 40.835586799867116], [-73.8823311176575, 40.83558685586221], [-73.8823313190899, 40.835586926306306], [-73.8823314991953, 40.83558698862421], [-73.8823316982565, 40.83558705906589], [-73.8823319435301, 40.835587144863105], [-73.88234101271924, 40.83559031753113], [-73.88234101271924, 40.835404362244695], [-73.8823400880672, 40.835405875442206], [-73.88227386366019, 40.8353831334024], [-73.8822036461875, 40.83535900948902], [-73.88219694673639, 40.835356708185394], [-73.882182288279, 40.835351674754314], [-73.88217981775219, 40.835350826665795], [-73.88217975258279, 40.83535080408691], [-73.8821627622365, 40.83534496953209], [-73.882128535095, 40.835333214616014], [-73.88210068985899, 40.83532364991402], [-73.8820630454875, 40.83531071633939], [-73.8820616709957, 40.8353102466765], [-73.8820490529613, 40.83530591409891], [-73.8820424625296, 40.835303651619], [-73.8820365510494, 40.83530162126041], [-73.88197251890838, 40.835279637704915], [-73.8819485589946, 40.83527141597781], [-73.88194577565818, 40.8352704613058], [-73.88190907923679, 40.83525787083908], [-73.8818887937234, 40.835250907251215], [-73.8818647283755, 40.835242648478406], [-73.8818575703876, 40.83524019180031], [-73.881856424594, 40.835239795309306], [-73.88164990788869, 40.8351678708632], [-73.88158884234018, 40.8351466033301], [-73.88151199058998, 40.835119838234924], [-73.8814970100754, 40.83511462068451], [-73.88147971073968, 40.8351085966073], [-73.8814792948458, 40.835108451200206], [-73.88145136827188, 40.83509872777021], [-73.8814347301103, 40.83509293399201], [-73.8814161262274, 40.83508645561521], [-73.8814006077895, 40.8350810510967], [-73.88139146521769, 40.83507786745019], [-73.88138252644649, 40.83507475515171], [-73.88137368839259, 40.8350716771749], [-73.88135462833958, 40.8350650407323], [-73.8813543866277, 40.835064954036206], [-73.8812489189511, 40.83502822416319], [-73.8811623040521, 40.83499805571639], [-73.8811620777409, 40.8349979762397], [-73.88115737020489, 40.8349963369907], [-73.8811553014017, 40.8349956162639], [-73.8811500405272, 40.8349937837385], [-73.88114307934839, 40.8349913587359], [-73.881139247442, 40.8349900238553], [-73.881100062237, 40.83497637338428], [-73.88103851218732, 40.83495549115869], [-73.88050385878203, 40.83495549115869], [-73.8805039208924, 40.834955512350085]]]}}, {"type": "Feature", "properties": {"layer": "road", "label": "bridges", "method": "official current vector data"}, "geometry": {"type": "Polygon", "coordinates": [[[-73.8818647283755, 40.835242648478406], [-73.8818887937234, 40.835250907251215], [-73.88195278293368, 40.83515806419481], [-73.88203173861498, 40.83504350386492], [-73.8820759871019, 40.83497930239953], [-73.8820474487984, 40.83496752626002], [-73.8820189768516, 40.8349557771961], [-73.88200670149429, 40.83497352690232], [-73.8819378585699, 40.83507307281001], [-73.8818484739595, 40.83520232027108], [-73.8817108396822, 40.83515769384301], [-73.8816620000738, 40.8351418589661], [-73.88164990788869, 40.8351678708632], [-73.881856424594, 40.835239795309306], [-73.8818575703876, 40.83524019180031], [-73.8818883966642, 40.83519206490212], [-73.8819538336312, 40.83509778973891], [-73.8820312552413, 40.834987801452], [-73.88203675053009, 40.8349905067566], [-73.8820043571244, 40.8350359261052], [-73.8819492867858, 40.835114489266786], [-73.88189323969469, 40.835198209436214], [-73.8818647283755, 40.835242648478406]]]}}, {"type": "Feature", "properties": {"layer": "road", "label": "bridges", "method": "official current vector data"}, "geometry": {"type": "Polygon", "coordinates": [[[-73.8815600562177, 40.8353239964938], [-73.8815456659993, 40.83534879935609], [-73.8815924172564, 40.83536496532081], [-73.8817151536318, 40.8354074064177], [-73.88167088967609, 40.83547661627761], [-73.88155370804559, 40.83565983856051], [-73.8816102325479, 40.83567674485452], [-73.88172211587978, 40.83550663729239], [-73.8817909366098, 40.83540200009902], [-73.8817611466698, 40.835391935348206], [-73.8816040142086, 40.835646597106305], [-73.88159712387109, 40.835644291069485], [-73.8817563347322, 40.8353903095242], [-73.8817412057457, 40.83538519811199], [-73.88160658772658, 40.83533971738263], [-73.8815600562177, 40.8353239964938]]]}}, {"type": "Feature", "properties": {"layer": "road", "label": "bridges", "method": "official current vector data"}, "geometry": {"type": "Polygon", "coordinates": [[[-73.8808474739667, 40.83573403410072], [-73.8808414591783, 40.83574930298172], [-73.880831478199, 40.835774638899224], [-73.8808290067733, 40.83578091279501], [-73.88091809859968, 40.835801552306286], [-73.8811232195438, 40.835849071403096], [-73.88118636756198, 40.83586370017541], [-73.8812125770251, 40.835869772194], [-73.8812214869401, 40.83587183629941], [-73.8812240594156, 40.83586472774061], [-73.8812332853057, 40.835839226221495], [-73.88124075728211, 40.835818572961], [-73.88124227169048, 40.8358143890202], [-73.8811452041468, 40.83579233586831], [-73.8809421628452, 40.83574620661919], [-73.88085085177198, 40.83572546127681], [-73.8808474739667, 40.83573403410072]]]}}, {"type": "Feature", "properties": {"layer": "road", "label": "bridges", "method": "official current vector data"}, "geometry": {"type": "Polygon", "coordinates": [[[-73.87657972004979, 40.83664544495031], [-73.8766166038247, 40.83664830476241], [-73.8768779203393, 40.836674149057515], [-73.87696079652308, 40.83668413033279], [-73.87696683131838, 40.8366848571661], [-73.8769781149988, 40.8366862163423], [-73.8770452931532, 40.83669430688219], [-73.87708245143358, 40.83669878142511], [-73.8771381835272, 40.836705493661505], [-73.8772179816317, 40.83671623149051], [-73.8772788371179, 40.8367247789183], [-73.87728602377008, 40.836725832039214], [-73.87736082637589, 40.83673678867741], [-73.8774944953967, 40.8367560923583], [-73.8776227462635, 40.8367765805897], [-73.8776720145483, 40.83678445185019], [-73.8777075783737, 40.836790132964396], [-73.8777918943272, 40.836805211969], [-73.87791951507289, 40.83682803418522], [-73.87813018816469, 40.8368697877984], [-73.8781340618363, 40.83687100305689], [-73.87813412463949, 40.83687102293409], [-73.87814351790769, 40.83687397027241], [-73.8781805731529, 40.83688559878321], [-73.87829957993668, 40.836922942763806], [-73.8783045731125, 40.8369246742807], [-73.8783920734071, 40.836955016890016], [-73.878429537416, 40.83696944629009], [-73.8784663357159, 40.8369848385059], [-73.8785024209476, 40.8370011574684], [-73.87853775754239, 40.83701840314072], [-73.8785723099976, 40.83703653946631], [-73.87860604276048, 40.837055557403595], [-73.878638896582, 40.837075438881094], [-73.8786403370803, 40.83707612927532], [-73.8786547456241, 40.837083032319114], [-73.87867225906209, 40.83709142354309], [-73.87873210371778, 40.837014104266395], [-73.8787758978574, 40.837023431702605], [-73.8788398995918, 40.83703706400458], [-73.8789256713655, 40.83705580331889], [-73.8789796694484, 40.8370689675904], [-73.8790106570534, 40.83707652283311], [-73.879094773732, 40.83709918644212], [-73.87917793841189, 40.837123794061], [-73.8792426857322, 40.83714350976191], [-73.8792563416991, 40.837147668135096], [-73.87928183110358, 40.83715543006549], [-73.87930574683129, 40.8371627121808], [-73.8793211767554, 40.8371674108985], [-73.8793344665655, 40.83717145811848], [-73.8793576084977, 40.83717850438441], [-73.8794278164243, 40.8371998826028], [-73.8794615357264, 40.8372101501681], [-73.879472814601, 40.83721358473511], [-73.8795406056778, 40.837235922087395], [-73.8795992738502, 40.8372552530306], [-73.8796914335826, 40.83728561932598], [-73.87975434161028, 40.83730634677729], [-73.8797642774539, 40.837309620528025], [-73.8797851245249, 40.83740563949151], [-73.87979744633309, 40.837404756341215], [-73.8797995569374, 40.837404686501195], [-73.8798381430639, 40.83740340297991], [-73.87983920785129, 40.8374033680694], [-73.87985478741848, 40.83740338429909], [-73.87987035457628, 40.83740370668199], [-73.879882193375, 40.83740438267629], [-73.87988465218429, 40.837404523012594], [-73.8798988898595, 40.837405699476996], [-73.8799130794423, 40.83740724509241], [-73.8799236636362, 40.83740867529131], [-73.87992718537959, 40.837409150816775], [-73.87994120767138, 40.83741141665029], [-73.8799450467266, 40.837412139241096], [-73.87995345377118, 40.83741372205612], [-73.8799551107646, 40.837414033550914], [-73.87996145158628, 40.837415402598616], [-73.8799681384845, 40.83741684764771], [-73.87996889464308, 40.83741701052371], [-73.879971199741, 40.8374175730301], [-73.879974368808, 40.8374183453504], [-73.8799825474666, 40.8374203385513], [-73.8799919096026, 40.8374228858866], [-73.87999603368189, 40.837424008591896], [-73.88000935327288, 40.83742802965052], [-73.880022482559, 40.83743238369271], [-73.88010034027369, 40.83746132550801], [-73.8801734905545, 40.8374885244253], [-73.88017739233199, 40.8374899746732], [-73.880186429337, 40.83749333390111], [-73.88019544975329, 40.83749668770811], [-73.88020454363298, 40.8375000686056], [-73.8802135936732, 40.83750343324778], [-73.88022269111, 40.83750681504799], [-73.88023198168088, 40.8375102690876], [-73.8802508744472, 40.837517292751315], [-73.8802677908527, 40.83752358135782], [-73.8802847309568, 40.837529879891704], [-73.8802985418209, 40.83753501353772], [-73.8803011734199, 40.837535992404916], [-73.8803091630104, 40.83753896242299], [-73.88031153156929, 40.83753984286309], [-73.88038482460509, 40.8375688517883], [-73.88042681824959, 40.8375854725361], [-73.8804278691865, 40.837585888753686], [-73.8804287021168, 40.8375862182977], [-73.8804644956006, 40.8376003877612], [-73.88046779651698, 40.8376016941978], [-73.88047590188908, 40.8376049029553], [-73.8805029893196, 40.837615621694205], [-73.8805057132286, 40.837616699706906], [-73.88052009580218, 40.837622391324494], [-73.8805393254906, 40.837630002412304], [-73.880572159328, 40.83764300173579], [-73.88057820785552, 40.837645396110176], [-73.88058292700919, 40.83764726502009], [-73.88059693163419, 40.83765280855581], [-73.880622478879, 40.83766355178639], [-73.8806262547489, 40.837665139664324], [-73.880632039995, 40.83766757158419], [-73.8806367459139, 40.837669549438], [-73.8806438012383, 40.837672514864], [-73.8806770933591, 40.83768651598171], [-73.8806885453782, 40.83769133196717], [-73.8807116780855, 40.83770105872329], [-73.8807268384516, 40.837707434594904], [-73.88074790018318, 40.83771629112541], [-73.8807717496963, 40.8377263193757], [-73.8807958029978, 40.837736433378595], [-73.8808151491927, 40.83774456862851], [-73.8808345214577, 40.83775271470801], [-73.8808541022482, 40.837760948347594], [-73.880873460306, 40.83776908810229], [-73.8808784813879, 40.83777119954492], [-73.88088649523608, 40.8377586639317], [-73.8809199099877, 40.837710828142406], [-73.8809413876424, 40.8376800840162], [-73.88095993391829, 40.83765353496631], [-73.88096232889798, 40.8376495959731], [-73.880962859267, 40.83764872304081], [-73.88096707248019, 40.83764179358052], [-73.8809674256616, 40.837641213126005], [-73.8809697564228, 40.837637381225306], [-73.8809744603801, 40.83762985614381], [-73.8809993677981, 40.837590007943284], [-73.8810028600891, 40.837584421275785], [-73.88102433462718, 40.8375500715499], [-73.8810247912275, 40.83754934171979], [-73.88104019074879, 40.837524744384204], [-73.88104037505128, 40.837524451013124], [-73.8810446318926, 40.83751764766409], [-73.8810413480256, 40.8375160855211], [-73.88102504005148, 40.837508327148086], [-73.88101936318, 40.8375056270123], [-73.88100407342729, 40.8374993446969], [-73.88098214765549, 40.837490335137694], [-73.8809612905729, 40.83748176431759], [-73.88094623542109, 40.837475577689105], [-73.8809302952315, 40.837469028145996], [-73.88090700933908, 40.83745945976219], [-73.88088381162179, 40.8374503137967], [-73.8808638236022, 40.837442434535895], [-73.88084924905628, 40.8374366896333], [-73.88083337002531, 40.83743042739782], [-73.88082014974388, 40.837425214282085], [-73.8808112066818, 40.83742168860941], [-73.88081021379729, 40.837421297669216], [-73.8808071996014, 40.8374201095034], [-73.8807995574772, 40.8374170975557], [-73.8807975006221, 40.83741628588529], [-73.88078294624069, 40.8374105427962], [-73.8807657891844, 40.837404221598604], [-73.8807593908347, 40.83740186469301], [-73.8807515765552, 40.8373989858373], [-73.8807225529427, 40.83738829216892], [-73.8806765559288, 40.8373713603178], [-73.8806631976132, 40.8373664379011], [-73.8806627307705, 40.837366266324096], [-73.8806571713238, 40.8373642173495], [-73.8806342665927, 40.837356359343985], [-73.88062572086788, 40.837353426593594], [-73.8806218402172, 40.837352095248015], [-73.8805840966066, 40.837339143983904], [-73.88057629265249, 40.83733646593722], [-73.8805379020863, 40.837323293366914], [-73.8805297912381, 40.837320510541815], [-73.8804744283145, 40.83730120420918], [-73.8804607389626, 40.837296430007406], [-73.8804519338416, 40.83729335919949], [-73.880443176117, 40.8372903055495], [-73.880434402991, 40.83728724557932], [-73.8804222469258, 40.83728300695579], [-73.8804068832931, 40.8372776492922], [-73.8803975520739, 40.837274395134315], [-73.88038820782148, 40.83727113645951], [-73.8803788671253, 40.83726787868819], [-73.88036952524439, 40.83726462091488], [-73.88036015255669, 40.8372613523029], [-73.8803511637832, 40.8372582173617], [-73.88028098241429, 40.837233742031785], [-73.8802563717888, 40.83722512576493], [-73.8801641086833, 40.837192811142806], [-73.8801637709838, 40.83719269282709], [-73.8801320296051, 40.8371815756549], [-73.8801288623398, 40.837180466555715], [-73.8801256938907, 40.837179356554806], [-73.8801225574333, 40.8371782582934], [-73.8801193925397, 40.8371771491965], [-73.88011640064158, 40.83717610151291], [-73.88011358292628, 40.83717511434349], [-73.8801018191414, 40.83717099405851], [-73.88008760140909, 40.837166014850794], [-73.8800736135515, 40.8371611160244], [-73.88005953327348, 40.83715618468219], [-73.88004542574518, 40.837151243404605], [-73.8800362272963, 40.83714802177319], [-73.88003091879949, 40.837146220665325], [-73.8800148724469, 40.83714077669221], [-73.87999603321079, 40.83713438609269], [-73.87996830462299, 40.83712497858709], [-73.8799223743149, 40.8371093963451], [-73.8799061277264, 40.83710388461131], [-73.879899275272, 40.837101559602786], [-73.87983978939478, 40.837081378793314], [-73.8797757494673, 40.837060532243115], [-73.8796804515798, 40.8370295098812], [-73.8795619049371, 40.8369909197219], [-73.8795457504286, 40.83698566197288], [-73.87953199664499, 40.83698118475651], [-73.8795279440971, 40.8369798649008], [-73.8795140177326, 40.83697575400341], [-73.8794999728666, 40.83697160876159], [-73.8794859801449, 40.836967477980494], [-73.87946234135869, 40.836960500558895], [-73.8794368219505, 40.83695296826289], [-73.8794093211964, 40.83694485036911], [-73.8793953107094, 40.83694071505601], [-73.8793733499314, 40.83693423194131], [-73.8792759496833, 40.83690548169519], [-73.8790220518022, 40.83683494105352], [-73.8790039271099, 40.83683017643381], [-73.87886274919238, 40.8367930620346], [-73.8788279823955, 40.836783922413204], [-73.87863210352909, 40.8367370528224], [-73.8785267337054, 40.836714282746314], [-73.87852154497858, 40.8367131615684], [-73.87846191493189, 40.83670027570301], [-73.8784485614932, 40.8366973899531], [-73.8784403019654, 40.83669560457219], [-73.878434581095, 40.836694368466816], [-73.87834127593989, 40.8366745357433], [-73.8782950547914, 40.83666471120871], [-73.8782040169817, 40.836645360730316], [-73.87814306044659, 40.83663240396079], [-73.8780238439073, 40.83661020861852], [-73.8779847237751, 40.836602925461214], [-73.8779584801316, 40.8365980377248], [-73.87788648139689, 40.836584629693704], [-73.8778490479003, 40.8365776571457], [-73.87777803915239, 40.83656557922551], [-73.8776459318382, 40.83654439099231], [-73.8776400231339, 40.83654344280639], [-73.8776086730029, 40.83653853156311], [-73.8775825595543, 40.836534439916704], [-73.8775061781866, 40.8365226613942], [-73.87748245748068, 40.836519161189905], [-73.87744228803818, 40.8365132337794], [-73.8773778656983, 40.83650372722028], [-73.8773653237918, 40.836501875975785], [-73.8773514815855, 40.83649983334271], [-73.87734777863479, 40.83649928730711], [-73.8772306853161, 40.836482008302504], [-73.87697944679408, 40.83644751639641], [-73.8769545000469, 40.83644409131781], [-73.876752591952, 40.83641843586061], [-73.8767300569709, 40.836415573418286], [-73.8767229139611, 40.83641466528901], [-73.87671350690438, 40.83641346928239], [-73.87668329313308, 40.836409630590694], [-73.876677693468, 40.83640891951612], [-73.8766323912282, 40.83640186521888], [-73.8765873872626, 40.83639381167391], [-73.8765503259524, 40.8363863879542], [-73.8765135149054, 40.83637828011441], [-73.8764974956898, 40.8363744394612], [-73.87649744473069, 40.83637442679972], [-73.87647697778529, 40.836369515194995], [-73.87645392368461, 40.836363898194904], [-73.87645392368461, 40.8366356916534], [-73.87657972004979, 40.83664544495031]]]}}, {"type": "Feature", "properties": {"layer": "roof", "label": "buildings", "method": "official current vector data"}, "geometry": {"type": "Polygon", "coordinates": [[[-73.8769941794587, 40.834978405211615], [-73.87705638242778, 40.834971625971114], [-73.8770894465016, 40.83496802231101], [-73.8771149110524, 40.83498094903691], [-73.8771321006365, 40.834989675137706], [-73.87714709802958, 40.8350606762382], [-73.877330491829, 40.835038329346794], [-73.87736816340069, 40.83499668639211], [-73.87740542945079, 40.83495549115869], [-73.876989850151, 40.83495549115869], [-73.8769941794587, 40.834978405211615]]]}}, {"type": "Feature", "properties": {"layer": "roof", "label": "buildings", "method": "official current vector data"}, "geometry": {"type": "Polygon", "coordinates": [[[-73.87724978098159, 40.83869346881979], [-73.8771681861165, 40.838657282932004], [-73.87713736222139, 40.83870653686768], [-73.87713716891645, 40.838706845757706], [-73.87727994474724, 40.838706845757706], [-73.87724978098159, 40.83869346881979]]]}}, {"type": "Feature", "properties": {"layer": "roof", "label": "buildings", "method": "official current vector data"}, "geometry": {"type": "Polygon", "coordinates": [[[-73.8768137847702, 40.83867410892031], [-73.8767752498663, 40.838659469841886], [-73.87673112248768, 40.838642705910196], [-73.8766557245919, 40.83861406252051], [-73.87663541628409, 40.83860634697631], [-73.8766320584614, 40.83861144468631], [-73.87659950752199, 40.838660866825215], [-73.8767194143649, 40.8387064186913], [-73.87672053846136, 40.838706845757706], [-73.87679222409136, 40.838706845757706], [-73.8768137847702, 40.83867410892031]]]}}, {"type": "Feature", "properties": {"layer": "roof", "label": "buildings", "method": "official current vector data"}, "geometry": {"type": "Polygon", "coordinates": [[[-73.8780589360536, 40.83695277142411], [-73.8780809653908, 40.836963831175915], [-73.8780901789319, 40.836968456850805], [-73.8781150346503, 40.836980936061586], [-73.8781242458265, 40.83698556083078], [-73.8781855506453, 40.83701633966822], [-73.8781716611165, 40.8370322979737], [-73.8781696555113, 40.83703460202219], [-73.8782298954712, 40.837064845717606], [-73.87826217493878, 40.837081051777105], [-73.8783303238051, 40.8370027545306], [-73.87811121715501, 40.83689275107911], [-73.8780589360536, 40.83695277142411]]]}}, {"type": "Feature", "properties": {"layer": "roof", "label": "buildings", "method": "official current vector data"}, "geometry": {"type": "Polygon", "coordinates": [[[-73.878180000548, 40.834964331970106], [-73.87818008531549, 40.834964658038814], [-73.8781944353742, 40.8350200689485], [-73.8782845504784, 40.835006606230216], [-73.87827131211897, 40.83495549115869], [-73.8781648005811, 40.83495549115869], [-73.878180000548, 40.834964331970106]]]}}, {"type": "Feature", "properties": {"layer": "roof", "label": "buildings", "method": "official current vector data"}, "geometry": {"type": "Polygon", "coordinates": [[[-73.876538082561, 40.83582628773322], [-73.8765324880079, 40.83580432137429], [-73.87651392467819, 40.835731427145895], [-73.8765097037606, 40.83571485532052], [-73.8765430928694, 40.83568070467451], [-73.8765838525386, 40.8357036929082], [-73.87665683732229, 40.835629043407906], [-73.87661560154729, 40.83560578724332], [-73.8766498232525, 40.83557078468782], [-73.8767939212417, 40.8355476447036], [-73.8767801634446, 40.8354982216475], [-73.8767708753773, 40.83546485829032], [-73.8766799427036, 40.83547946167972], [-73.8766347962162, 40.8354552495166], [-73.8766210394497, 40.83538936089051], [-73.87651038039259, 40.835402688653204], [-73.87650931664739, 40.8354028171856], [-73.8765093789372, 40.83540311261461], [-73.8765144310255, 40.83542731432459], [-73.876531185584, 40.8355075618634], [-73.8765018653855, 40.8355424849861], [-73.87646677387639, 40.835525489284514], [-73.87645392368461, 40.83554079499153], [-73.87645392368461, 40.83583865108543], [-73.876538082561, 40.83582628773322]]]}}, {"type": "Feature", "properties": {"layer": "roof", "label": "buildings", "method": "official current vector data"}, "geometry": {"type": "Polygon", "coordinates": [[[-73.8776209084592, 40.836919056722884], [-73.8776187739645, 40.83691923005459], [-73.8776091948251, 40.83692000872359], [-73.8775975844925, 40.83692152364191], [-73.8775861225291, 40.83692359432181], [-73.8775748575613, 40.836926212710495], [-73.87756383466329, 40.836929368049894], [-73.8775530965401, 40.836933048678986], [-73.8775426870903, 40.83693723843571], [-73.87753264784122, 40.83694192115499], [-73.87749107292288, 40.836962510940005], [-73.8774491229416, 40.836982658168395], [-73.87740680857858, 40.8370023574484], [-73.87736413695659, 40.83702160428461], [-73.8773211199378, 40.837040395987714], [-73.87725749100731, 40.83712369699561], [-73.8770480133084, 40.8372009992743], [-73.8771003973801, 40.83728288305881], [-73.8767547867391, 40.83741041964451], [-73.8768132106905, 40.83750174359269], [-73.8782036024628, 40.8381884812843], [-73.87831092432869, 40.838063145764494], [-73.8785673202651, 40.83776371157551], [-73.87858328195239, 40.837711615855014], [-73.8786251934856, 40.83757482620539], [-73.87849760889799, 40.837511812134395], [-73.87861595199008, 40.8373736018488], [-73.8786130829034, 40.83737218505271], [-73.87802094378378, 40.8370797208198], [-73.87801846445079, 40.837078496226404], [-73.8777632310528, 40.8369524313989], [-73.87775017305118, 40.83694619424], [-73.87773668967549, 40.836940453701814], [-73.877722824763, 40.83693522694], [-73.8777086197832, 40.83693052930692], [-73.87769412094649, 40.836926377060315], [-73.8776793709144, 40.83692278195168], [-73.87766784980418, 40.8369209111114], [-73.8776561972446, 40.836919599337804], [-73.8776444570963, 40.836918851179924], [-73.87763267914968, 40.83691867029231], [-73.8776209084592, 40.836919056722884]]]}}, {"type": "Feature", "properties": {"layer": "roof", "label": "buildings", "method": "official current vector data"}, "geometry": {"type": "Polygon", "coordinates": [[[-73.8823123952172, 40.836957653677224], [-73.8822926243989, 40.83706959290589], [-73.88234101271924, 40.83708217007028], [-73.88234101271924, 40.83696651321717], [-73.8823123952172, 40.836957653677224]]]}}, {"type": "Feature", "properties": {"layer": "roof", "label": "buildings", "method": "official current vector data"}, "geometry": {"type": "Polygon", "coordinates": [[[-73.87658084822158, 40.83866288467981], [-73.87655076804761, 40.838706845757706], [-73.87669223405189, 40.838706845757706], [-73.87658084822158, 40.83866288467981]]]}}, {"type": "Feature", "properties": {"layer": "roof", "label": "buildings", "method": "official current vector data"}, "geometry": {"type": "Polygon", "coordinates": [[[-73.87652533795548, 40.835048284230105], [-73.87661211618398, 40.83495549115869], [-73.87645392368461, 40.83495549115869], [-73.87645392368461, 40.835009757553564], [-73.87652533795548, 40.835048284230105]]]}}, {"type": "Feature", "properties": {"layer": "roof", "label": "buildings", "method": "official current vector data"}, "geometry": {"type": "Polygon", "coordinates": [[[-73.8823290368128, 40.83689410563669], [-73.882314847433, 40.8368904648674], [-73.8823093864245, 40.83688906352829], [-73.8823100075616, 40.83690322083932], [-73.8823123952172, 40.836957653677224], [-73.88234101271924, 40.83696651321717], [-73.88234101271924, 40.836886160081804], [-73.8823290368128, 40.83689410563669]]]}}, {"type": "Feature", "properties": {"layer": "roof", "label": "buildings", "method": "official current vector data"}, "geometry": {"type": "Polygon", "coordinates": [[[-73.88225643354089, 40.83868211027281], [-73.8822283949481, 40.83866844546002], [-73.8822078848945, 40.8386584488388], [-73.88216698966399, 40.838706845757706], [-73.88223553309624, 40.838706845757706], [-73.88225643354089, 40.83868211027281]]]}}, {"type": "Feature", "properties": {"layer": "roof", "label": "buildings", "method": "official current vector data"}, "geometry": {"type": "Polygon", "coordinates": [[[-73.8822430428746, 40.836157760754304], [-73.8822048128142, 40.836147883810206], [-73.8822217504575, 40.83629679612181], [-73.88222819374829, 40.83635343932069], [-73.8822334543858, 40.836399691402505], [-73.88223644430228, 40.83642597179328], [-73.8822375802543, 40.8364359603406], [-73.8822385804806, 40.83643621890329], [-73.88234101271924, 40.836462683211295], [-73.88234101271924, 40.836183072293196], [-73.8822430428746, 40.836157760754304]]]}}, {"type": "Feature", "properties": {"layer": "roof", "label": "buildings", "method": "official current vector data"}, "geometry": {"type": "Polygon", "coordinates": [[[-73.8772876669308, 40.83565046820999], [-73.87730317668459, 40.835722192024015], [-73.8774073714408, 40.8357091943158], [-73.87738276821558, 40.83559542484332], [-73.8774140184976, 40.83556161566021], [-73.87745622338429, 40.835584118854605], [-73.8775252851254, 40.83550940070099], [-73.87748629845319, 40.83548861369151], [-73.87752044852469, 40.83545166663282], [-73.87766410390769, 40.835431644406206], [-73.877644442921, 40.835350270131215], [-73.8775511458461, 40.8353632742211], [-73.87750574810539, 40.8353401670393], [-73.87749057615459, 40.835271646667586], [-73.87738474972339, 40.8352851641032], [-73.8773909146394, 40.8353130076592], [-73.8774084511224, 40.835392202323206], [-73.8773755968728, 40.83542852578339], [-73.8773414883749, 40.83541072995231], [-73.8772743148792, 40.835484997958], [-73.8773084233972, 40.83550279380872], [-73.8772764018617, 40.83553819691951], [-73.8772745116716, 40.835540286758025], [-73.8771335648629, 40.83555786834201], [-73.8771509765435, 40.8356383848357], [-73.87724155465878, 40.83562708551419], [-73.8772876669308, 40.83565046820999]]]}}, {"type": "Feature", "properties": {"layer": "roof", "label": "buildings", "method": "official current vector data"}, "geometry": {"type": "Polygon", "coordinates": [[[-73.87663238802088, 40.838495104748525], [-73.87662563846538, 40.83850568914579], [-73.87662298549499, 40.83850984929419], [-73.8766154071047, 40.8385217340188], [-73.8766180695162, 40.838522713002895], [-73.8766232794053, 40.8385246294252], [-73.87667482853149, 40.838543591336986], [-73.8769415228092, 40.838641686995715], [-73.8770876693136, 40.83869544206052], [-73.87708905680789, 40.83869595231841], [-73.87711947830178, 40.8386482450165], [-73.8771295680518, 40.8386324232709], [-73.8770157853618, 40.83857775815241], [-73.8768076733053, 40.8384777720761], [-73.87668561416979, 40.838419129310296], [-73.8766819572327, 40.8384173721377], [-73.87663238802088, 40.838495104748525]]]}}, {"type": "Feature", "properties": {"layer": "roof", "label": "buildings", "method": "official current vector data"}, "geometry": {"type": "Polygon", "coordinates": [[[-73.8823407493629, 40.8367448894035], [-73.88229589612159, 40.83673221239969], [-73.88230247282199, 40.83686027936441], [-73.8823031616808, 40.8368736866325], [-73.8823040766411, 40.8368738919785], [-73.88231983599151, 40.83687743619699], [-73.88234101271924, 40.836882197321245], [-73.88234101271924, 40.83674496383962], [-73.8823407493629, 40.8367448894035]]]}}, {"type": "Feature", "properties": {"layer": "roof", "label": "buildings", "method": "official current vector data"}, "geometry": {"type": "Polygon", "coordinates": [[[-73.8816248657007, 40.83861075250069], [-73.8818136688172, 40.838420730168096], [-73.8816357222165, 40.838326625220795], [-73.88132376973309, 40.83863799732341], [-73.88144291113676, 40.838706845757706], [-73.88179263771079, 40.838706845757706], [-73.8816248657007, 40.83861075250069]]]}}, {"type": "Feature", "properties": {"layer": "roof", "label": "buildings", "method": "official current vector data"}, "geometry": {"type": "Polygon", "coordinates": [[[-73.87828084230368, 40.835533893468316], [-73.8783124503472, 40.835558971386995], [-73.87834131729258, 40.83553798428749], [-73.878470548153, 40.83544402510942], [-73.878446759832, 40.83542515178101], [-73.8784389389189, 40.83541894723231], [-73.87828084230368, 40.835533893468316]]]}}, {"type": "Feature", "properties": {"layer": "roof", "label": "buildings", "method": "official current vector data"}, "geometry": {"type": "Polygon", "coordinates": [[[-73.8823040625951, 40.83560293773191], [-73.8822650514975, 40.83567481053759], [-73.8822188197397, 40.8358344615986], [-73.88234101271924, 40.83586267988962], [-73.88234101271924, 40.835616951162024], [-73.8823040625951, 40.83560293773191]]]}}, {"type": "Feature", "properties": {"layer": "water", "label": "shoreline", "method": "official current vector data"}, "geometry": {"type": "LineString", "coordinates": [[-73.88117000291385, 40.83495549115869], [-73.8811680642651, 40.83496858124592], [-73.8811623902031, 40.8349976154632], [-73.8811623040521, 40.83499805571639], [-73.88116116852419, 40.8350038645402], [-73.88115709306058, 40.83502471580503], [-73.8811567149489, 40.83502665057911], [-73.881156668216, 40.835026926983], [-73.88115196630989, 40.83505266638939], [-73.88114876581969, 40.8350702038334], [-73.8811476299885, 40.835076181049104], [-73.88114757384459, 40.8350764160205], [-73.8811430981833, 40.83509496790853], [-73.88114305511819, 40.835095182182016], [-73.8811376831422, 40.835121688118704], [-73.8811328865255, 40.83514535088499], [-73.88113276731839, 40.8351457118606], [-73.881130625196, 40.83515218241081], [-73.8811270800118, 40.83516820666701], [-73.8811260903303, 40.835172676604486], [-73.8811260186943, 40.835172955684214], [-73.8811125009772, 40.835225618905895], [-73.8810921398035, 40.83529222103569], [-73.88105257829748, 40.83540407214289], [-73.880999413054, 40.835577406698924], [-73.8809654868863, 40.83568243063001], [-73.8809421628452, 40.83574620661919], [-73.8809417553663, 40.8357473201108], [-73.88093961720028, 40.83575222109832], [-73.8809318407438, 40.835770049172794], [-73.8809208867908, 40.8357951616713], [-73.88091809859968, 40.835801552306286], [-73.8809067481947, 40.8358275729933], [-73.8808774038138, 40.83588647827809], [-73.8808627225987, 40.835920628789914], [-73.8808288324141, 40.8360060075165], [-73.8807949577912, 40.83608199048501], [-73.88076223122289, 40.836145162388995], [-73.8806561907454, 40.83632783875459], [-73.8805885093389, 40.836442222492096], [-73.8805242177294, 40.836547214837296], [-73.8804768271658, 40.836635142274815], [-73.8804271983999, 40.8367162335168], [-73.8803967464492, 40.836764887191386], [-73.8803809472902, 40.8367947663318], [-73.88036174234209, 40.8368434316605], [-73.8803402931444, 40.8368886790807], [-73.88031658244688, 40.836940756203404], [-73.8802940095407, 40.836985147878785], [-73.8802454854876, 40.8370773450854], [-73.8802229290519, 40.83711319467049], [-73.88018234406078, 40.83716781794729], [-73.88016430593848, 40.83719256911471], [-73.8801641086833, 40.837192811142806], [-73.8801552891813, 40.837203662845496], [-73.8801549813502, 40.83720407675322], [-73.8801233424011, 40.8372466588841], [-73.880094412098, 40.8372855968184], [-73.88009438476129, 40.83728563371031], [-73.8800909653231, 40.8372902361857], [-73.8800900156781, 40.8372915139009], [-73.8800856347099, 40.83729740938718], [-73.8800846791201, 40.83729869610109], [-73.8800844556727, 40.837298997534496], [-73.8800842655065, 40.837299253077305], [-73.8800830068257, 40.83730095460412], [-73.8800684826644, 40.83732059009711], [-73.880049828793, 40.837345511699816], [-73.8800205506874, 40.83738462575031], [-73.8800109878129, 40.837397401926], [-73.8799987074056, 40.837413460277894], [-73.8799985873698, 40.8374136177396], [-73.8799919096026, 40.8374228858866], [-73.87999182283168, 40.8374230064626], [-73.8799489848259, 40.83748018921791], [-73.87993545761918, 40.83749725752072], [-73.8799196839319, 40.837513469814205], [-73.87990278658638, 40.83752882636602], [-73.87988476522389, 40.8375441826453], [-73.87987801145219, 40.83754759208839], [-73.8798712561385, 40.83755185519829], [-73.8798389086542, 40.837567056971906], [-73.8798386143579, 40.837567196242006], [-73.8798307338458, 40.837571458177315], [-73.8798251009912, 40.83757657702339], [-73.879786795104, 40.83761497381799], [-73.8797158214223, 40.83768237658709], [-73.87966400353619, 40.837729299539305], [-73.8796088108085, 40.8377770744151], [-73.87954123283518, 40.83783252205149], [-73.8794770279737, 40.837887974073006], [-73.879412821458, 40.8379442797255], [-73.8793373470625, 40.838012532122505], [-73.87932931613989, 40.83801861466601], [-73.8792945530547, 40.83804494477219], [-73.87928349145399, 40.83805499712282], [-73.8792832883676, 40.838055182412084], [-73.8792821616167, 40.838056034901705], [-73.8792721599192, 40.838066134285704], [-73.87927202094069, 40.838066274617404], [-73.87925544913709, 40.83808241034191], [-73.8792441059029, 40.83809345563931], [-73.8792325892511, 40.8381046691465], [-73.8792212960201, 40.8381155974298], [-73.8792140257321, 40.8381226334849], [-73.87921231060479, 40.83812429310121], [-73.8792066990323, 40.83812939302858], [-73.8792066764685, 40.83812941281591], [-73.87916837729999, 40.83816439113202], [-73.879145842002, 40.83818742918701], [-73.8791396986375, 40.838194816710505], [-73.8791266811166, 40.838210470773895], [-73.8791052566569, 40.83824205207611], [-73.8790984907245, 40.8382514398437], [-73.879062422388, 40.8382958171228], [-73.8790240989297, 40.838342754832404], [-73.87899029215198, 40.83838030150789], [-73.8789756358322, 40.83839993131868], [-73.8789519452843, 40.83844005050369], [-73.87894066804408, 40.83845712104879], [-73.87893165401849, 40.83846650734722], [-73.8789068646386, 40.83849210579591], [-73.8789012254162, 40.83850064106571], [-73.8788967129559, 40.8385083238494], [-73.8788876709296, 40.838533084257506], [-73.8788729690798, 40.838578337577694], [-73.8788695821922, 40.838585166973], [-73.87885942893008, 40.8386022395906], [-73.8788582940187, 40.838608216781516], [-73.8788571610303, 40.83861248663689], [-73.87885714858818, 40.83861931957589], [-73.8788582598016, 40.838627008264396], [-73.878868338789, 40.83865008051328], [-73.8788705724765, 40.838658624049195], [-73.8788739158264, 40.8386757099404], [-73.87887501149238, 40.8386919398023], [-73.8788750110858, 40.83869216312459], [-73.8788750083823, 40.8386936480371], [-73.8788749897203, 40.83870389834608], [-73.8788749895399, 40.83870399740031], [-73.87887498435408, 40.838706845757706]]}}, {"type": "Feature", "properties": {"layer": "water", "label": "shoreline", "method": "official current vector data"}, "geometry": {"type": "LineString", "coordinates": [[-73.88138095859408, 40.83495549115869], [-73.8813795024766, 40.8349594031352], [-73.8813773202834, 40.83496708571511], [-73.88137271249319, 40.83498331239842], [-73.88136035718279, 40.83503915109101], [-73.88135462833958, 40.8350650407323], [-73.88135457335639, 40.8350652901129], [-73.88135371335389, 40.83506885428782], [-73.8813523074837, 40.835074683546715], [-73.88134894401209, 40.83509322397982], [-73.8813488997026, 40.8350934715704], [-73.8813433974996, 40.8351192515837], [-73.8813386927702, 40.83514129266149], [-73.88133861510259, 40.835141630267316], [-73.8813341594919, 40.835160933195816], [-73.8813341283638, 40.835161102456894], [-73.88132961707032, 40.835185698437414], [-73.881329244478, 40.835187864644915], [-73.8813251026702, 40.83521203417079], [-73.8813250715983, 40.835212171914506], [-73.8813212351171, 40.83523665602701], [-73.88132052155119, 40.835241208195306], [-73.8813204904231, 40.835241377456285], [-73.8813159791207, 40.83526597253549], [-73.881297844406, 40.83534538923429], [-73.8812763338378, 40.8354256561234], [-73.881265024171, 40.83546151749769], [-73.88124694913859, 40.83550676856961], [-73.88123337963499, 40.835548606899714], [-73.88118365040269, 40.8356869257283], [-73.881162179252, 40.83574498552802], [-73.8811452041468, 40.83579233586831], [-73.8811434537262, 40.8357972201497], [-73.88113636387989, 40.83581699491481], [-73.8811327939314, 40.83582695250991], [-73.88112615900998, 40.835842279298504], [-73.8811232195438, 40.835849071403096], [-73.8811124677, 40.8358739085763], [-73.8810831177145, 40.83593537671539], [-73.88105264674878, 40.8359951345512], [-73.88102103986749, 40.83606087049242], [-73.8809883028285, 40.83613002173542], [-73.8809589614429, 40.83618721880241], [-73.8809160520252, 40.83628454591231], [-73.8808415930261, 40.83641600608738], [-73.88077276830339, 40.83654063908179], [-73.8807400537367, 40.836596978033015], [-73.88068027706579, 40.836693433937995], [-73.8806588526481, 40.836725014635185], [-73.8806092393644, 40.83679756477759], [-73.8805866820323, 40.836833415334695], [-73.88056411206259, 40.836876952497114], [-73.88052684050759, 40.8369657440975], [-73.8805099066236, 40.837001600463616], [-73.88046025460429, 40.83709550392929], [-73.8804241570991, 40.83715696489572], [-73.8803903244233, 40.83720903243762], [-73.8803587620416, 40.8372499974238], [-73.8803511637832, 40.8372582173617], [-73.8803508739177, 40.837258531333596], [-73.88034316490379, 40.83726702220499], [-73.88034037188639, 40.83727009809861], [-73.8803402055656, 40.83727028072649], [-73.88033847819278, 40.83727218438111], [-73.88030354443819, 40.83731143851621], [-73.8803031820591, 40.837311856870215], [-73.8802821319381, 40.8373361861996], [-73.88027198349069, 40.83735154981072], [-73.8802715852757, 40.83735211580849], [-73.8802690878233, 40.8373556602644], [-73.88026743553439, 40.837358005238315], [-73.880263859934, 40.83736307941571], [-73.88026296246828, 40.837364352683984], [-73.8802627960514, 40.8373645884409], [-73.8802623170057, 40.8373652687175], [-73.8802605945841, 40.837367712672894], [-73.8802449227844, 40.837389958431004], [-73.8802275019961, 40.8374188606281], [-73.88021559558348, 40.83743861322041], [-73.88020093983269, 40.8374582431901], [-73.8801829485351, 40.83747868013801], [-73.88018290932878, 40.83747872422149], [-73.8801784005158, 40.837483844252596], [-73.880173894427, 40.837488109716894], [-73.8801734905545, 40.8374885244253], [-73.8801130525067, 40.83755039854181], [-73.8800781200118, 40.837588798939414], [-73.8800296645316, 40.837642558505294], [-73.879991355999, 40.83768180903352], [-73.8799327814356, 40.8377338506911], [-73.8799125092756, 40.83775005830012], [-73.8798595894127, 40.83778416885559], [-73.87984720238819, 40.837793550812485], [-73.87983848467339, 40.83780180376862], [-73.8798381901222, 40.837802083515605], [-73.8798381885804, 40.83780293718289], [-73.8797762193149, 40.837866079222316], [-73.8797334012703, 40.83791130334651], [-73.8796849591775, 40.837957376157505], [-73.8795959650103, 40.83803928052511], [-73.879484473408, 40.83814290916241], [-73.8794720467653, 40.838154459428004], [-73.87946089881848, 40.83816374718541], [-73.87946078363369, 40.8381638434179], [-73.8794488907345, 40.838173975959904], [-73.879442760813, 40.8381791987248], [-73.8794296631188, 40.838190718568114], [-73.87941802731848, 40.83820095223101], [-73.8794078415355, 40.83820991140799], [-73.87939770513928, 40.83821844200039], [-73.8793971314842, 40.838218978995805], [-73.87938521538338, 40.83823012636431], [-73.8793785536235, 40.8382363589243], [-73.87937838139209, 40.83823652893769], [-73.8793672873675, 40.83824745113989], [-73.879339048773, 40.838279114507316], [-73.8793086870266, 40.8383131583545], [-73.87926361139688, 40.8383626509847], [-73.8792230310598, 40.838413856542296], [-73.87920500154739, 40.838433482849794], [-73.8791881069054, 40.838447131059816], [-73.8791633312276, 40.83846589662561], [-73.8791239151238, 40.838494895371994], [-73.8790957587579, 40.838517073856515], [-73.8790901254009, 40.83852304633421], [-73.87908336527809, 40.83852987310031], [-73.87907208066069, 40.838550360126185], [-73.87906982211048, 40.8385554824724], [-73.8790686872171, 40.838561460565906], [-73.8790618898267, 40.838588785247495], [-73.8790596297209, 40.838594762161094], [-73.8790573711683, 40.838599884507005], [-73.8790325522789, 40.838641711662596], [-73.87901121025878, 40.83867741099299], [-73.87901111868608, 40.83867756218], [-73.879009991551, 40.83867927013608], [-73.87900322208539, 40.838691220701], [-73.87900312925169, 40.83869141330951], [-73.87899870651879, 40.838700610822805], [-73.87899585198926, 40.838706845757706]]}}]}