{"type": "FeatureCollection", "features": [{"type": "Feature", "properties": {"layer": "water", "label": "WA", "method": "official current vector data"}, "geometry": {"type": "Polygon", "coordinates": [[[139.77147147059438, 35.68438089555861], [139.77158814668655, 35.684352573697055], [139.77293729782107, 35.68407153314097], [139.7730258107185, 35.68405083631671], [139.77337852120402, 35.683984388581415], [139.77366685867307, 35.683984388581415], [139.77366685867307, 35.68442119972896], [139.7735595703125, 35.68443862855306], [139.77302849292755, 35.68452904051697], [139.7715251147747, 35.68476868619067], [139.77119252085686, 35.68495931291707], [139.77119386196134, 35.68496258079984], [139.77114021778104, 35.68499525962015], [139.77113135748948, 35.68501611145122], [139.77113135748948, 35.684427113001945], [139.77147147059438, 35.68438089555861]]]}}, {"type": "Feature", "properties": {"layer": "water", "label": "WA", "method": "official current vector data"}, "geometry": {"type": "Polygon", "coordinates": [[[139.77366685867307, 35.68393101249168], [139.77366685867307, 35.68415867760534], [139.7725202143192, 35.68415867760534], [139.77290108799937, 35.6840802475917], [139.77293729782107, 35.68407153314097], [139.7730258107185, 35.68405083631671], [139.7735595703125, 35.68395062003902], [139.77366685867307, 35.68393101249168]]]}}, {"type": "Feature", "properties": {"layer": "water", "label": "WA", "method": "official current vector data"}, "geometry": {"type": "Polygon", "coordinates": [[[139.7735595703125, 35.68443862855306], [139.77345228195188, 35.684456057373346], [139.77345228195188, 35.683984388581415], [139.7749999165535, 35.683984388581415], [139.7749999165535, 35.684328609037074], [139.77477326989174, 35.68429810855034], [139.77473974227908, 35.6842719652667], [139.77472364902493, 35.6842327503252], [139.77439910173413, 35.68430573367312], [139.77438032627109, 35.68431226949206], [139.77437630295756, 35.68434059136797], [139.7743400931358, 35.684360198814595], [139.77430254220965, 35.68433405555132], [139.7742247581482, 35.68432751973417], [139.7735595703125, 35.68443862855306]]]}}, {"type": "Feature", "properties": {"layer": "water", "label": "WA", "method": "official current vector data"}, "geometry": {"type": "Polygon", "coordinates": [[[139.7749999165535, 35.684328609037074], [139.7749999165535, 35.683984388581415], [139.77520729542343, 35.683984388581415], [139.77520729542343, 35.684356478783414], [139.7749999165535, 35.684328609037074]]]}}, {"type": "Feature", "properties": {"layer": "water", "label": "WA", "method": "official current vector data"}, "geometry": {"type": "Polygon", "coordinates": [[[139.7749999165535, 35.68382752813437], [139.7749999165535, 35.68415867760534], [139.77345228195188, 35.68415867760534], [139.77345228195188, 35.68397131688927], [139.7735595703125, 35.68395062003902], [139.7742140293121, 35.68382752813437], [139.77425962686542, 35.683874368439035], [139.7745989263058, 35.6838416891596], [139.77461099624637, 35.68383842123094], [139.77460160851476, 35.683802474006605], [139.77465793490413, 35.68374038330829], [139.77467805147174, 35.68377306262922], [139.77470085024837, 35.68379484883575], [139.77472230792046, 35.68380683124678], [139.7747491300106, 35.68381554572643], [139.77479740977284, 35.68382208158552], [139.7749999165535, 35.68382752813437]]]}}, {"type": "Feature", "properties": {"layer": "water", "label": "WA", "method": "official current vector data"}, "geometry": {"type": "Polygon", "coordinates": [[[139.7749999165535, 35.68415867760534], [139.7749999165535, 35.68407153314097], [139.77500259876254, 35.68382752813437], [139.77520729542343, 35.68383302953291], [139.77520729542343, 35.68415867760534], [139.7749999165535, 35.68415867760534]]]}}, {"type": "Feature", "properties": {"layer": "rail", "label": "RailTrCL", "method": "official current vector data"}, "geometry": {"type": "LineString", "coordinates": [[139.77113135748948, 35.68531104048472], [139.77140173316, 35.68526213615167], [139.77271199226377, 35.68507151014883], [139.772931933403, 35.685034474186864], [139.77314785122874, 35.68499090244489], [139.7735595703125, 35.68489722311906], [139.77366685867307, 35.684871080031755]]}}, {"type": "Feature", "properties": {"layer": "rail", "label": "RailTrCL", "method": "official current vector data"}, "geometry": {"type": "LineString", "coordinates": [[139.77366685867307, 35.68474907884442], [139.7735595703125, 35.6847752219717], [139.77311164140698, 35.684878705099784], [139.7727964818478, 35.684939705617666], [139.77136552333832, 35.68515211777132], [139.77113135748948, 35.68519342330717]]}}, {"type": "Feature", "properties": {"layer": "rail", "label": "RailTrCL", "method": "official current vector data"}, "geometry": {"type": "LineString", "coordinates": [[139.77113135748948, 35.683560926314996], [139.77119252085686, 35.683542128474386], [139.77176651358607, 35.683334069300216]]}}, {"type": "Feature", "properties": {"layer": "rail", "label": "RailTrCL", "method": "official current vector data"}, "geometry": {"type": "LineString", "coordinates": [[139.77163910865784, 35.683334069300216], [139.7713561356068, 35.68344082224268], [139.77117374539375, 35.68350400248832], [139.77113135748948, 35.68351722451582]]}}, {"type": "Feature", "properties": {"layer": "rail", "label": "RailTrCL", "method": "official current vector data"}, "geometry": {"type": "LineString", "coordinates": [[139.77176651358607, 35.683334069300216], [139.772139527732, 35.6831969851324]]}}, {"type": "Feature", "properties": {"layer": "rail", "label": "RailTrCL", "method": "official current vector data"}, "geometry": {"type": "LineString", "coordinates": [[139.77196044690746, 35.6831969851324], [139.77163910865784, 35.683334069300216]]}}, {"type": "Feature", "properties": {"layer": "rail", "label": "RailTrCL", "method": "official current vector data"}, "geometry": {"type": "LineString", "coordinates": [[139.77413088083267, 35.683984388581415], [139.77415233850476, 35.68407153314097], [139.7741737961769, 35.684134712887115], [139.77434813976285, 35.68458132690717], [139.77437898516652, 35.68470332835104], [139.7743897140026, 35.684764329003045], [139.7744004428387, 35.68488850875757], [139.77439641952517, 35.685012688318864], [139.77437898516652, 35.68513577839498], [139.77436557412148, 35.685196778716275], [139.77432802319524, 35.68531768992964], [139.77417214209837, 35.68569281567468]]}}, {"type": "Feature", "properties": {"layer": "rail", "label": "RailTrCL", "method": "official current vector data"}, "geometry": {"type": "LineString", "coordinates": [[139.77422404330326, 35.68569281567468], [139.774364233017, 35.685360172204334], [139.77438837289813, 35.68529917200794], [139.77442324161532, 35.68517390360125], [139.77444469928741, 35.68504754570482], [139.77445006370542, 35.6849832773876], [139.77445006370542, 35.684855829893536], [139.7744353115559, 35.68472838219589], [139.77442190051076, 35.68466411362159], [139.77438703179357, 35.68453993351776], [139.77422744035724, 35.68415214177381], [139.7742006182671, 35.68407153314097], [139.7741791605949, 35.683984388581415]]}}, {"type": "Feature", "properties": {"layer": "rail", "label": "RailTrCL", "method": "official current vector data"}, "geometry": {"type": "LineString", "coordinates": [[139.77345228195188, 35.68492227690302], [139.7735595703125, 35.68489722311906], [139.7745251655579, 35.684663024323264], [139.77462843060493, 35.68464123835382], [139.7747196257114, 35.68462598817166], [139.77488324046132, 35.68460747008943], [139.7749999165535, 35.68460420219212]]}}, {"type": "Feature", "properties": {"layer": "rail", "label": "RailTrCL", "method": "official current vector data"}, "geometry": {"type": "LineString", "coordinates": [[139.7749999165535, 35.68454429071765], [139.77482959628108, 35.68453666561767], [139.7747048735619, 35.68453993351776], [139.77460563182828, 35.68454755861742], [139.77441385388371, 35.68457370181072], [139.7741737961769, 35.684627077470495], [139.7735595703125, 35.6847752219717], [139.77345228195188, 35.684800275793954]]}}, {"type": "Feature", "properties": {"layer": "rail", "label": "RailTrCL", "method": "official current vector data"}, "geometry": {"type": "LineString", "coordinates": [[139.7749999165535, 35.68460420219212], [139.77508038282397, 35.68460311289298], [139.77518364787102, 35.68460747008943], [139.77520729542343, 35.68460988993118]]}}, {"type": "Feature", "properties": {"layer": "rail", "label": "RailTrCL", "method": "official current vector data"}, "geometry": {"type": "LineString", "coordinates": [[139.77520729542343, 35.68456953167523], [139.7751192748547, 35.684556273016135], [139.7749999165535, 35.68454429071765]]}}, {"type": "Feature", "properties": {"layer": "rail", "label": "RailTrCL", "method": "official current vector data"}, "geometry": {"type": "LineString", "coordinates": [[139.77408125996587, 35.683334069300216], [139.77409332990644, 35.683447358132476], [139.77411746978757, 35.68390813701372], [139.77413892745972, 35.68402251433795], [139.77415233850476, 35.68407153314097], [139.77418184280396, 35.68415867760534]]}}, {"type": "Feature", "properties": {"layer": "rail", "label": "RailTrCL", "method": "official current vector data"}, "geometry": {"type": "LineString", "coordinates": [[139.77422878146172, 35.68415867760534], [139.7742006182671, 35.68407153314097], [139.77417647838595, 35.683972406197036], [139.77415904402733, 35.683849314326], [139.77414429187772, 35.68345607265137], [139.7741295397282, 35.683334069300216]]}}, {"type": "Feature", "properties": {"layer": "rail", "label": "RailTrCL", "method": "official current vector data"}, "geometry": {"type": "LineString", "coordinates": [[139.7740486499855, 35.6831969851324], [139.77406784892085, 35.683264353015765], [139.77408125996587, 35.683334069300216]]}}, {"type": "Feature", "properties": {"layer": "rail", "label": "RailTrCL", "method": "official current vector data"}, "geometry": {"type": "LineString", "coordinates": [[139.7741295397282, 35.683334069300216], [139.7741147875786, 35.683249102570436], [139.77410145481232, 35.6831969851324]]}}, {"type": "Feature", "properties": {"layer": "rail", "label": "RailCL", "method": "official current vector data"}, "geometry": {"type": "LineString", "coordinates": [[139.77156668901446, 35.68518152864032], [139.77113135748948, 35.68524751918047]]}}, {"type": "Feature", "properties": {"layer": "rail", "label": "RailCL", "method": "official current vector data"}, "geometry": {"type": "LineString", "coordinates": [[139.77366685867307, 35.684806811572386], [139.7735595703125, 35.684831865384744], [139.7729104757309, 35.684981098799675], [139.77156668901446, 35.68518152864032]]}}, {"type": "Feature", "properties": {"layer": "rail", "label": "RailCL", "method": "official current vector data"}, "geometry": {"type": "LineString", "coordinates": [[139.7717021405697, 35.683334069300216], [139.77162837982175, 35.683363480839446], [139.77113135748948, 35.68353917745922]]}}, {"type": "Feature", "properties": {"layer": "rail", "label": "RailCL", "method": "official current vector data"}, "geometry": {"type": "LineString", "coordinates": [[139.7720498069532, 35.6831969851324], [139.7717021405697, 35.683334069300216]]}}, {"type": "Feature", "properties": {"layer": "rail", "label": "RailCL", "method": "official current vector data"}, "geometry": {"type": "LineString", "coordinates": [[139.7742904722691, 35.68466193502494], [139.7735595703125, 35.684831865384744], [139.77345228195188, 35.684855829893536]]}}, {"type": "Feature", "properties": {"layer": "rail", "label": "RailCL", "method": "official current vector data"}, "geometry": {"type": "LineString", "coordinates": [[139.77419184825047, 35.68569281567468], [139.7742904722691, 35.685454940274056], [139.77437093853948, 35.68527085047233], [139.77442055940628, 35.685049724290934], [139.77442324161532, 35.684811168757726], [139.77435216307637, 35.68450398660953], [139.77418050169948, 35.68409222995987], [139.7741751372814, 35.68407153314097], [139.77415770292285, 35.683984388581415]]}}, {"type": "Feature", "properties": {"layer": "rail", "label": "RailCL", "method": "official current vector data"}, "geometry": {"type": "LineString", "coordinates": [[139.7749999165535, 35.6845715232116], [139.77479204535484, 35.68457370181072], [139.77462306618693, 35.68459004130223], [139.7742904722691, 35.68466193502494]]}}, {"type": "Feature", "properties": {"layer": "rail", "label": "RailCL", "method": "official current vector data"}, "geometry": {"type": "LineString", "coordinates": [[139.77520729542343, 35.68458633720633], [139.77516621351245, 35.684580237607726], [139.7749999165535, 35.6845715232116]]}}, {"type": "Feature", "properties": {"layer": "rail", "label": "RailCL", "method": "official current vector data"}, "geometry": {"type": "LineString", "coordinates": [[139.77420732378957, 35.68415867760534], [139.77418050169948, 35.68409222995987], [139.7741751372814, 35.68407153314097], [139.77414295077324, 35.68390595839646], [139.77410942316052, 35.68338199921042], [139.77410271763804, 35.683334069300216]]}}, {"type": "Feature", "properties": {"layer": "rail", "label": "RailCL", "method": "official current vector data"}, "geometry": {"type": "LineString", "coordinates": [[139.77410271763804, 35.683334069300216], [139.7740839421749, 35.68320770848983], [139.77407989641108, 35.6831969851324]]}}, {"type": "Feature", "properties": {"layer": "road", "label": "RdCompt", "method": "official current vector data"}, "geometry": {"type": "MultiLineString", "coordinates": [[[139.77114692330358, 35.68555624394824], [139.77113135748948, 35.68558588966976]], [[139.77113135748948, 35.6856226930369], [139.7711603343487, 35.685561690378705]]]}}, {"type": "Feature", "properties": {"layer": "road", "label": "RdCompt", "method": "official current vector data"}, "geometry": {"type": "LineString", "coordinates": [[139.77114692330358, 35.683984388581415], [139.77113135748948, 35.68402653283612]]}}, {"type": "Feature", "properties": {"layer": "road", "label": "RdCompt", "method": "official current vector data"}, "geometry": {"type": "LineString", "coordinates": [[139.77116301655767, 35.683984388581415], [139.77113135748948, 35.684070105104766]]}}, {"type": "Feature", "properties": {"layer": "road", "label": "RdCompt", "method": "official current vector data"}, "geometry": {"type": "LineString", "coordinates": [[139.7712568938732, 35.683984388581415], [139.77125823497775, 35.68399528165658], [139.77123007178304, 35.68407153314097], [139.77113135748948, 35.684340088267675]]}}, {"type": "Feature", "properties": {"layer": "road", "label": "RdCompt", "method": "official current vector data"}, "geometry": {"type": "LineString", "coordinates": [[139.7711603343487, 35.685561690378705], [139.77114692330358, 35.68555624394824]]}}, {"type": "Feature", "properties": {"layer": "road", "label": "RdCompt", "method": "official current vector data"}, "geometry": {"type": "LineString", "coordinates": [[139.7711710631847, 35.68551158320452], [139.77118313312528, 35.685515940351344]]}}, {"type": "Feature", "properties": {"layer": "road", "label": "RdCompt", "method": "official current vector data"}, "geometry": {"type": "LineString", "coordinates": [[139.77118313312528, 35.685515940351344], [139.7712005674839, 35.68547999388286], [139.77119386196134, 35.68547454744685], [139.7711710631847, 35.68551158320452]]}}, {"type": "Feature", "properties": {"layer": "road", "label": "RdCompt", "method": "official current vector data"}, "geometry": {"type": "LineString", "coordinates": [[139.77135345339775, 35.685098742462834], [139.77135211229327, 35.68511399255461], [139.77136015892032, 35.68511726043104], [139.77136418223384, 35.68511399255461], [139.77136552333832, 35.68509656387804]]}}, {"type": "Feature", "properties": {"layer": "road", "label": "RdCompt", "method": "official current vector data"}, "geometry": {"type": "LineString", "coordinates": [[139.77136552333832, 35.68509656387804], [139.77135345339775, 35.685098742462834]]}}, {"type": "Feature", "properties": {"layer": "road", "label": "RdCompt", "method": "official current vector data"}, "geometry": {"type": "LineString", "coordinates": [[139.7713615000248, 35.68504645641173], [139.77137222886088, 35.68504536711865]]}}, {"type": "Feature", "properties": {"layer": "road", "label": "RdCompt", "method": "official current vector data"}, "geometry": {"type": "LineString", "coordinates": [[139.7713454067707, 35.6848416690483], [139.77136552333832, 35.68497674162362], [139.7713615000248, 35.68504645641173]]}}, {"type": "Feature", "properties": {"layer": "road", "label": "RdCompt", "method": "official current vector data"}, "geometry": {"type": "LineString", "coordinates": [[139.77137222886088, 35.68504536711865], [139.7713762521744, 35.684981098799675], [139.7713561356068, 35.68483513327273]]}}, {"type": "Feature", "properties": {"layer": "road", "label": "RdCompt", "method": "official current vector data"}, "geometry": {"type": "LineString", "coordinates": [[139.77130919694903, 35.68464123835382], [139.77133199572566, 35.68475561462704]]}}, {"type": "Feature", "properties": {"layer": "road", "label": "RdCompt", "method": "official current vector data"}, "geometry": {"type": "LineString", "coordinates": [[139.77134272456166, 35.68475016814155], [139.77131992578504, 35.684635791860536]]}}, {"type": "Feature", "properties": {"layer": "road", "label": "RdCompt", "method": "official current vector data"}, "geometry": {"type": "MultiLineString", "coordinates": [[[139.77130383253095, 35.684548647917325], [139.7712850570679, 35.68439396718366], [139.7712662816048, 35.68432316252244], [139.77124750614166, 35.684267608051954], [139.7711670398712, 35.68407153314097], [139.771132171154, 35.683984388581415]], [[139.77113135748948, 35.684027588897344], [139.77114826440814, 35.68407153314097], [139.7712555527687, 35.68434168067067], [139.77127432823184, 35.68441139601372], [139.77129310369494, 35.68455518371636]]]}}, {"type": "Feature", "properties": {"layer": "road", "label": "RdCompt", "method": "official current vector data"}, "geometry": {"type": "LineString", "coordinates": [[139.77113135748948, 35.68380048410521], [139.77114826440814, 35.68398112065858], [139.77113135748948, 35.68402671283745]]}}, {"type": "Feature", "properties": {"layer": "road", "label": "RdCompt", "method": "official current vector data"}, "geometry": {"type": "LineString", "coordinates": [[139.77113135748948, 35.68365015968491], [139.77116435766223, 35.68398329927383], [139.77113135748948, 35.684070145089784]]}}, {"type": "Feature", "properties": {"layer": "road", "label": "RdCompt", "method": "official current vector data"}, "geometry": {"type": "LineString", "coordinates": [[139.77113135748948, 35.683396438705905], [139.77121934294703, 35.68357916512913], [139.77125823497775, 35.68399528165658], [139.77123007178304, 35.68407153314097], [139.77119788527486, 35.68415867760534]]}}, {"type": "Feature", "properties": {"layer": "road", "label": "RdCompt", "method": "official current vector data"}, "geometry": {"type": "MultiLineString", "coordinates": [[[139.77120190858838, 35.68415867760534], [139.7711670398712, 35.68407153314097], [139.77113135748948, 35.68397723673166]], [[139.77113135748948, 35.684025948616906], [139.77114826440814, 35.68407153314097], [139.77118313312528, 35.68415867760534]]]}}, {"type": "Feature", "properties": {"layer": "road", "label": "RdCompt", "method": "official current vector data"}, "geometry": {"type": "LineString", "coordinates": [[139.7716565430164, 35.683334069300216], [139.7716310620308, 35.68334387314781], [139.7716310620308, 35.683353676994216], [139.7716364264488, 35.68335476631043], [139.77169007062912, 35.683334069300216]]}}, {"type": "Feature", "properties": {"layer": "road", "label": "RdCompt", "method": "official current vector data"}, "geometry": {"type": "MultiLineString", "coordinates": [[[139.77169007062912, 35.683334069300216], [139.77204792572545, 35.6831969851324]], [[139.77201583578386, 35.6831969851324], [139.7716565430164, 35.683334069300216]]]}}, {"type": "Feature", "properties": {"layer": "road", "label": "RdCompt", "method": "official current vector data"}, "geometry": {"type": "LineString", "coordinates": [[139.77451846003532, 35.68342448251584], [139.7744004428387, 35.683470233742554], [139.7743910551071, 35.68348112688792], [139.7743910551071, 35.683502913174145], [139.7744031250477, 35.68351162768698], [139.77441385388371, 35.68351380631503], [139.77455601096156, 35.68351053837293], [139.77457210421565, 35.68350618111655], [139.77457612752917, 35.683495287974644], [139.77454394102094, 35.683431018406985], [139.77451846003532, 35.68342448251584]]}}, {"type": "Feature", "properties": {"layer": "road", "label": "RdEdg", "method": "official current vector data"}, "geometry": {"type": "MultiLineString", "coordinates": [[[139.77135479450223, 35.68558238681103], [139.7717346491931, 35.68569281567468]], [[139.77126887648802, 35.68569281567468], [139.77131456136703, 35.68559654752479], [139.77135479450223, 35.68558238681103]]]}}, {"type": "Feature", "properties": {"layer": "road", "label": "RdEdg", "method": "official current vector data"}, "geometry": {"type": "LineString", "coordinates": [[139.77366685867307, 35.68403667532857], [139.7734750807285, 35.68407153314097], [139.77186173200607, 35.68436782393145], [139.77167263627055, 35.68440921741017], [139.77152645587918, 35.684451700168616], [139.7713454067707, 35.684527951216815], [139.77127835154536, 35.68456389811424], [139.77119252085686, 35.68461836307949], [139.77113135748948, 35.68466512009453]]}}, {"type": "Feature", "properties": {"layer": "road", "label": "RdEdg", "method": "official current vector data"}, "geometry": {"type": "LineString", "coordinates": [[139.77113135748948, 35.68499941583327], [139.77121263742447, 35.68492881267145], [139.7713561356068, 35.68483295468076], [139.7714218497276, 35.684799186497514], [139.7715559601784, 35.68474363235849], [139.77164849638936, 35.68471422132804], [139.7717651724815, 35.68468372098873], [139.77200254797935, 35.684633613263095], [139.77327257394793, 35.684404860202896], [139.7735595703125, 35.68435802020968], [139.77366685867307, 35.68434059136797]]}}, {"type": "Feature", "properties": {"layer": "road", "label": "RdEdg", "method": "official current vector data"}, "geometry": {"type": "MultiLineString", "coordinates": [[[139.77279782295224, 35.68511290326244], [139.77281928062442, 35.6851335998112], [139.77258589326118, 35.68569281567468]], [[139.77226292502664, 35.68569281567468], [139.77141916751864, 35.68544840454873], [139.77140173316, 35.685414636625985], [139.77144733071327, 35.68531877921901], [139.77148219943047, 35.68529590413894], [139.77279782295224, 35.68511290326244]]]}}, {"type": "Feature", "properties": {"layer": "road", "label": "RdEdg", "method": "official current vector data"}, "geometry": {"type": "LineString", "coordinates": [[139.77119252085686, 35.68495931291707], [139.77119386196134, 35.68496258079984], [139.77114021778104, 35.68499525962015], [139.77113135748948, 35.68501611145122]]}}, {"type": "Feature", "properties": {"layer": "road", "label": "RdEdg", "method": "official current vector data"}, "geometry": {"type": "LineString", "coordinates": [[139.7711952030659, 35.68494406279573], [139.77119788527486, 35.684956045034184], [139.77119252085686, 35.68495931291707]]}}, {"type": "Feature", "properties": {"layer": "road", "label": "RdEdg", "method": "official current vector data"}, "geometry": {"type": "LineString", "coordinates": [[139.7711670398712, 35.68474363235849], [139.7711817920208, 35.68484929411913]]}}, {"type": "Feature", "properties": {"layer": "road", "label": "RdEdg", "method": "official current vector data"}, "geometry": {"type": "MultiLineString", "coordinates": [[[139.7716914117336, 35.684624898872826], [139.77160021662712, 35.684648863443805], [139.77149292826655, 35.68468372098873], [139.77137759327886, 35.684733828682894], [139.77131724357608, 35.68476541829997], [139.77122873067856, 35.68481988312764], [139.77114424109462, 35.68487761580441], [139.77113135748948, 35.68488871456607]], [[139.77113135748948, 35.68477370426779], [139.77124750614166, 35.68467936379645], [139.77128103375432, 35.68465648853305], [139.7714057564735, 35.6845867734042], [139.77147281169894, 35.684556273016135], [139.77157205343246, 35.68451814751468], [139.77168738842008, 35.68448220059665], [139.77176651358607, 35.684461503878914]]]}}, {"type": "Feature", "properties": {"layer": "road", "label": "RdEdg", "method": "official current vector data"}, "geometry": {"type": "LineString", "coordinates": [[139.77113135748948, 35.68448720463348], [139.77115362882614, 35.68464450624961]]}}, {"type": "Feature", "properties": {"layer": "road", "label": "RdEdg", "method": "official current vector data"}, "geometry": {"type": "LineString", "coordinates": [[139.77148354053494, 35.684466950384085], [139.77147012948993, 35.68436455602434], [139.77146476507184, 35.68436564532671], [139.77146342396736, 35.684352573697055], [139.77146878838536, 35.684351484394455], [139.77146208286288, 35.68431771600743]]}}, {"type": "Feature", "properties": {"layer": "road", "label": "RdEdg", "method": "official current vector data"}, "geometry": {"type": "LineString", "coordinates": [[139.77146208286288, 35.68431771600743], [139.77146878838536, 35.68431553740134]]}}, {"type": "Feature", "properties": {"layer": "road", "label": "RdEdg", "method": "official current vector data"}, "geometry": {"type": "LineString", "coordinates": [[139.77146878838536, 35.68431553740134], [139.77152779698375, 35.68428830481999], [139.77151304483417, 35.684264340140714], [139.77151036262512, 35.684240375454216]]}}, {"type": "Feature", "properties": {"layer": "road", "label": "RdEdg", "method": "official current vector data"}, "geometry": {"type": "LineString", "coordinates": [[139.77152645587918, 35.684781757752184], [139.77152377367022, 35.68475670392407]]}}, {"type": "Feature", "properties": {"layer": "road", "label": "RdEdg", "method": "official current vector data"}, "geometry": {"type": "LineString", "coordinates": [[139.77151304483417, 35.6846771852002], [139.77150902152064, 35.68465104204079]]}}, {"type": "Feature", "properties": {"layer": "road", "label": "RdEdg", "method": "official current vector data"}, "geometry": {"type": "LineString", "coordinates": [[139.77150902152064, 35.68465104204079], [139.77149426937103, 35.68454755861742]]}}, {"type": "Feature", "properties": {"layer": "road", "label": "RdEdg", "method": "official current vector data"}, "geometry": {"type": "LineString", "coordinates": [[139.77151036262512, 35.684240375454216], [139.77224662899968, 35.68407153314097], [139.77263420820233, 35.683984388581415]]}}, {"type": "Feature", "properties": {"layer": "road", "label": "RdEdg", "method": "official current vector data"}, "geometry": {"type": "LineString", "coordinates": [[139.7727678783551, 35.68569281567468], [139.77300971746442, 35.68511508184678], [139.7735595703125, 35.685277386212206], [139.77366685867307, 35.68530897561407]]}}, {"type": "Feature", "properties": {"layer": "road", "label": "RdEdg", "method": "official current vector data"}, "geometry": {"type": "LineString", "coordinates": [[139.77300971746442, 35.68469134607465], [139.77293461561203, 35.68488524087177], [139.77160021662712, 35.685078045905044], [139.771581441164, 35.68507695661237], [139.77156668901446, 35.68507151014883], [139.77155059576032, 35.68506061722061], [139.7715412080288, 35.68504754570482], [139.77152243256566, 35.68497347374142], [139.7715559601784, 35.684968027270834], [139.77154389023784, 35.68491247324936], [139.77300971746442, 35.68469134607465]]}}, {"type": "Feature", "properties": {"layer": "road", "label": "RdEdg", "method": "official current vector data"}, "geometry": {"type": "LineString", "coordinates": [[139.77303251624105, 35.68463470256183], [139.77153450250623, 35.684860187076204], [139.77152243256566, 35.68478393634555], [139.77152645587918, 35.684781757752184]]}}, {"type": "Feature", "properties": {"layer": "road", "label": "RdEdg", "method": "official current vector data"}, "geometry": {"type": "LineString", "coordinates": [[139.77366685867307, 35.68423601823773], [139.7735595703125, 35.68426542944446], [139.77342143654826, 35.684301376460176], [139.77281793951985, 35.684403770901035], [139.77281123399737, 35.684405949504736], [139.77281391620633, 35.68441248531548], [139.7719261050224, 35.684572612511175], [139.7718308866024, 35.68459113060152], [139.7716914117336, 35.684624898872826]]}}, {"type": "Feature", "properties": {"layer": "road", "label": "RdEdg", "method": "official current vector data"}, "geometry": {"type": "LineString", "coordinates": [[139.77302178740499, 35.684535576317614], [139.77304726839066, 35.68463252396436], [139.77303251624105, 35.68463470256183]]}}, {"type": "Feature", "properties": {"layer": "road", "label": "RdEdg", "method": "official current vector data"}, "geometry": {"type": "LineString", "coordinates": [[139.77302849292755, 35.68452904051697], [139.7730311751366, 35.68453448701756], [139.77302178740499, 35.684535576317614]]}}, {"type": "Feature", "properties": {"layer": "road", "label": "RdEdg", "method": "official current vector data"}, "geometry": {"type": "LineString", "coordinates": [[139.77300837635994, 35.684453878771016], [139.77302849292755, 35.68452904051697]]}}, {"type": "Feature", "properties": {"layer": "road", "label": "RdEdg", "method": "official current vector data"}, "geometry": {"type": "LineString", "coordinates": [[139.77315187454226, 35.684511611712615], [139.7731505334377, 35.68450616521048]]}}, {"type": "Feature", "properties": {"layer": "road", "label": "RdEdg", "method": "official current vector data"}, "geometry": {"type": "LineString", "coordinates": [[139.77320149540898, 35.6845933092001], [139.7731786966324, 35.68450725451092], [139.77315187454226, 35.684511611712615]]}}, {"type": "Feature", "properties": {"layer": "road", "label": "RdEdg", "method": "official current vector data"}, "geometry": {"type": "LineString", "coordinates": [[139.7731505334377, 35.68450616521048], [139.7731290757656, 35.684431003442974]]}}, {"type": "Feature", "properties": {"layer": "road", "label": "RdEdg", "method": "official current vector data"}, "geometry": {"type": "LineString", "coordinates": [[139.77294802665713, 35.68424255406239], [139.77298557758328, 35.68437653834982]]}}, {"type": "Feature", "properties": {"layer": "road", "label": "RdEdg", "method": "official current vector data"}, "geometry": {"type": "LineString", "coordinates": [[139.77290108799937, 35.6840802475917], [139.77292791008946, 35.684171749266774]]}}, {"type": "Feature", "properties": {"layer": "road", "label": "RdEdg", "method": "official current vector data"}, "geometry": {"type": "LineString", "coordinates": [[139.77305263280866, 35.68414887385784], [139.7730311751366, 35.68407153314097], [139.7730258107185, 35.68405083631671]]}}, {"type": "Feature", "properties": {"layer": "road", "label": "RdEdg", "method": "official current vector data"}, "geometry": {"type": "LineString", "coordinates": [[139.77310895919803, 35.684355841604656], [139.7730714082718, 35.68421967867374]]}}, {"type": "Feature", "properties": {"layer": "road", "label": "RdEdg", "method": "official current vector data"}, "geometry": {"type": "LineString", "coordinates": [[139.77176651358607, 35.684461503878914], [139.77304324507713, 35.68422403589114], [139.7735595703125, 35.68413798080367], [139.77366685867307, 35.68411946260814]]}}, {"type": "Feature", "properties": {"layer": "road", "label": "RdEdg", "method": "official current vector data"}, "geometry": {"type": "LineString", "coordinates": [[139.77366685867307, 35.68523599318393], [139.7735595703125, 35.685203314462235], [139.7731398046017, 35.68507913519767], [139.77314248681066, 35.6850333848936], [139.7735595703125, 35.68493643773396], [139.77366685867307, 35.68491138395445]]}}, {"type": "Feature", "properties": {"layer": "road", "label": "RdEdg", "method": "official current vector data"}, "geometry": {"type": "LineString", "coordinates": [[139.77366685867307, 35.68470332835104], [139.7735595703125, 35.68472838219589], [139.7731800377369, 35.68481661523904], [139.77314919233322, 35.68479047212533], [139.7732055187225, 35.68464668484675], [139.7735595703125, 35.68457479111027], [139.77366685867307, 35.68455300511673]]}}, {"type": "Feature", "properties": {"layer": "road", "label": "RdEdg", "method": "official current vector data"}, "geometry": {"type": "LineString", "coordinates": [[139.77366685867307, 35.68449962940742], [139.7735595703125, 35.68452141541554], [139.77320149540898, 35.6845933092001]]}}, {"type": "Feature", "properties": {"layer": "road", "label": "RdEdg", "method": "official current vector data"}, "geometry": {"type": "LineString", "coordinates": [[139.77165788412097, 35.68402796087309], [139.77162837982175, 35.68402796087309], [139.77155864238736, 35.684043211169545], [139.77155327796936, 35.68403667532857], [139.7714164853096, 35.6840639079958], [139.77137356996536, 35.68405192562338], [139.77134674787519, 35.683984388581415]]}}, {"type": "Feature", "properties": {"layer": "road", "label": "RdEdg", "method": "official current vector data"}, "geometry": {"type": "LineString", "coordinates": [[139.7716914117336, 35.684025782259084], [139.771665930748, 35.683984388581415]]}}, {"type": "Feature", "properties": {"layer": "road", "label": "RdEdg", "method": "official current vector data"}, "geometry": {"type": "LineString", "coordinates": [[139.7716310620308, 35.683984388581415], [139.77165788412097, 35.68402796087309]]}}, {"type": "Feature", "properties": {"layer": "road", "label": "RdEdg", "method": "official current vector data"}, "geometry": {"type": "LineString", "coordinates": [[139.77187380194664, 35.683984388581415], [139.7716914117336, 35.684025782259084]]}}, {"type": "Feature", "properties": {"layer": "road", "label": "RdEdg", "method": "official current vector data"}, "geometry": {"type": "LineString", "coordinates": [[139.77287292480466, 35.683984388581415], [139.77288499474523, 35.68402142503087]]}}, {"type": "Feature", "properties": {"layer": "road", "label": "RdEdg", "method": "official current vector data"}, "geometry": {"type": "LineString", "coordinates": [[139.77288499474523, 35.68402142503087], [139.77289840579033, 35.68407153314097], [139.77290108799937, 35.6840802475917]]}}, {"type": "Feature", "properties": {"layer": "road", "label": "RdEdg", "method": "official current vector data"}, "geometry": {"type": "LineString", "coordinates": [[139.7730258107185, 35.68405083631671], [139.77304324507713, 35.684047568396586], [139.77302446961403, 35.683984388581415]]}}, {"type": "Feature", "properties": {"layer": "road", "label": "RdEdg", "method": "official current vector data"}, "geometry": {"type": "LineString", "coordinates": [[139.77366685867307, 35.68403667532857], [139.7735595703125, 35.68405628284994], [139.7734750807285, 35.68407153314097], [139.77299898862842, 35.68415867760534]]}}, {"type": "Feature", "properties": {"layer": "road", "label": "RdEdg", "method": "official current vector data"}, "geometry": {"type": "LineString", "coordinates": [[139.7718603909016, 35.68415867760534], [139.77224662899968, 35.68407153314097], [139.7728045284748, 35.683946262806685]]}}, {"type": "Feature", "properties": {"layer": "road", "label": "RdEdg", "method": "official current vector data"}, "geometry": {"type": "LineString", "coordinates": [[139.77290108799937, 35.6840802475917], [139.77292388677594, 35.68415867760534]]}}, {"type": "Feature", "properties": {"layer": "road", "label": "RdEdg", "method": "official current vector data"}, "geometry": {"type": "LineString", "coordinates": [[139.77305263280866, 35.68414887385784], [139.7730311751366, 35.68407153314097], [139.7730258107185, 35.68405083631671]]}}, {"type": "Feature", "properties": {"layer": "road", "label": "RdEdg", "method": "official current vector data"}, "geometry": {"type": "LineString", "coordinates": [[139.7734294831753, 35.68415867760534], [139.77366685867307, 35.68411946260814]]}}, {"type": "Feature", "properties": {"layer": "road", "label": "RdEdg", "method": "official current vector data"}, "geometry": {"type": "LineString", "coordinates": [[139.77165788412097, 35.68402796087309], [139.77162837982175, 35.68402796087309], [139.77155864238736, 35.684043211169545], [139.77155327796936, 35.68403667532857], [139.7714164853096, 35.6840639079958], [139.77137356996536, 35.68405192562338], [139.7713212668896, 35.68391903009929]]}}, {"type": "Feature", "properties": {"layer": "road", "label": "RdEdg", "method": "official current vector data"}, "geometry": {"type": "LineString", "coordinates": [[139.7713212668896, 35.68391903009929], [139.77140307426455, 35.683899422544215], [139.77143794298175, 35.68388744014706], [139.77147951722142, 35.68386674327503], [139.7714848816395, 35.68387327912995]]}}, {"type": "Feature", "properties": {"layer": "road", "label": "RdEdg", "method": "official current vector data"}, "geometry": {"type": "LineString", "coordinates": [[139.77147281169894, 35.68384059985006], [139.77142319083217, 35.6838645646566], [139.771391004324, 35.68387545774812], [139.7713105380535, 35.68389397600027]]}}, {"type": "Feature", "properties": {"layer": "road", "label": "RdEdg", "method": "official current vector data"}, "geometry": {"type": "LineString", "coordinates": [[139.7716914117336, 35.684025782259084], [139.77162435650823, 35.683913583556695], [139.7716015577316, 35.6838917973826], [139.77157875895503, 35.683877636366255], [139.77159217000008, 35.68385693949168], [139.77159485220912, 35.6838416891596], [139.7715801000595, 35.6838133671066], [139.7715653479099, 35.683802474006605], [139.77154791355136, 35.683797027456045], [139.77152913808823, 35.68379593814591], [139.7715009748936, 35.68380356331669], [139.77129310369494, 35.68365105976278]]}}, {"type": "Feature", "properties": {"layer": "road", "label": "RdEdg", "method": "official current vector data"}, "geometry": {"type": "LineString", "coordinates": [[139.7713105380535, 35.68389397600027], [139.77124214172366, 35.68371968639812], [139.7712609171867, 35.68368591774367]]}}, {"type": "Feature", "properties": {"layer": "road", "label": "RdEdg", "method": "official current vector data"}, "geometry": {"type": "LineString", "coordinates": [[139.77126896381375, 35.6836706673789], [139.77127298712728, 35.68366413150739]]}}, {"type": "Feature", "properties": {"layer": "road", "label": "RdEdg", "method": "official current vector data"}, "geometry": {"type": "LineString", "coordinates": [[139.7712609171867, 35.68368591774367], [139.77147281169894, 35.68384059985006]]}}, {"type": "Feature", "properties": {"layer": "road", "label": "RdEdg", "method": "official current vector data"}, "geometry": {"type": "LineString", "coordinates": [[139.77127298712728, 35.68366413150739], [139.77148354053494, 35.68381772434616], [139.77147951722142, 35.6838242602051], [139.77126896381375, 35.6836706673789]]}}, {"type": "Feature", "properties": {"layer": "road", "label": "RdEdg", "method": "official current vector data"}, "geometry": {"type": "LineString", "coordinates": [[139.7712568938732, 35.683334069300216], [139.77114960551262, 35.683374373999364], [139.77113135748948, 35.683367591046114]]}}, {"type": "Feature", "properties": {"layer": "road", "label": "RdEdg", "method": "official current vector data"}, "geometry": {"type": "LineString", "coordinates": [[139.7714848816395, 35.68387327912995], [139.77150231599808, 35.68388744014706], [139.7715197503567, 35.68389288669144], [139.77155193686488, 35.6838917973826], [139.771581441164, 35.68391031563095], [139.77159887552264, 35.68392774456668], [139.77165788412097, 35.68402796087309]]}}, {"type": "Feature", "properties": {"layer": "road", "label": "RdEdg", "method": "official current vector data"}, "geometry": {"type": "LineString", "coordinates": [[139.7715304791927, 35.6838133671066], [139.77155461907384, 35.68381772434616], [139.77156400680545, 35.6838242602051], [139.77157205343246, 35.68384277846915], [139.77157205343246, 35.68385258225423], [139.77156668901446, 35.68386129672888], [139.77155864238736, 35.68386892189341], [139.77153718471527, 35.68387654705722], [139.77151304483417, 35.68387218982083], [139.77150365710256, 35.68386565396584], [139.77149426937103, 35.68384713570711], [139.7714956104755, 35.68383733192134], [139.77150902152064, 35.68382099227572], [139.7715304791927, 35.6838133671066]]}}, {"type": "Feature", "properties": {"layer": "road", "label": "RdEdg", "method": "official current vector data"}, "geometry": {"type": "LineString", "coordinates": [[139.77129310369494, 35.68365105976278], [139.77194756269455, 35.68339942826154], [139.77225333452225, 35.683898333235454], [139.7716914117336, 35.684025782259084]]}}, {"type": "Feature", "properties": {"layer": "road", "label": "RdEdg", "method": "official current vector data"}, "geometry": {"type": "LineString", "coordinates": [[139.77161217408914, 35.6831969851324], [139.7712568938732, 35.683334069300216]]}}, {"type": "Feature", "properties": {"layer": "road", "label": "RdEdg", "method": "official current vector data"}, "geometry": {"type": "LineString", "coordinates": [[139.7725255787373, 35.683334069300216], [139.77277368307114, 35.68375236572753], [139.772754907608, 35.68378504504352], [139.77229624986649, 35.68388852945597], [139.77198779582977, 35.68338417784203], [139.77211788296697, 35.683334069300216]]}}, {"type": "Feature", "properties": {"layer": "road", "label": "RdEdg", "method": "official current vector data"}, "geometry": {"type": "LineString", "coordinates": [[139.7728045284748, 35.683946262806685], [139.772842079401, 35.68394408419044], [139.77286353707314, 35.683953887963085], [139.77288499474523, 35.68402142503087]]}}, {"type": "Feature", "properties": {"layer": "road", "label": "RdEdg", "method": "official current vector data"}, "geometry": {"type": "LineString", "coordinates": [[139.77211788296697, 35.683334069300216], [139.77242097258568, 35.68321642303491], [139.77246254682538, 35.683228405532816], [139.7725255787373, 35.683334069300216]]}}, {"type": "Feature", "properties": {"layer": "road", "label": "RdEdg", "method": "official current vector data"}, "geometry": {"type": "LineString", "coordinates": [[139.77290913462642, 35.683334069300216], [139.77270796895024, 35.683413589362765], [139.772659689188, 35.683334069300216]]}}, {"type": "Feature", "properties": {"layer": "road", "label": "RdEdg", "method": "official current vector data"}, "geometry": {"type": "LineString", "coordinates": [[139.77288499474523, 35.68402142503087], [139.77289840579033, 35.68407153314097], [139.77290108799937, 35.6840802475917]]}}, {"type": "Feature", "properties": {"layer": "road", "label": "RdEdg", "method": "official current vector data"}, "geometry": {"type": "LineString", "coordinates": [[139.77293729782107, 35.68338090989461], [139.77312773466113, 35.68369463223651], [139.772931933403, 35.68373820468642], [139.77289170026776, 35.68372295433164], [139.77273479104042, 35.683460429910475], [139.77293729782107, 35.68338090989461]]}}, {"type": "Feature", "properties": {"layer": "road", "label": "RdEdg", "method": "official current vector data"}, "geometry": {"type": "LineString", "coordinates": [[139.7730258107185, 35.68405083631671], [139.77304324507713, 35.684047568396586], [139.7730056941509, 35.683913583556695], [139.77302312850955, 35.68389070807374], [139.7735595703125, 35.68376979469773], [139.77366685867307, 35.683745829862715]]}}, {"type": "Feature", "properties": {"layer": "road", "label": "RdEdg", "method": "official current vector data"}, "geometry": {"type": "MultiLineString", "coordinates": [[[139.772659689188, 35.683334069300216], [139.7725796157881, 35.6831969851324]], [[139.77325744736345, 35.6831969851324], [139.77290913462642, 35.683334069300216]]]}}, {"type": "Feature", "properties": {"layer": "road", "label": "RdEdg", "method": "official current vector data"}, "geometry": {"type": "LineString", "coordinates": [[139.77366685867307, 35.68357480787652], [139.7735595703125, 35.683598772762906], [139.7731652855873, 35.68368591774367], [139.7729708254337, 35.68336674878758], [139.7730553150177, 35.683334069300216]]}}, {"type": "Feature", "properties": {"layer": "road", "label": "RdEdg", "method": "official current vector data"}, "geometry": {"type": "LineString", "coordinates": [[139.7730553150177, 35.683334069300216], [139.7734020776051, 35.6831969851324]]}}, {"type": "Feature", "properties": {"layer": "road", "label": "RdEdg", "method": "official current vector data"}, "geometry": {"type": "LineString", "coordinates": [[139.77389082312587, 35.68399528165658], [139.77345228195188, 35.68407589036644]]}}, {"type": "Feature", "properties": {"layer": "road", "label": "RdEdg", "method": "official current vector data"}, "geometry": {"type": "LineString", "coordinates": [[139.77345228195188, 35.68437653834982], [139.7735595703125, 35.68435802020968], [139.77432534098628, 35.6842327503252]]}}, {"type": "Feature", "properties": {"layer": "road", "label": "RdEdg", "method": "official current vector data"}, "geometry": {"type": "MultiLineString", "coordinates": [[[139.7739444673061, 35.685390672285024], [139.77415367960933, 35.685452761699004], [139.77404915050636, 35.68569281567468]], [[139.77345228195188, 35.685245796797844], [139.7735595703125, 35.685277386212206], [139.77387741208076, 35.68537106509164]]]}}, {"type": "Feature", "properties": {"layer": "road", "label": "RdEdg", "method": "official current vector data"}, "geometry": {"type": "LineString", "coordinates": [[139.77387741208076, 35.68417283857179], [139.7735595703125, 35.68426542944446], [139.77345228195188, 35.68429375133701]]}}, {"type": "Feature", "properties": {"layer": "road", "label": "RdEdg", "method": "official current vector data"}, "geometry": {"type": "LineString", "coordinates": [[139.77345228195188, 35.68415540968965], [139.7735595703125, 35.68413798080367], [139.77394312620163, 35.68407153314097], [139.77435752749446, 35.68400399611563], [139.77447152137756, 35.6839920137342], [139.7745251655579, 35.68398874581166], [139.7746753692627, 35.68398874581166], [139.77476254105565, 35.68399419234912], [139.7749100625515, 35.68400944265204]]}}, {"type": "Feature", "properties": {"layer": "road", "label": "RdEdg", "method": "official current vector data"}, "geometry": {"type": "LineString", "coordinates": [[139.77436892309825, 35.68569281567468], [139.7744353115559, 35.68553772608194], [139.7748953104019, 35.68568586889213], [139.77489238102433, 35.68569281567468]]}}, {"type": "Feature", "properties": {"layer": "road", "label": "RdEdg", "method": "official current vector data"}, "geometry": {"type": "LineString", "coordinates": [[139.7749999165535, 35.685433154520865], [139.7749207913876, 35.68561833323335], [139.77446213364604, 35.68547019029775], [139.77466598153117, 35.684970205859116], [139.7749999165535, 35.685063885099225]]}}, {"type": "Feature", "properties": {"layer": "road", "label": "RdEdg", "method": "official current vector data"}, "geometry": {"type": "MultiLineString", "coordinates": [[[139.77391362190244, 35.68530788632455], [139.7735595703125, 35.685203314462235], [139.77345228195188, 35.68517172501851]], [[139.77345228195188, 35.68496149150561], [139.7735595703125, 35.68493643773396], [139.77430790662763, 35.684761061112134], [139.7744004428387, 35.68483949045651], [139.77417781949043, 35.68538522584291], [139.77398067712787, 35.68532749353348]]]}}, {"type": "Feature", "properties": {"layer": "road", "label": "RdEdg", "method": "official current vector data"}, "geometry": {"type": "MultiLineString", "coordinates": [[[139.774279743433, 35.68445714667447], [139.7743105888367, 35.68455300511673], [139.7735595703125, 35.68472838219589], [139.77345228195188, 35.684753436032885]], [[139.77345228195188, 35.68459657709786], [139.7735595703125, 35.68457479111027], [139.77422207593915, 35.68443971785441]]]}}, {"type": "Feature", "properties": {"layer": "road", "label": "RdEdg", "method": "official current vector data"}, "geometry": {"type": "LineString", "coordinates": [[139.77422341704371, 35.684386342069324], [139.7735595703125, 35.68452141541554], [139.77345228195188, 35.6845432014177]]}}, {"type": "Feature", "properties": {"layer": "road", "label": "RdEdg", "method": "official current vector data"}, "geometry": {"type": "LineString", "coordinates": [[139.7749999165535, 35.68498981315104], [139.77469146251676, 35.68490266959451], [139.77476656436917, 35.68471639992327], [139.77487653493884, 35.684663024323264], [139.7749999165535, 35.684682631690684]]}}, {"type": "Feature", "properties": {"layer": "road", "label": "RdEdg", "method": "official current vector data"}, "geometry": {"type": "LineString", "coordinates": [[139.77422207593915, 35.68443971785441], [139.77425426244733, 35.684440807155795], [139.7742690145969, 35.68444734296366], [139.774279743433, 35.68445714667447]]}}, {"type": "Feature", "properties": {"layer": "road", "label": "RdEdg", "method": "official current vector data"}, "geometry": {"type": "LineString", "coordinates": [[139.77433875203133, 35.684433182045936], [139.77432265877724, 35.68441248531548], [139.7742944955826, 35.684396145787645], [139.77427169680595, 35.68438852067349], [139.77422341704371, 35.684386342069324]]}}, {"type": "Feature", "properties": {"layer": "road", "label": "RdEdg", "method": "official current vector data"}, "geometry": {"type": "LineString", "coordinates": [[139.77439910173413, 35.68430573367312], [139.77438703179357, 35.68431226949206], [139.77442726492885, 35.68447130758797], [139.77442055940628, 35.68449091500252], [139.77440580725667, 35.68450616521048], [139.77436691522595, 35.684520326115276], [139.77433875203133, 35.684433182045936]]}}, {"type": "Feature", "properties": {"layer": "road", "label": "RdEdg", "method": "official current vector data"}, "geometry": {"type": "LineString", "coordinates": [[139.77437898516652, 35.68422512519545], [139.77439910173413, 35.68430573367312]]}}, {"type": "Feature", "properties": {"layer": "road", "label": "RdEdg", "method": "official current vector data"}, "geometry": {"type": "LineString", "coordinates": [[139.774374961853, 35.684212053542765], [139.77437898516652, 35.68422512519545]]}}, {"type": "Feature", "properties": {"layer": "road", "label": "RdEdg", "method": "official current vector data"}, "geometry": {"type": "LineString", "coordinates": [[139.77433606982228, 35.684058461463124], [139.77433875203133, 35.68407153314097], [139.77434679865837, 35.684099855102346]]}}, {"type": "Feature", "properties": {"layer": "road", "label": "RdEdg", "method": "official current vector data"}, "geometry": {"type": "LineString", "coordinates": [[139.7749999165535, 35.68403776463543], [139.77491810917854, 35.68403667532857], [139.77473303675654, 35.684047568396586], [139.7745345532894, 35.68407153314097], [139.77387741208076, 35.68417283857179]]}}, {"type": "Feature", "properties": {"layer": "road", "label": "RdEdg", "method": "official current vector data"}, "geometry": {"type": "LineString", "coordinates": [[139.7749999165535, 35.684480021995036], [139.77492213249204, 35.68446803968508], [139.77487385272983, 35.684456057373346], [139.77481350302693, 35.68442991414147], [139.77477326989174, 35.684403770901035], [139.77473840117452, 35.68437327044303], [139.77470353245732, 35.684328609037074], [139.77468609809878, 35.68425562571009], [139.77470353245732, 35.68425235779837]]}}, {"type": "Feature", "properties": {"layer": "road", "label": "RdEdg", "method": "official current vector data"}, "geometry": {"type": "LineString", "coordinates": [[139.77470353245732, 35.68425235779837], [139.7746887803078, 35.684194624669146]]}}, {"type": "Feature", "properties": {"layer": "road", "label": "RdEdg", "method": "official current vector data"}, "geometry": {"type": "LineString", "coordinates": [[139.77432534098628, 35.6842327503252], [139.77432265877724, 35.68422076797812], [139.77435618638995, 35.6842142321517], [139.7744795680046, 35.684194624669146], [139.77469280362132, 35.68417283857179], [139.77485910058022, 35.68416630274143], [139.7749999165535, 35.684167392046554]]}}, {"type": "Feature", "properties": {"layer": "road", "label": "RdEdg", "method": "official current vector data"}, "geometry": {"type": "LineString", "coordinates": [[139.7746887803078, 35.684194624669146], [139.77468341588974, 35.6841750171818]]}}, {"type": "Feature", "properties": {"layer": "road", "label": "RdEdg", "method": "official current vector data"}, "geometry": {"type": "LineString", "coordinates": [[139.7749999165535, 35.685643386790886], [139.77498114109036, 35.685637940366], [139.7749999165535, 35.68559436895361]]}}, {"type": "Feature", "properties": {"layer": "road", "label": "RdEdg", "method": "official current vector data"}, "geometry": {"type": "MultiLineString", "coordinates": [[[139.7749999165535, 35.68559436895361], [139.77512061595917, 35.68530461845593], [139.77520729542343, 35.68533101992753]], [[139.77520729542343, 35.68556149703871], [139.77514609694478, 35.68569022602945], [139.7749999165535, 35.685643386790886]]]}}, {"type": "Feature", "properties": {"layer": "road", "label": "RdEdg", "method": "official current vector data"}, "geometry": {"type": "LineString", "coordinates": [[139.7749999165535, 35.685063885099225], [139.77513805031774, 35.685103099632194], [139.7749999165535, 35.685433154520865]]}}, {"type": "Feature", "properties": {"layer": "road", "label": "RdEdg", "method": "official current vector data"}, "geometry": {"type": "LineString", "coordinates": [[139.7751795692761, 35.68569281567468], [139.77520729542343, 35.68563479806021]]}}, {"type": "Feature", "properties": {"layer": "road", "label": "RdEdg", "method": "official current vector data"}, "geometry": {"type": "MultiLineString", "coordinates": [[[139.77519705891606, 35.68512270689145], [139.77520729542343, 35.685125680672726]], [[139.77520729542343, 35.68529458459441], [139.7751340270042, 35.68527193976236], [139.77519705891606, 35.68512270689145]]]}}, {"type": "Feature", "properties": {"layer": "road", "label": "RdEdg", "method": "official current vector data"}, "geometry": {"type": "MultiLineString", "coordinates": [[[139.7749999165535, 35.684682631690684], [139.77520729542343, 35.684714457000936]], [[139.77520729542343, 35.68493254707902], [139.77516487240788, 35.685036652773334], [139.7749999165535, 35.68498981315104]]]}}, {"type": "Feature", "properties": {"layer": "road", "label": "RdEdg", "method": "official current vector data"}, "geometry": {"type": "LineString", "coordinates": [[139.77520729542343, 35.684512057809606], [139.7749999165535, 35.684480021995036]]}}, {"type": "Feature", "properties": {"layer": "road", "label": "RdEdg", "method": "official current vector data"}, "geometry": {"type": "LineString", "coordinates": [[139.7749999165535, 35.684167392046554], [139.7752051055431, 35.68417283857179], [139.77520729542343, 35.68417304783283]]}}, {"type": "Feature", "properties": {"layer": "road", "label": "RdEdg", "method": "official current vector data"}, "geometry": {"type": "LineString", "coordinates": [[139.77520729542343, 35.684051314084996], [139.77512598037717, 35.684042121862774], [139.7749999165535, 35.68403776463543]]}}, {"type": "Feature", "properties": {"layer": "road", "label": "RdEdg", "method": "official current vector data"}, "geometry": {"type": "LineString", "coordinates": [[139.7749999165535, 35.684015978495246], [139.77510318160054, 35.68402251433795], [139.77520729542343, 35.68403447317368]]}}, {"type": "Feature", "properties": {"layer": "road", "label": "RdEdg", "method": "official current vector data"}, "geometry": {"type": "LineString", "coordinates": [[139.77432399988172, 35.68400944265204], [139.77433606982228, 35.684058461463124]]}}, {"type": "Feature", "properties": {"layer": "road", "label": "RdEdg", "method": "official current vector data"}, "geometry": {"type": "LineString", "coordinates": [[139.77396726608276, 35.683984388581415], [139.77389082312587, 35.68399528165658]]}}, {"type": "Feature", "properties": {"layer": "road", "label": "RdEdg", "method": "official current vector data"}, "geometry": {"type": "LineString", "coordinates": [[139.7746539115906, 35.68405519354329], [139.77464318275452, 35.6840170678024]]}}, {"type": "Feature", "properties": {"layer": "road", "label": "RdEdg", "method": "official current vector data"}, "geometry": {"type": "LineString", "coordinates": [[139.77464318275452, 35.6840170678024], [139.77463647723198, 35.68398765650413]]}}, {"type": "Feature", "properties": {"layer": "road", "label": "RdEdg", "method": "official current vector data"}, "geometry": {"type": "LineString", "coordinates": [[139.7749100625515, 35.68400944265204], [139.7749999165535, 35.684015978495246]]}}, {"type": "Feature", "properties": {"layer": "road", "label": "RdEdg", "method": "official current vector data"}, "geometry": {"type": "LineString", "coordinates": [[139.77389082312587, 35.68399528165658], [139.7735595703125, 35.68405628284994], [139.77345228195188, 35.68407589036644]]}}, {"type": "Feature", "properties": {"layer": "road", "label": "RdEdg", "method": "official current vector data"}, "geometry": {"type": "LineString", "coordinates": [[139.77345228195188, 35.68415540968965], [139.77394312620163, 35.68407153314097], [139.77435752749446, 35.68400399611563], [139.77447152137756, 35.6839920137342], [139.7745251655579, 35.68398874581166], [139.7746753692627, 35.68398874581166], [139.77476254105565, 35.68399419234912], [139.7749100625515, 35.68400944265204]]}}, {"type": "Feature", "properties": {"layer": "road", "label": "RdEdg", "method": "official current vector data"}, "geometry": {"type": "LineString", "coordinates": [[139.77433606982228, 35.684058461463124], [139.77433875203133, 35.68407153314097], [139.77434679865837, 35.684099855102346]]}}, {"type": "Feature", "properties": {"layer": "road", "label": "RdEdg", "method": "official current vector data"}, "geometry": {"type": "LineString", "coordinates": [[139.7749999165535, 35.68403776463543], [139.77491810917854, 35.68403667532857], [139.77473303675654, 35.684047568396586], [139.7745345532894, 35.68407153314097], [139.77396860718724, 35.68415867760534]]}}, {"type": "Feature", "properties": {"layer": "road", "label": "RdEdg", "method": "official current vector data"}, "geometry": {"type": "LineString", "coordinates": [[139.77520729542343, 35.684051314084996], [139.77512598037717, 35.684042121862774], [139.7749999165535, 35.68403776463543]]}}, {"type": "Feature", "properties": {"layer": "road", "label": "RdEdg", "method": "official current vector data"}, "geometry": {"type": "LineString", "coordinates": [[139.7749999165535, 35.684015978495246], [139.77510318160054, 35.68402251433795], [139.77520729542343, 35.68403447317368]]}}, {"type": "Feature", "properties": {"layer": "road", "label": "RdEdg", "method": "official current vector data"}, "geometry": {"type": "LineString", "coordinates": [[139.77345228195188, 35.68379375952555], [139.7735595703125, 35.68376979469773], [139.77410942316052, 35.68364452388967]]}}, {"type": "Feature", "properties": {"layer": "road", "label": "RdEdg", "method": "official current vector data"}, "geometry": {"type": "LineString", "coordinates": [[139.77402761578563, 35.683334069300216], [139.77409735321996, 35.68344517950262], [139.77407723665235, 35.68348221620235], [139.7735595703125, 35.683598772762906], [139.77345228195188, 35.6836227376421]]}}, {"type": "Feature", "properties": {"layer": "road", "label": "RdEdg", "method": "official current vector data"}, "geometry": {"type": "LineString", "coordinates": [[139.77394173983922, 35.6831969851324], [139.77402761578563, 35.683334069300216]]}}, {"type": "Feature", "properties": {"layer": "road", "label": "RdEdg", "method": "official current vector data"}, "geometry": {"type": "LineString", "coordinates": [[139.77410674095157, 35.68376543745555], [139.7741349041462, 35.68384277846915], [139.7742140293121, 35.68382752813437]]}}, {"type": "Feature", "properties": {"layer": "road", "label": "RdEdg", "method": "official current vector data"}, "geometry": {"type": "LineString", "coordinates": [[139.77412149310115, 35.683766526766114], [139.77411881089213, 35.68372949019834], [139.77410405874252, 35.68372949019834], [139.77410674095157, 35.68376543745555]]}}, {"type": "Feature", "properties": {"layer": "road", "label": "RdEdg", "method": "official current vector data"}, "geometry": {"type": "LineString", "coordinates": [[139.77419391274452, 35.68377633056058], [139.77418184280396, 35.683797027456045], [139.7741402685642, 35.68380465262674], [139.77413624525067, 35.68380356331669], [139.77412149310115, 35.683766526766114]]}}, {"type": "Feature", "properties": {"layer": "road", "label": "RdEdg", "method": "official current vector data"}, "geometry": {"type": "LineString", "coordinates": [[139.7741241753101, 35.683641255952914], [139.7741402685642, 35.68363798801603], [139.77419391274452, 35.68377633056058]]}}, {"type": "Feature", "properties": {"layer": "road", "label": "RdEdg", "method": "official current vector data"}, "geometry": {"type": "LineString", "coordinates": [[139.77410942316052, 35.68364452388967], [139.7741241753101, 35.683641255952914]]}}, {"type": "Feature", "properties": {"layer": "road", "label": "RdEdg", "method": "official current vector data"}, "geometry": {"type": "LineString", "coordinates": [[139.77432399988172, 35.68400944265204], [139.77433606982228, 35.684058461463124]]}}, {"type": "Feature", "properties": {"layer": "road", "label": "RdEdg", "method": "official current vector data"}, "geometry": {"type": "LineString", "coordinates": [[139.7743012011051, 35.683920119407766], [139.7743052244186, 35.683936459033106]]}}, {"type": "Feature", "properties": {"layer": "road", "label": "RdEdg", "method": "official current vector data"}, "geometry": {"type": "LineString", "coordinates": [[139.77428779006004, 35.683871100511716], [139.7743012011051, 35.683920119407766]]}}, {"type": "Feature", "properties": {"layer": "road", "label": "RdEdg", "method": "official current vector data"}, "geometry": {"type": "LineString", "coordinates": [[139.7742140293121, 35.68382752813437], [139.77428779006004, 35.683871100511716]]}}, {"type": "Feature", "properties": {"layer": "road", "label": "RdEdg", "method": "official current vector data"}, "geometry": {"type": "LineString", "coordinates": [[139.7749999165535, 35.68395279865509], [139.77486848831174, 35.683936459033106], [139.77470621466637, 35.68392120871622], [139.77454662322995, 35.68391903009929], [139.77432534098628, 35.68393428041659], [139.77423816919324, 35.68394408419044], [139.77389082312587, 35.68399528165658]]}}, {"type": "Feature", "properties": {"layer": "road", "label": "RdEdg", "method": "official current vector data"}, "geometry": {"type": "LineString", "coordinates": [[139.7746539115906, 35.68405519354329], [139.77464318275452, 35.6840170678024]]}}, {"type": "Feature", "properties": {"layer": "road", "label": "RdEdg", "method": "official current vector data"}, "geometry": {"type": "LineString", "coordinates": [[139.77464318275452, 35.6840170678024], [139.77463647723198, 35.68398765650413]]}}, {"type": "Feature", "properties": {"layer": "road", "label": "RdEdg", "method": "official current vector data"}, "geometry": {"type": "LineString", "coordinates": [[139.7746190428734, 35.68391903009929], [139.7746096551418, 35.683883082911315]]}}, {"type": "Feature", "properties": {"layer": "road", "label": "RdEdg", "method": "official current vector data"}, "geometry": {"type": "LineString", "coordinates": [[139.7746096551418, 35.683883082911315], [139.7745935618877, 35.68381881365604]]}}, {"type": "Feature", "properties": {"layer": "road", "label": "RdEdg", "method": "official current vector data"}, "geometry": {"type": "LineString", "coordinates": [[139.7745935618877, 35.68381881365604], [139.77460563182828, 35.68381554572643], [139.77460160851476, 35.683802474006605], [139.77468341588974, 35.6837120612193]]}}, {"type": "Feature", "properties": {"layer": "road", "label": "RdEdg", "method": "official current vector data"}, "geometry": {"type": "LineString", "coordinates": [[139.77468341588974, 35.6837120612193], [139.77468341588974, 35.68366304219543], [139.77475315332413, 35.68366304219543], [139.7747544944286, 35.68361620176667]]}}, {"type": "Feature", "properties": {"layer": "road", "label": "RdEdg", "method": "official current vector data"}, "geometry": {"type": "LineString", "coordinates": [[139.7747544944286, 35.68361620176667], [139.77481350302693, 35.68361402314142], [139.7749999165535, 35.68361838039187]]}}, {"type": "Feature", "properties": {"layer": "road", "label": "RdEdg", "method": "official current vector data"}, "geometry": {"type": "LineString", "coordinates": [[139.7745144367218, 35.683334069300216], [139.77442592382428, 35.6833689274196], [139.77437898516652, 35.68335694494275], [139.774364233017, 35.683334069300216]]}}, {"type": "Feature", "properties": {"layer": "road", "label": "RdEdg", "method": "official current vector data"}, "geometry": {"type": "LineString", "coordinates": [[139.774364233017, 35.683334069300216], [139.77427894060637, 35.6831969851324]]}}, {"type": "Feature", "properties": {"layer": "road", "label": "RdEdg", "method": "official current vector data"}, "geometry": {"type": "LineString", "coordinates": [[139.77485399809865, 35.6831969851324], [139.7745144367218, 35.683334069300216]]}}, {"type": "Feature", "properties": {"layer": "road", "label": "RdEdg", "method": "official current vector data"}, "geometry": {"type": "LineString", "coordinates": [[139.7749999165535, 35.68348330551681], [139.77471157908437, 35.68347676962996], [139.7746646404266, 35.68338417784203], [139.77478802204132, 35.683334069300216]]}}, {"type": "Feature", "properties": {"layer": "road", "label": "RdEdg", "method": "official current vector data"}, "geometry": {"type": "LineString", "coordinates": [[139.77478802204132, 35.683334069300216], [139.7749999165535, 35.683249102570436]]}}, {"type": "Feature", "properties": {"layer": "road", "label": "RdEdg", "method": "official current vector data"}, "geometry": {"type": "LineString", "coordinates": [[139.7749100625515, 35.68400944265204], [139.7749999165535, 35.684015978495246]]}}, {"type": "Feature", "properties": {"layer": "road", "label": "RdEdg", "method": "official current vector data"}, "geometry": {"type": "LineString", "coordinates": [[139.77520729542343, 35.683971025677884], [139.7749999165535, 35.68395279865509]]}}, {"type": "Feature", "properties": {"layer": "road", "label": "RdEdg", "method": "official current vector data"}, "geometry": {"type": "LineString", "coordinates": [[139.77520729542343, 35.68348856938668], [139.7749999165535, 35.68348330551681]]}}, {"type": "Feature", "properties": {"layer": "road", "label": "RdEdg", "method": "official current vector data"}, "geometry": {"type": "LineString", "coordinates": [[139.7749999165535, 35.683249102570436], [139.7751290498336, 35.6831969851324]]}}, {"type": "Feature", "properties": {"layer": "road", "label": "RdEdg", "method": "official current vector data"}, "geometry": {"type": "LineString", "coordinates": [[139.7749999165535, 35.68361838039187], [139.77520729542343, 35.68362344636336]]}}, {"type": "Feature", "properties": {"layer": "roof", "label": "BldA", "method": "official current vector data"}, "geometry": {"type": "Polygon", "coordinates": [[[139.7716806828976, 35.68550395819698], [139.77167397737503, 35.685517029638014], [139.77152377367022, 35.68547454744685], [139.77152913808823, 35.685459297423975], [139.7716806828976, 35.68550395819698]]]}}, {"type": "Feature", "properties": {"layer": "roof", "label": "BldA", "method": "official current vector data"}, "geometry": {"type": "Polygon", "coordinates": [[[139.77213799953464, 35.68526758260218], [139.77199316024783, 35.68559545823921], [139.77143391966823, 35.685432065233044], [139.77149292826655, 35.68534165429251], [139.77212458848953, 35.68522074311548], [139.77213799953464, 35.68526758260218]]]}}, {"type": "Feature", "properties": {"layer": "roof", "label": "BldA", "method": "official current vector data"}, "geometry": {"type": "Polygon", "coordinates": [[[139.772210419178, 35.68527193976236], [139.77206423878673, 35.68561615466275], [139.77199316024783, 35.68559545823921], [139.77213799953464, 35.68526758260218], [139.77212458848953, 35.68522074311548], [139.77218762040135, 35.68520876091677], [139.772210419178, 35.68527193976236]]]}}, {"type": "Feature", "properties": {"layer": "roof", "label": "BldA", "method": "official current vector data"}, "geometry": {"type": "Polygon", "coordinates": [[[139.772025346756, 35.685008331144516], [139.771581441164, 35.685073688734285], [139.77154791355136, 35.68491465183917], [139.77198779582977, 35.68484711552754], [139.772025346756, 35.685008331144516]]]}}, {"type": "Feature", "properties": {"layer": "roof", "label": "BldA", "method": "official current vector data"}, "geometry": {"type": "Polygon", "coordinates": [[[139.77201864123344, 35.684781757752184], [139.77160021662712, 35.68484602623173], [139.7715801000595, 35.6847708647844], [139.7719958424568, 35.68469897115985], [139.77201864123344, 35.684781757752184]]]}}, {"type": "Feature", "properties": {"layer": "roof", "label": "BldA", "method": "official current vector data"}, "geometry": {"type": "Polygon", "coordinates": [[[139.77211922407153, 35.684764329003045], [139.7720400989056, 35.68477631126847], [139.77203339338305, 35.6847458109529], [139.77201864123344, 35.68474798954726], [139.77200657129288, 35.68469788186201], [139.7721004486084, 35.68468372098873], [139.77211922407153, 35.684764329003045]]]}}, {"type": "Feature", "properties": {"layer": "roof", "label": "BldA", "method": "official current vector data"}, "geometry": {"type": "Polygon", "coordinates": [[[139.77188318967816, 35.68427414387399], [139.77162435650823, 35.68433623415693], [139.7715854644775, 35.68422512519545], [139.77184295654297, 35.68416303482605], [139.77188318967816, 35.68427414387399]]]}}, {"type": "Feature", "properties": {"layer": "roof", "label": "BldA", "method": "official current vector data"}, "geometry": {"type": "Polygon", "coordinates": [[[139.77233648300168, 35.68518370722278], [139.7721795737743, 35.68553227964985], [139.77211922407153, 35.68551485106467], [139.77222248911858, 35.68527193976236], [139.7722063958645, 35.685207671625896], [139.77233648300168, 35.68518370722278]]]}}, {"type": "Feature", "properties": {"layer": "roof", "label": "BldA", "method": "official current vector data"}, "geometry": {"type": "Polygon", "coordinates": [[[139.7721768915653, 35.685609618950636], [139.77215677499768, 35.68558674395398], [139.77233648300168, 35.68518370722278], [139.7723753750324, 35.68517390360125], [139.77269724011418, 35.685259957571354], [139.77272674441338, 35.68528827911081], [139.77254648290133, 35.68569281567468], [139.7724582798684, 35.68569281567468], [139.7721768915653, 35.685609618950636]]]}}, {"type": "Feature", "properties": {"layer": "roof", "label": "BldA", "method": "official current vector data"}, "geometry": {"type": "Polygon", "coordinates": [[[139.77302446961403, 35.68512161759941], [139.7734348475933, 35.68524252892666], [139.77343082427979, 35.68525233253976], [139.7735595703125, 35.685290457690336], [139.77366685867307, 35.68532204708704], [139.77366685867307, 35.68569281567468], [139.7727808257217, 35.68569281567468], [139.77302446961403, 35.68512161759941]]]}}, {"type": "Feature", "properties": {"layer": "roof", "label": "BldA", "method": "official current vector data"}, "geometry": {"type": "Polygon", "coordinates": [[[139.77230831980705, 35.684731650088125], [139.772125929594, 35.684761061112134], [139.77210849523544, 35.68468589958477], [139.77213531732562, 35.68468154239262], [139.77213531732562, 35.6846771852002], [139.77228954434392, 35.68465213133929], [139.77230831980705, 35.684731650088125]]]}}, {"type": "Feature", "properties": {"layer": "roof", "label": "BldA", "method": "official current vector data"}, "geometry": {"type": "Polygon", "coordinates": [[[139.7729252278805, 35.68487979439513], [139.77203339338305, 35.68501159902527], [139.77199718356135, 35.684848204823346], [139.7730003297329, 35.68469897115985], [139.7729252278805, 35.68487979439513]]]}}, {"type": "Feature", "properties": {"layer": "roof", "label": "BldA", "method": "official current vector data"}, "geometry": {"type": "Polygon", "coordinates": [[[139.7725859284401, 35.684690256776705], [139.7723217308521, 35.68473056079074], [139.77230295538905, 35.68464995274231], [139.77256849408153, 35.68460964868756], [139.7725859284401, 35.684690256776705]]]}}, {"type": "Feature", "properties": {"layer": "roof", "label": "BldA", "method": "official current vector data"}, "geometry": {"type": "Polygon", "coordinates": [[[139.77275356650352, 35.68466738151644], [139.77259933948514, 35.68469134607465], [139.7725805640221, 35.68460529149123], [139.77273344993594, 35.68458132690717], [139.77275356650352, 35.68466738151644]]]}}, {"type": "Feature", "properties": {"layer": "roof", "label": "BldA", "method": "official current vector data"}, "geometry": {"type": "Polygon", "coordinates": [[[139.77260470390323, 35.68411837330241], [139.77189525961873, 35.6842839476061], [139.77185636758807, 35.68417392787681], [139.77229222655296, 35.68407153314097], [139.77256581187248, 35.684007264037525], [139.77258726954457, 35.68407153314097], [139.77260470390323, 35.68411837330241]]]}}, {"type": "Feature", "properties": {"layer": "roof", "label": "BldA", "method": "official current vector data"}, "geometry": {"type": "Polygon", "coordinates": [[[139.7733463346958, 35.68477304337807], [139.77319747209546, 35.68480790086875], [139.77316394448283, 35.68476868619067], [139.7732108831406, 35.684648863443805], [139.7733007371426, 35.68463034536687], [139.7733463346958, 35.68477304337807]]]}}, {"type": "Feature", "properties": {"layer": "roof", "label": "BldA", "method": "official current vector data"}, "geometry": {"type": "Polygon", "coordinates": [[[139.7735595703125, 35.684724025006055], [139.77335304021835, 35.68477195408125], [139.77331548929212, 35.68466411362159], [139.7733946144581, 35.68464668484675], [139.7733852267265, 35.68461836307949], [139.7735595703125, 35.68457914830825], [139.77361857891083, 35.684564987413914], [139.77364405989644, 35.68464014905519], [139.77366685867307, 35.684635791860536], [139.77366685867307, 35.68469897115985], [139.7735595703125, 35.684724025006055]]]}}, {"type": "Feature", "properties": {"layer": "roof", "label": "BldA", "method": "official current vector data"}, "geometry": {"type": "Polygon", "coordinates": [[[139.77299764752385, 35.68463470256183], [139.77277770638466, 35.68466956011294], [139.77275758981705, 35.6845856841048], [139.77297753095627, 35.684550826517054], [139.77299764752385, 35.68463470256183]]]}}, {"type": "Feature", "properties": {"layer": "roof", "label": "BldA", "method": "official current vector data"}, "geometry": {"type": "Polygon", "coordinates": [[[139.77333828806874, 35.68455300511673], [139.77326720952985, 35.68456280881456], [139.77325245738027, 35.68449200430319], [139.77332219481465, 35.684480021995036], [139.77333828806874, 35.68455300511673]]]}}, {"type": "Feature", "properties": {"layer": "roof", "label": "BldA", "method": "official current vector data"}, "geometry": {"type": "Polygon", "coordinates": [[[139.77350458502772, 35.68452904051697], [139.77335438132283, 35.68456063021517], [139.7733302414417, 35.684485468498956], [139.7734804451466, 35.684453878771016], [139.77350458502772, 35.68452904051697]]]}}, {"type": "Feature", "properties": {"layer": "roof", "label": "BldA", "method": "official current vector data"}, "geometry": {"type": "Polygon", "coordinates": [[[139.7735595703125, 35.68451596891406], [139.77350458502772, 35.684525772616446], [139.7734844684601, 35.68445714667447], [139.7735595703125, 35.6844429857585], [139.77359443902972, 35.68443536064882], [139.77361589670178, 35.68450507591002], [139.7735595703125, 35.68451596891406]]]}}, {"type": "Feature", "properties": {"layer": "roof", "label": "BldA", "method": "official current vector data"}, "geometry": {"type": "Polygon", "coordinates": [[[139.77366685867307, 35.68492009831342], [139.77366685867307, 35.68522727885946], [139.7735595703125, 35.68519460013418], [139.77316260337827, 35.685072599441554], [139.77316260337827, 35.68503774206655], [139.7735595703125, 35.684945152090215], [139.77366685867307, 35.68492009831342]]]}}, {"type": "Feature", "properties": {"layer": "roof", "label": "BldA", "method": "official current vector data"}, "geometry": {"type": "Polygon", "coordinates": [[[139.77366685867307, 35.68449527220508], [139.77361723780635, 35.68450398660953], [139.77359846234324, 35.684437539251654], [139.77366685867307, 35.684424467633754], [139.77366685867307, 35.68449527220508]]]}}, {"type": "Feature", "properties": {"layer": "roof", "label": "BldA", "method": "official current vector data"}, "geometry": {"type": "Polygon", "coordinates": [[[139.77173969149592, 35.683984388581415], [139.7717007994652, 35.68399963888622], [139.7716914117336, 35.683984388581415], [139.77173969149592, 35.683984388581415]]]}}, {"type": "Feature", "properties": {"layer": "roof", "label": "BldA", "method": "official current vector data"}, "geometry": {"type": "Polygon", "coordinates": [[[139.7727093100548, 35.684106390938155], [139.7726194560528, 35.68412599844237], [139.7726006805897, 35.68407153314097], [139.77257788181305, 35.68399854957883], [139.77264359593394, 35.683984388581415], [139.7726704180241, 35.683984388581415], [139.77269724011418, 35.68407153314097], [139.7727093100548, 35.684106390938155]]]}}, {"type": "Feature", "properties": {"layer": "roof", "label": "BldA", "method": "official current vector data"}, "geometry": {"type": "Polygon", "coordinates": [[[139.77288365364075, 35.68405519354329], [139.7728259861469, 35.68406717591525], [139.77281123399737, 35.684025782259084], [139.772842079401, 35.68401924641666], [139.77284878492353, 35.6840388539423], [139.7728756070137, 35.684033407407895], [139.77288365364075, 35.68405519354329]]]}}, {"type": "Feature", "properties": {"layer": "roof", "label": "BldA", "method": "official current vector data"}, "geometry": {"type": "Polygon", "coordinates": [[[139.7732658684254, 35.683984388581415], [139.7731210291386, 35.684015978495246], [139.7731103003025, 35.683984388581415], [139.7732658684254, 35.683984388581415]]]}}, {"type": "Feature", "properties": {"layer": "roof", "label": "BldA", "method": "official current vector data"}, "geometry": {"type": "Polygon", "coordinates": [[[139.77260470390323, 35.68411837330241], [139.77243170142177, 35.68415867760534], [139.7719207406044, 35.68415867760534], [139.77229088544848, 35.68407153314097], [139.77256581187248, 35.684007264037525], [139.77258726954457, 35.68407153314097], [139.77260470390323, 35.68411837330241]]]}}, {"type": "Feature", "properties": {"layer": "roof", "label": "BldA", "method": "official current vector data"}, "geometry": {"type": "Polygon", "coordinates": [[[139.7712501883507, 35.683334069300216], [139.77116435766223, 35.683367838103585], [139.77113135748948, 35.68335826507246], [139.77113135748948, 35.6831969851324], [139.77160023001696, 35.6831969851324], [139.7712501883507, 35.683334069300216]]]}}, {"type": "Feature", "properties": {"layer": "roof", "label": "BldA", "method": "official current vector data"}, "geometry": {"type": "Polygon", "coordinates": [[[139.77196633815768, 35.68389615461789], [139.7717007994652, 35.68399963888622], [139.77148354053494, 35.68362600557961], [139.77175310254094, 35.68352143151277], [139.77178528904912, 35.683576986502835], [139.77191269397736, 35.68352796739595], [139.771935492754, 35.6835660933706], [139.77199047803882, 35.68354539641519], [139.77203875780103, 35.68362709489209], [139.77198377251625, 35.68364888113847], [139.77200254797935, 35.68368264980859], [139.77187246084216, 35.683732758131484], [139.77196633815768, 35.68389615461789]]]}}, {"type": "Feature", "properties": {"layer": "roof", "label": "BldA", "method": "official current vector data"}, "geometry": {"type": "Polygon", "coordinates": [[[139.77222517132762, 35.68387218982083], [139.77213531732562, 35.683903779779094], [139.7720709443092, 35.6837828664229], [139.7720159590244, 35.683802474006605], [139.7719757258892, 35.683725132953946], [139.7721165418625, 35.68367502462627], [139.77222517132762, 35.68387218982083]]]}}, {"type": "Feature", "properties": {"layer": "roof", "label": "BldA", "method": "official current vector data"}, "geometry": {"type": "Polygon", "coordinates": [[[139.7718992829323, 35.68352034219885], [139.77181881666183, 35.68355193229642], [139.7717919945717, 35.68350618111655], [139.77187246084216, 35.68347459100089], [139.7718992829323, 35.68352034219885]]]}}, {"type": "Feature", "properties": {"layer": "roof", "label": "BldA", "method": "official current vector data"}, "geometry": {"type": "Polygon", "coordinates": [[[139.7725202143192, 35.683830796063496], [139.772294908762, 35.68388526152921], [139.7719945013523, 35.68338635647356], [139.77242097258568, 35.68321969098904], [139.77242767810824, 35.68322078030706], [139.77244913578033, 35.683257817110984], [139.77247193455696, 35.68325019188805], [139.77252289652824, 35.683334069300216], [139.7726154327393, 35.68348766277441], [139.77237671613696, 35.683576986502835], [139.7725202143192, 35.683830796063496]]]}}, {"type": "Feature", "properties": {"layer": "roof", "label": "BldA", "method": "official current vector data"}, "geometry": {"type": "Polygon", "coordinates": [[[139.7727093100548, 35.684106390938155], [139.7726194560528, 35.68412599844237], [139.7726006805897, 35.68407153314097], [139.77257788181305, 35.68399854957883], [139.77266907691953, 35.683978942043275], [139.77269724011418, 35.68407153314097], [139.7727093100548, 35.684106390938155]]]}}, {"type": "Feature", "properties": {"layer": "roof", "label": "BldA", "method": "official current vector data"}, "geometry": {"type": "Polygon", "coordinates": [[[139.77288365364075, 35.68405519354329], [139.7728259861469, 35.68406717591525], [139.77281123399737, 35.684025782259084], [139.772842079401, 35.68401924641666], [139.77284878492353, 35.6840388539423], [139.7728756070137, 35.684033407407895], [139.77288365364075, 35.68405519354329]]]}}, {"type": "Feature", "properties": {"layer": "roof", "label": "BldA", "method": "official current vector data"}, "geometry": {"type": "Polygon", "coordinates": [[[139.7727361321449, 35.68378613435386], [139.77256178855896, 35.683825349514876], [139.77241829037663, 35.68358134375535], [139.77262347936633, 35.68350182385999], [139.7727710008621, 35.68375345503827], [139.77272674441338, 35.68377088400825], [139.7727361321449, 35.68378613435386]]]}}, {"type": "Feature", "properties": {"layer": "roof", "label": "BldA", "method": "official current vector data"}, "geometry": {"type": "Polygon", "coordinates": [[[139.77297216653827, 35.68329594321471], [139.77287694811818, 35.683334069300216], [139.7727307677269, 35.68339071373646], [139.77261601410711, 35.6831969851324], [139.7729132527475, 35.6831969851324], [139.77297216653827, 35.68329594321471]]]}}, {"type": "Feature", "properties": {"layer": "roof", "label": "BldA", "method": "official current vector data"}, "geometry": {"type": "Polygon", "coordinates": [[[139.77306738495827, 35.68396151311877], [139.77302715182307, 35.68396913827371], [139.77301239967346, 35.683915762173775], [139.77305263280866, 35.68390813701372], [139.77306738495827, 35.68396151311877]]]}}, {"type": "Feature", "properties": {"layer": "roof", "label": "BldA", "method": "official current vector data"}, "geometry": {"type": "Polygon", "coordinates": [[[139.77329671382907, 35.68397785273561], [139.7731210291386, 35.684015978495246], [139.77308213710785, 35.68389615461789], [139.77325782179835, 35.683858028801], [139.77329671382907, 35.68397785273561]]]}}, {"type": "Feature", "properties": {"layer": "roof", "label": "BldA", "method": "official current vector data"}, "geometry": {"type": "Polygon", "coordinates": [[[139.77309688925746, 35.68370007879404], [139.77301239967346, 35.68371750777567], [139.77296680212018, 35.68364670251411], [139.77305397391322, 35.68361075520342], [139.77306202054027, 35.683623826954616], [139.77307811379436, 35.68361729107927], [139.77311968803403, 35.683683739120305], [139.77309420704842, 35.68369463223651], [139.77309688925746, 35.68370007879404]]]}}, {"type": "Feature", "properties": {"layer": "roof", "label": "BldA", "method": "official current vector data"}, "geometry": {"type": "Polygon", "coordinates": [[[139.77300167083737, 35.68371750777567], [139.7729359567165, 35.683732758131484], [139.77289840579033, 35.6837207757093], [139.77274954319003, 35.68347459100089], [139.77287694811818, 35.68342339320062], [139.77288365364075, 35.68343210772213], [139.7729453444481, 35.68340705347022], [139.77306336164474, 35.68360095138859], [139.77295607328418, 35.68364452388967], [139.77300167083737, 35.68371750777567]]]}}, {"type": "Feature", "properties": {"layer": "roof", "label": "BldA", "method": "official current vector data"}, "geometry": {"type": "Polygon", "coordinates": [[[139.7734455764294, 35.68395062003902], [139.7733141481876, 35.68398112065858], [139.77326452732083, 35.6838416891596], [139.7733852267265, 35.6838133671066], [139.77339327335355, 35.68383297468282], [139.77340266108516, 35.683830796063496], [139.7734455764294, 35.68395062003902]]]}}, {"type": "Feature", "properties": {"layer": "roof", "label": "BldA", "method": "official current vector data"}, "geometry": {"type": "Polygon", "coordinates": [[[139.77308347821233, 35.68344953676231], [139.77305799722674, 35.683460429910475], [139.7730338573456, 35.683458251280946], [139.77298423647883, 35.68337764194707], [139.77298825979233, 35.683364570155504], [139.77302312850955, 35.68335040904555], [139.77308347821233, 35.68344953676231]]]}}, {"type": "Feature", "properties": {"layer": "roof", "label": "BldA", "method": "official current vector data"}, "geometry": {"type": "Polygon", "coordinates": [[[139.77313175797465, 35.683426661146285], [139.77308616042137, 35.68344517950262], [139.77302849292755, 35.68334931972931], [139.77307409048083, 35.683330801350756], [139.7730754315853, 35.683334069300216], [139.77313175797465, 35.683426661146285]]]}}, {"type": "Feature", "properties": {"layer": "roof", "label": "BldA", "method": "official current vector data"}, "geometry": {"type": "Polygon", "coordinates": [[[139.77320820093155, 35.683415767993516], [139.77314114570618, 35.683427750461505], [139.77308079600337, 35.683328622717696], [139.7731558978558, 35.68329921116561], [139.7731760144234, 35.683334069300216], [139.77321758866307, 35.68340487483924], [139.7732055187225, 35.68340923210112], [139.77320820093155, 35.683415767993516]]]}}, {"type": "Feature", "properties": {"layer": "roof", "label": "BldA", "method": "official current vector data"}, "geometry": {"type": "Polygon", "coordinates": [[[139.7733744978905, 35.6833689274196], [139.77322831749913, 35.68340269620819], [139.77320820093155, 35.68337546331527], [139.77334231138227, 35.68332426545139], [139.77334901690483, 35.683334069300216], [139.7733744978905, 35.6833689274196]]]}}, {"type": "Feature", "properties": {"layer": "roof", "label": "BldA", "method": "official current vector data"}, "geometry": {"type": "Polygon", "coordinates": [[[139.77329403162003, 35.683334069300216], [139.7732202708721, 35.683363480839446], [139.7731746733189, 35.68328940731249], [139.77329403162003, 35.68324147734666], [139.7733396291733, 35.683315550918095], [139.77329403162003, 35.683334069300216]]]}}, {"type": "Feature", "properties": {"layer": "roof", "label": "BldA", "method": "official current vector data"}, "geometry": {"type": "Polygon", "coordinates": [[[139.77337852120402, 35.683293764580704], [139.7733409702778, 35.68330792570069], [139.77330341935155, 35.683239298711186], [139.7733409702778, 35.683225137579015], [139.77337852120402, 35.683293764580704]]]}}, {"type": "Feature", "properties": {"layer": "roof", "label": "BldA", "method": "official current vector data"}, "geometry": {"type": "Polygon", "coordinates": [[[139.77365881204602, 35.683334069300216], [139.77366685867307, 35.68334714109675], [139.77366685867307, 35.683565004057286], [139.7735595703125, 35.68359005825961], [139.77316930890083, 35.68368156049688], [139.77304592728618, 35.68347350168633], [139.77346301078794, 35.68337546331527], [139.77343082427979, 35.68331337228463], [139.77348849177363, 35.68328940731249], [139.77343350648883, 35.68320117258039], [139.77344369727555, 35.6831969851324], [139.7735738529536, 35.6831969851324], [139.77365881204602, 35.683334069300216]]]}}, {"type": "Feature", "properties": {"layer": "roof", "label": "BldA", "method": "official current vector data"}, "geometry": {"type": "Polygon", "coordinates": [[[139.77344691753387, 35.683361302207274], [139.77340266108516, 35.68337873126292], [139.77336376905444, 35.68330901501751], [139.77340400218964, 35.683293764580704], [139.77341338992122, 35.68330683638386], [139.77341607213017, 35.683304657750135], [139.77343216538426, 35.683334069300216], [139.77344691753387, 35.683361302207274]]]}}, {"type": "Feature", "properties": {"layer": "roof", "label": "BldA", "method": "official current vector data"}, "geometry": {"type": "Polygon", "coordinates": [[[139.77346837520602, 35.6832796034582], [139.77341338992122, 35.68330574706701], [139.77335438132283, 35.68322295894308], [139.7734103418242, 35.6831969851324], [139.7734108260068, 35.6831969851324], [139.77346837520602, 35.6832796034582]]]}}, {"type": "Feature", "properties": {"layer": "roof", "label": "BldA", "method": "official current vector data"}, "geometry": {"type": "Polygon", "coordinates": [[[139.7730955481529, 35.68325128120566], [139.77308079600337, 35.683227316214904], [139.77300837635994, 35.683255638475934], [139.7729732468961, 35.6831969851324], [139.7732315997217, 35.6831969851324], [139.7730955481529, 35.68325128120566]]]}}, {"type": "Feature", "properties": {"layer": "roof", "label": "BldA", "method": "official current vector data"}, "geometry": {"type": "Polygon", "coordinates": [[[139.7735595703125, 35.683926655258304], [139.77345496416092, 35.68394953073095], [139.7734348475933, 35.68388852945597], [139.7734844684601, 35.683877636366255], [139.77345764636996, 35.68379920607634], [139.7735595703125, 35.68377741987099], [139.77366685867307, 35.68375236572753], [139.77366685867307, 35.68390269047038], [139.7735595703125, 35.683926655258304]]]}}, {"type": "Feature", "properties": {"layer": "roof", "label": "BldA", "method": "official current vector data"}, "geometry": {"type": "Polygon", "coordinates": [[[139.77366685867307, 35.68328722867833], [139.7736494243145, 35.683293764580704], [139.7735907258006, 35.6831969851324], [139.77366685867307, 35.6831969851324], [139.77366685867307, 35.68328722867833]]]}}, {"type": "Feature", "properties": {"layer": "roof", "label": "BldA", "method": "official current vector data"}, "geometry": {"type": "Polygon", "coordinates": [[[139.77345228195188, 35.68525886828117], [139.7735595703125, 35.685290457690336], [139.77380096912387, 35.685361261493114], [139.77380633354187, 35.68535036860449], [139.77414697408676, 35.685451672411446], [139.77404134073782, 35.68569281567468], [139.77345228195188, 35.68569281567468], [139.77345228195188, 35.68525886828117]]]}}, {"type": "Feature", "properties": {"layer": "roof", "label": "BldA", "method": "official current vector data"}, "geometry": {"type": "Polygon", "coordinates": [[[139.7735595703125, 35.684724025006055], [139.77345228195188, 35.68474907884442], [139.77345228195188, 35.68460311289298], [139.7735595703125, 35.68457914830825], [139.77361857891083, 35.684564987413914], [139.77364405989644, 35.68464014905519], [139.77371916174891, 35.68462272027511], [139.77374061942098, 35.68468154239262], [139.7735595703125, 35.684724025006055]]]}}, {"type": "Feature", "properties": {"layer": "roof", "label": "BldA", "method": "official current vector data"}, "geometry": {"type": "Polygon", "coordinates": [[[139.77350458502772, 35.68452904051697], [139.77345228195188, 35.68454102281774], [139.77345228195188, 35.68446041457782], [139.7734804451466, 35.684453878771016], [139.77350458502772, 35.68452904051697]]]}}, {"type": "Feature", "properties": {"layer": "roof", "label": "BldA", "method": "official current vector data"}, "geometry": {"type": "Polygon", "coordinates": [[[139.7735595703125, 35.68451596891406], [139.77350458502772, 35.684525772616446], [139.7734844684601, 35.68445714667447], [139.7735595703125, 35.6844429857585], [139.77359443902972, 35.68443536064882], [139.77361589670178, 35.68450507591002], [139.7735595703125, 35.68451596891406]]]}}, {"type": "Feature", "properties": {"layer": "roof", "label": "BldA", "method": "official current vector data"}, "geometry": {"type": "Polygon", "coordinates": [[[139.77398738265035, 35.68531333277198], [139.77394312620163, 35.685390672285024], [139.77387741208076, 35.68537215438027], [139.77392166852948, 35.685294814849264], [139.77398738265035, 35.68531333277198]]]}}, {"type": "Feature", "properties": {"layer": "roof", "label": "BldA", "method": "official current vector data"}, "geometry": {"type": "Polygon", "coordinates": [[[139.77477863430974, 35.68567388676328], [139.77482154965398, 35.68568586889213], [139.7748187620955, 35.68569281567468], [139.77477109449373, 35.68569281567468], [139.77477863430974, 35.68567388676328]]]}}, {"type": "Feature", "properties": {"layer": "roof", "label": "BldA", "method": "official current vector data"}, "geometry": {"type": "Polygon", "coordinates": [[[139.77439641952517, 35.68564883321537], [139.7745373821835, 35.68569281567468], [139.77437553298492, 35.68569281567468], [139.77439641952517, 35.68564883321537]]]}}, {"type": "Feature", "properties": {"layer": "roof", "label": "BldA", "method": "official current vector data"}, "geometry": {"type": "Polygon", "coordinates": [[[139.7745251655579, 35.68561833323335], [139.7744996845722, 35.685670618909654], [139.77439641952517, 35.685637940366], [139.77442055940628, 35.685585654668266], [139.7745251655579, 35.68561833323335]]]}}, {"type": "Feature", "properties": {"layer": "roof", "label": "BldA", "method": "official current vector data"}, "geometry": {"type": "Polygon", "coordinates": [[[139.77450773119924, 35.6856673510559], [139.77454125881198, 35.68558674395398], [139.7746592760086, 35.68561942251862], [139.77462752786144, 35.68569281567468], [139.77459865058654, 35.68569281567468], [139.77450773119924, 35.6856673510559]]]}}, {"type": "Feature", "properties": {"layer": "roof", "label": "BldA", "method": "official current vector data"}, "geometry": {"type": "Polygon", "coordinates": [[[139.7745358943939, 35.68557802966782], [139.77451846003532, 35.68561397609213], [139.77442324161532, 35.68558238681103], [139.7744406759739, 35.685547529658756], [139.7745358943939, 35.68557802966782]]]}}, {"type": "Feature", "properties": {"layer": "roof", "label": "BldA", "method": "official current vector data"}, "geometry": {"type": "Polygon", "coordinates": [[[139.77467402815822, 35.68562160108912], [139.7747839987278, 35.68565427963949], [139.7747664893495, 35.68569281567468], [139.77464187959407, 35.68569281567468], [139.77467402815822, 35.68562160108912]]]}}, {"type": "Feature", "properties": {"layer": "roof", "label": "BldA", "method": "official current vector data"}, "geometry": {"type": "Polygon", "coordinates": [[[139.7746887803078, 35.68548761889267], [139.7746700048447, 35.68553119036338], [139.7746042907238, 35.68551158320452], [139.77462306618693, 35.68546910101044], [139.7746887803078, 35.68548761889267]]]}}, {"type": "Feature", "properties": {"layer": "roof", "label": "BldA", "method": "official current vector data"}, "geometry": {"type": "Polygon", "coordinates": [[[139.77477326989174, 35.68543751167198], [139.77472901344302, 35.68554208322733], [139.77468475699422, 35.685530101076914], [139.77472901344302, 35.68542444021792], [139.77477326989174, 35.68543751167198]]]}}, {"type": "Feature", "properties": {"layer": "roof", "label": "BldA", "method": "official current vector data"}, "geometry": {"type": "Polygon", "coordinates": [[[139.77483227849004, 35.6856793331857], [139.774883353454, 35.68569281567468], [139.77482690810783, 35.68569281567468], [139.77483227849004, 35.6856793331857]]]}}, {"type": "Feature", "properties": {"layer": "roof", "label": "BldA", "method": "official current vector data"}, "geometry": {"type": "Polygon", "coordinates": [[[139.77486178278926, 35.68548108317002], [139.77481752634046, 35.68558347609678], [139.77473706007004, 35.68555733323436], [139.77477863430974, 35.68545711884905], [139.77486178278926, 35.68548108317002]]]}}, {"type": "Feature", "properties": {"layer": "roof", "label": "BldA", "method": "official current vector data"}, "geometry": {"type": "Polygon", "coordinates": [[[139.77490738034246, 35.68550395819698], [139.77486848831174, 35.685597636810364], [139.77483764290812, 35.68558892252538], [139.7748443484306, 35.68557149395257], [139.77483093738556, 35.685568226094745], [139.77486312389374, 35.685490886753804], [139.77490738034246, 35.68550395819698]]]}}, {"type": "Feature", "properties": {"layer": "roof", "label": "BldA", "method": "official current vector data"}, "geometry": {"type": "Polygon", "coordinates": [[[139.77494761347774, 35.68551920821131], [139.7749100625515, 35.68560090466698], [139.7748792171478, 35.68559219038235], [139.77491676807406, 35.685509404631006], [139.77494761347774, 35.68551920821131]]]}}, {"type": "Feature", "properties": {"layer": "roof", "label": "BldA", "method": "official current vector data"}, "geometry": {"type": "Polygon", "coordinates": [[[139.7746150195599, 35.685459297423975], [139.7745989263058, 35.685498511762574], [139.77446883916852, 35.68546147599885], [139.77451309561732, 35.685359082915525], [139.77471828460693, 35.68541681520205], [139.77469146251676, 35.68548108317002], [139.7746150195599, 35.685459297423975]]]}}, {"type": "Feature", "properties": {"layer": "roof", "label": "BldA", "method": "official current vector data"}, "geometry": {"type": "Polygon", "coordinates": [[[139.7748792171478, 35.685157564229364], [139.7748054563999, 35.68533293997956], [139.77455198764804, 35.6852632254418], [139.77460294961932, 35.68514013556233], [139.77481886744502, 35.68520004658932], [139.77484166622165, 35.68514667131289], [139.7748792171478, 35.685157564229364]]]}}, {"type": "Feature", "properties": {"layer": "roof", "label": "BldA", "method": "official current vector data"}, "geometry": {"type": "Polygon", "coordinates": [[[139.7750146687031, 35.68538849370822], [139.77496236562726, 35.685509404631006], [139.77477863430974, 35.68545711884905], [139.77479070425036, 35.6854309759452], [139.77453187108037, 35.68535690433785], [139.77456673979756, 35.685275207632294], [139.7748899459839, 35.685367797225595], [139.7748953104019, 35.68535363647122], [139.7749999165535, 35.68538413655443], [139.7750146687031, 35.68538849370822]]]}}, {"type": "Feature", "properties": {"layer": "roof", "label": "BldA", "method": "official current vector data"}, "geometry": {"type": "Polygon", "coordinates": [[[139.7739793360233, 35.68484602623173], [139.7738090157509, 35.6852697611823], [139.7735595703125, 35.68519460013418], [139.77345228195188, 35.68516192139552], [139.77345228195188, 35.684970205859116], [139.7735595703125, 35.684945152090215], [139.7739793360233, 35.68484602623173]]]}}, {"type": "Feature", "properties": {"layer": "roof", "label": "BldA", "method": "official current vector data"}, "geometry": {"type": "Polygon", "coordinates": [[[139.77436825633052, 35.68487652650899], [139.7741751372814, 35.685366707936886], [139.77381840348244, 35.68526540402202], [139.77398335933682, 35.68484711552754], [139.7742395102978, 35.68478720423549], [139.77425962686542, 35.684786114938845], [139.7743052244186, 35.68479265071847], [139.77434948086741, 35.68482206171999], [139.77436691522595, 35.68485365130213], [139.77436825633052, 35.68487652650899]]]}}, {"type": "Feature", "properties": {"layer": "roof", "label": "BldA", "method": "official current vector data"}, "geometry": {"type": "Polygon", "coordinates": [[[139.7736909985542, 35.684489825701824], [139.77361723780635, 35.68450398660953], [139.77359846234324, 35.684437539251654], [139.77367222309115, 35.68442337833217], [139.7736909985542, 35.684489825701824]]]}}, {"type": "Feature", "properties": {"layer": "roof", "label": "BldA", "method": "official current vector data"}, "geometry": {"type": "Polygon", "coordinates": [[[139.77384656667707, 35.68446041457782], [139.77369502186778, 35.684489825701824], [139.77367624640468, 35.68442337833217], [139.77382645010948, 35.684397235089605], [139.77384656667707, 35.68446041457782]]]}}, {"type": "Feature", "properties": {"layer": "roof", "label": "BldA", "method": "official current vector data"}, "geometry": {"type": "Polygon", "coordinates": [[[139.77420330047605, 35.68457696970929], [139.7737500071526, 35.68467391730576], [139.7737097740173, 35.684548647917325], [139.7742301225662, 35.68444516436111], [139.7742502391338, 35.68453339771745], [139.77420330047605, 35.68457696970929]]]}}, {"type": "Feature", "properties": {"layer": "roof", "label": "BldA", "method": "official current vector data"}, "geometry": {"type": "Polygon", "coordinates": [[[139.7742301225662, 35.68438089555861], [139.77386802434924, 35.684450610867415], [139.77385193109515, 35.68439396718366], [139.77421805262563, 35.68434059136797], [139.7742301225662, 35.68438089555861]]]}}, {"type": "Feature", "properties": {"layer": "roof", "label": "BldA", "method": "official current vector data"}, "geometry": {"type": "Polygon", "coordinates": [[[139.77471292018893, 35.68511726043104], [139.77469816803932, 35.6851553856462], [139.77460697293284, 35.685131421227375], [139.77462306618693, 35.68509329600077], [139.77471292018893, 35.68511726043104]]]}}, {"type": "Feature", "properties": {"layer": "roof", "label": "BldA", "method": "official current vector data"}, "geometry": {"type": "Polygon", "coordinates": [[[139.77485105395317, 35.685103099632194], [139.77481082081798, 35.68519242155203], [139.7747102379799, 35.68516192139552], [139.77473169565198, 35.68511399255461], [139.77462843060493, 35.68508240307555], [139.77464586496356, 35.685041009946104], [139.77485105395317, 35.685103099632194]]]}}, {"type": "Feature", "properties": {"layer": "roof", "label": "BldA", "method": "official current vector data"}, "geometry": {"type": "Polygon", "coordinates": [[[139.77472096681598, 35.684994170326355], [139.77469682693484, 35.68505190287698], [139.774644523859, 35.685036652773334], [139.77466866374013, 35.68498000950568], [139.77472096681598, 35.684994170326355]]]}}, {"type": "Feature", "properties": {"layer": "roof", "label": "BldA", "method": "official current vector data"}, "geometry": {"type": "Polygon", "coordinates": [[[139.77477729320526, 35.685008331144516], [139.77475315332413, 35.685067152977716], [139.77470085024837, 35.68505190287698], [139.7747249901295, 35.684994170326355], [139.77477729320526, 35.685008331144516]]]}}, {"type": "Feature", "properties": {"layer": "roof", "label": "BldA", "method": "official current vector data"}, "geometry": {"type": "Polygon", "coordinates": [[[139.77495163679126, 35.68506497439208], [139.7749100625515, 35.68516192139552], [139.77484032511708, 35.6851423141459], [139.77486178278926, 35.68509111741585], [139.77482289075854, 35.68508022449032], [139.77484166622165, 35.6850333848936], [139.77495163679126, 35.68506497439208]]]}}, {"type": "Feature", "properties": {"layer": "roof", "label": "BldA", "method": "official current vector data"}, "geometry": {"type": "Polygon", "coordinates": [[[139.77483496069908, 35.6850235812536], [139.77481082081798, 35.68508131378295], [139.77476254105565, 35.68506824227052], [139.77478668093684, 35.68501050973173], [139.77483496069908, 35.6850235812536]]]}}, {"type": "Feature", "properties": {"layer": "roof", "label": "BldA", "method": "official current vector data"}, "geometry": {"type": "Polygon", "coordinates": [[[139.77489128708837, 35.684904848184594], [139.77487653493884, 35.684945152090215], [139.7746995091438, 35.6848994017093], [139.7747142612934, 35.68485909778055], [139.77489128708837, 35.684904848184594]]]}}, {"type": "Feature", "properties": {"layer": "roof", "label": "BldA", "method": "official current vector data"}, "geometry": {"type": "Polygon", "coordinates": [[[139.77491274476054, 35.68439287788165], [139.7748953104019, 35.68444625366241], [139.77485775947574, 35.68443862855306], [139.77487519383428, 35.68438525276721], [139.77491274476054, 35.68439287788165]]]}}, {"type": "Feature", "properties": {"layer": "roof", "label": "BldA", "method": "official current vector data"}, "geometry": {"type": "Polygon", "coordinates": [[[139.7749248147011, 35.684339502065214], [139.77490603923798, 35.68438743137142], [139.7748550772667, 35.68437327044303], [139.77487385272983, 35.68432643043126], [139.7749248147011, 35.684339502065214]]]}}, {"type": "Feature", "properties": {"layer": "roof", "label": "BldA", "method": "official current vector data"}, "geometry": {"type": "Polygon", "coordinates": [[[139.77505356073382, 35.68557585109613], [139.77502137422564, 35.68564883321537], [139.7749838232994, 35.685637940366], [139.7749999165535, 35.685601993952474], [139.77501600980756, 35.68556495823679], [139.77505356073382, 35.68557585109613]]]}}, {"type": "Feature", "properties": {"layer": "roof", "label": "BldA", "method": "official current vector data"}, "geometry": {"type": "Polygon", "coordinates": [[[139.77510318160054, 35.68558674395398], [139.7750736773014, 35.68566517248665], [139.77503076195717, 35.6856531903547], [139.77505758404735, 35.68557585109613], [139.77510318160054, 35.68558674395398]]]}}, {"type": "Feature", "properties": {"layer": "roof", "label": "BldA", "method": "official current vector data"}, "geometry": {"type": "Polygon", "coordinates": [[[139.77516084909436, 35.68565101178505], [139.77514341473582, 35.68568695817648], [139.77507770061493, 35.68566517248665], [139.7750951349735, 35.68562922608542], [139.77516084909436, 35.68565101178505]]]}}, {"type": "Feature", "properties": {"layer": "roof", "label": "BldA", "method": "official current vector data"}, "geometry": {"type": "Polygon", "coordinates": [[[139.7751849889755, 35.68559872609592], [139.7751635313034, 35.685643386790886], [139.77509915828702, 35.685623779659565], [139.77512061595917, 35.685579118953655], [139.7751849889755, 35.68559872609592]]]}}, {"type": "Feature", "properties": {"layer": "roof", "label": "BldA", "method": "official current vector data"}, "geometry": {"type": "Polygon", "coordinates": [[[139.77520729542343, 35.68567313534673], [139.77520729542343, 35.68569281567468], [139.7751979910979, 35.68569281567468], [139.77520729542343, 35.68567313534673]]]}}, {"type": "Feature", "properties": {"layer": "roof", "label": "BldA", "method": "official current vector data"}, "geometry": {"type": "Polygon", "coordinates": [[[139.77520242333415, 35.68556277966474], [139.77519169449806, 35.68559436895361], [139.77503746747973, 35.68555624394824], [139.77504819631574, 35.68552465464429], [139.77520242333415, 35.68556277966474]]]}}, {"type": "Feature", "properties": {"layer": "roof", "label": "BldA", "method": "official current vector data"}, "geometry": {"type": "Polygon", "coordinates": [[[139.77518096566197, 35.68551158320452], [139.77516487240788, 35.6855529760898], [139.77505356073382, 35.68552356535772], [139.77507099509236, 35.68548217245717], [139.77518096566197, 35.68551158320452]]]}}, {"type": "Feature", "properties": {"layer": "roof", "label": "BldA", "method": "official current vector data"}, "geometry": {"type": "Polygon", "coordinates": [[[139.77520376443863, 35.68555733323436], [139.77517291903493, 35.685547529658756], [139.77520644664767, 35.68547672602129], [139.77520729542343, 35.68547699578744], [139.77520729542343, 35.685549876501895], [139.77520376443863, 35.68555733323436]]]}}, {"type": "Feature", "properties": {"layer": "roof", "label": "BldA", "method": "official current vector data"}, "geometry": {"type": "Polygon", "coordinates": [[[139.7750790417194, 35.68523163602182], [139.77502003312108, 35.68537542224614], [139.77483093738556, 35.685324225665674], [139.77487385272983, 35.68521747524328], [139.77497175335887, 35.68524470750746], [139.77498784661293, 35.685206582335006], [139.7749999165535, 35.68520985020764], [139.7750790417194, 35.68523163602182]]]}}, {"type": "Feature", "properties": {"layer": "roof", "label": "BldA", "method": "official current vector data"}, "geometry": {"type": "Polygon", "coordinates": [[[139.77520242333415, 35.68546147599885], [139.77518364787102, 35.68550722605743], [139.77505356073382, 35.68546910101044], [139.7750736773014, 35.68542335093], [139.77520242333415, 35.68546147599885]]]}}, {"type": "Feature", "properties": {"layer": "roof", "label": "BldA", "method": "official current vector data"}, "geometry": {"type": "Polygon", "coordinates": [[[139.7751742601395, 35.68537542224614], [139.77514877915382, 35.68544186882284], [139.77507635951045, 35.68542335093], [139.77510318160054, 35.68535690433785], [139.7751742601395, 35.68537542224614]]]}}, {"type": "Feature", "properties": {"layer": "roof", "label": "BldA", "method": "official current vector data"}, "geometry": {"type": "Polygon", "coordinates": [[[139.7751997411251, 35.68533076140118], [139.77518364787102, 35.68537433295754], [139.77510184049606, 35.68535363647122], [139.7751192748547, 35.68531006490357], [139.7751997411251, 35.68533076140118]]]}}, {"type": "Feature", "properties": {"layer": "roof", "label": "BldA", "method": "official current vector data"}, "geometry": {"type": "Polygon", "coordinates": [[[139.7752010822296, 35.68547127958505], [139.77520729542343, 35.685454625963146], [139.77520729542343, 35.685472671737195], [139.7752010822296, 35.68547127958505]]]}}, {"type": "Feature", "properties": {"layer": "roof", "label": "BldA", "method": "official current vector data"}, "geometry": {"type": "Polygon", "coordinates": [[[139.7752010822296, 35.685454940274056], [139.77515682578087, 35.68544186882284], [139.7751997411251, 35.68534383287056], [139.77520729542343, 35.68534606408824], [139.77520729542343, 35.685440746843554], [139.7752010822296, 35.685454940274056]]]}}, {"type": "Feature", "properties": {"layer": "roof", "label": "BldA", "method": "official current vector data"}, "geometry": {"type": "Polygon", "coordinates": [[[139.77514743804934, 35.68526104686151], [139.77519840002063, 35.68513577839498], [139.77520729542343, 35.68513818678042], [139.77520729542343, 35.68527725291694], [139.77514743804934, 35.68526104686151]]]}}, {"type": "Feature", "properties": {"layer": "roof", "label": "BldA", "method": "official current vector data"}, "geometry": {"type": "Polygon", "coordinates": [[[139.7749851644039, 35.68519568942525], [139.77497175335887, 35.68523272531236], [139.77486848831174, 35.685206582335006], [139.77488592267036, 35.68516083210401], [139.77491408586502, 35.68516845714433], [139.77492615580556, 35.68513904627049], [139.77496370673182, 35.685148849896315], [139.7749945521355, 35.68507042085608], [139.7750790417194, 35.68509220670832], [139.7750334441662, 35.68520876091677], [139.7749851644039, 35.68519568942525]]]}}, {"type": "Feature", "properties": {"layer": "roof", "label": "BldA", "method": "official current vector data"}, "geometry": {"type": "Polygon", "coordinates": [[[139.77498650550845, 35.6850693315633], [139.77496102452278, 35.6851423141459], [139.7749342024326, 35.68513577839498], [139.7749596834183, 35.685062795806395], [139.77498650550845, 35.6850693315633]]]}}, {"type": "Feature", "properties": {"layer": "roof", "label": "BldA", "method": "official current vector data"}, "geometry": {"type": "Polygon", "coordinates": [[[139.77512598037717, 35.68511290326244], [139.7750790417194, 35.68521965382476], [139.77504551410678, 35.68520985020764], [139.77509111165998, 35.685103099632194], [139.77512598037717, 35.68511290326244]]]}}, {"type": "Feature", "properties": {"layer": "roof", "label": "BldA", "method": "official current vector data"}, "geometry": {"type": "Polygon", "coordinates": [[[139.77517023682597, 35.6850235812536], [139.77488189935684, 35.68495277715114], [139.7748993337154, 35.684903758889575], [139.77472096681598, 35.68486127637181], [139.7747705876827, 35.68472838219589], [139.7748939692974, 35.684672828007585], [139.7749999165535, 35.684690256776705], [139.77520729542343, 35.68472378149317], [139.77520729542343, 35.6849226117348], [139.77517023682597, 35.6850235812536]]]}}, {"type": "Feature", "properties": {"layer": "roof", "label": "BldA", "method": "official current vector data"}, "geometry": {"type": "Polygon", "coordinates": [[[139.7749851644039, 35.684344948578726], [139.77495834231374, 35.68447348618984], [139.77491945028302, 35.68446586108308], [139.77490201592445, 35.6844440750598], [139.7749046981335, 35.684433182045936], [139.7749154269695, 35.68443536064882], [139.7749449312687, 35.68433623415693], [139.7749851644039, 35.684344948578726]]]}}, {"type": "Feature", "properties": {"layer": "roof", "label": "BldA", "method": "official current vector data"}, "geometry": {"type": "Polygon", "coordinates": [[[139.77506294846532, 35.68435802020968], [139.77503746747973, 35.684483289897415], [139.77496102452278, 35.68447348618984], [139.77498650550845, 35.684347127184054], [139.7749999165535, 35.68434930578928], [139.77506294846532, 35.68435802020968]]]}}, {"type": "Feature", "properties": {"layer": "roof", "label": "BldA", "method": "official current vector data"}, "geometry": {"type": "Polygon", "coordinates": [[[139.7750495374203, 35.68448111129585], [139.77507770061493, 35.68436346672192], [139.77520729542343, 35.68438389077553], [139.77520729542343, 35.684505017561925], [139.7750495374203, 35.68448111129585]]]}}, {"type": "Feature", "properties": {"layer": "roof", "label": "BldA", "method": "official current vector data"}, "geometry": {"type": "Polygon", "coordinates": [[[139.77365881204602, 35.683334069300216], [139.77378487586972, 35.68353668190607], [139.7735595703125, 35.68359005825961], [139.77345228195188, 35.68361511245405], [139.77345228195188, 35.68337873126292], [139.77346301078794, 35.68337546331527], [139.77345228195188, 35.68335476631043], [139.77345228195188, 35.683304657750135], [139.77348849177363, 35.68328940731249], [139.77345228195188, 35.683231673486496], [139.77345228195188, 35.6831969851324], [139.7735738529536, 35.6831969851324], [139.77365881204602, 35.683334069300216]]]}}, {"type": "Feature", "properties": {"layer": "roof", "label": "BldA", "method": "official current vector data"}, "geometry": {"type": "Polygon", "coordinates": [[[139.77346837520602, 35.6832796034582], [139.77345228195188, 35.68328722867833], [139.77345228195188, 35.68325672779347], [139.77346837520602, 35.6832796034582]]]}}, {"type": "Feature", "properties": {"layer": "roof", "label": "BldA", "method": "official current vector data"}, "geometry": {"type": "Polygon", "coordinates": [[[139.7735595703125, 35.683926655258304], [139.77345496416092, 35.68394953073095], [139.77345228195188, 35.68394190557412], [139.77345228195188, 35.68388526152921], [139.7734844684601, 35.683877636366255], [139.77345764636996, 35.68379920607634], [139.7735595703125, 35.68377741987099], [139.77399677038196, 35.68367829256165], [139.77404370903972, 35.68381663503631], [139.7735595703125, 35.683926655258304]]]}}, {"type": "Feature", "properties": {"layer": "roof", "label": "BldA", "method": "official current vector data"}, "geometry": {"type": "Polygon", "coordinates": [[[139.7741603851318, 35.68372949019834], [139.77412819862363, 35.68373493675348], [139.77411210536957, 35.68366739944321], [139.77414563298228, 35.68366195288344], [139.7741603851318, 35.68372949019834]]]}}, {"type": "Feature", "properties": {"layer": "roof", "label": "BldA", "method": "official current vector data"}, "geometry": {"type": "Polygon", "coordinates": [[[139.7739551961422, 35.68349746660313], [139.77379560470578, 35.68353123533737], [139.7736695408821, 35.683332979983746], [139.77394178509715, 35.683218601670994], [139.77401420474052, 35.683334069300216], [139.77402761578563, 35.68335585562659], [139.7739002108574, 35.68340923210112], [139.7739551961422, 35.68349746660313]]]}}, {"type": "Feature", "properties": {"layer": "roof", "label": "BldA", "method": "official current vector data"}, "geometry": {"type": "Polygon", "coordinates": [[[139.7739337384701, 35.683208797808], [139.77368697524068, 35.68330792570069], [139.77367222309115, 35.683283960726946], [139.7736494243145, 35.683293764580704], [139.7735907258006, 35.6831969851324], [139.77392655670678, 35.6831969851324], [139.7739337384701, 35.683208797808]]]}}, {"type": "Feature", "properties": {"layer": "roof", "label": "BldA", "method": "official current vector data"}, "geometry": {"type": "Polygon", "coordinates": [[[139.77406248450276, 35.683475680315425], [139.7739605605602, 35.68349202003178], [139.77391228079796, 35.68340705347022], [139.77403163909915, 35.683361302207274], [139.77408125996587, 35.6834484474474], [139.77406248450276, 35.683475680315425]]]}}, {"type": "Feature", "properties": {"layer": "roof", "label": "BldA", "method": "official current vector data"}, "geometry": {"type": "Polygon", "coordinates": [[[139.77472633123398, 35.68370225741695], [139.7746887803078, 35.6837033467284], [139.7746887803078, 35.68367175669076], [139.77472633123398, 35.68367175669076], [139.77472633123398, 35.68370225741695]]]}}, {"type": "Feature", "properties": {"layer": "roof", "label": "BldA", "method": "official current vector data"}, "geometry": {"type": "Polygon", "coordinates": [[[139.7748389840126, 35.683623826954616], [139.77483764290812, 35.68366739944321], [139.77475851774213, 35.683666310131294], [139.77475851774213, 35.68363254145425], [139.7747893631458, 35.68363254145425], [139.7747893631458, 35.6836227376421], [139.7748389840126, 35.683623826954616]]]}}, {"type": "Feature", "properties": {"layer": "roof", "label": "BldA", "method": "official current vector data"}, "geometry": {"type": "Polygon", "coordinates": [[[139.77450504899028, 35.683334069300216], [139.7744245827198, 35.68336565947154], [139.7743843495846, 35.68335476631043], [139.77428461665025, 35.6831969851324], [139.77484365733352, 35.6831969851324], [139.77450504899028, 35.683334069300216]]]}}, {"type": "Feature", "properties": {"layer": "roof", "label": "BldA", "method": "official current vector data"}, "geometry": {"type": "Polygon", "coordinates": [[[139.77488055825236, 35.68381772434616], [139.77488458156589, 35.68363363076662], [139.7749999165535, 35.68363580939136], [139.77520729542343, 35.68363949409327], [139.77520729542343, 35.6838236074135], [139.77488055825236, 35.68381772434616]]]}}, {"type": "Feature", "properties": {"layer": "roof", "label": "BldA", "method": "official current vector data"}, "geometry": {"type": "Polygon", "coordinates": [[[139.77472364902493, 35.68347459100089], [139.77467939257622, 35.68337873126292], [139.77497041225436, 35.68326326369836], [139.77499589323997, 35.683304657750135], [139.7749999165535, 35.68330356843326], [139.77501869201663, 35.68329594321471], [139.77499321103093, 35.683253459840834], [139.7749999165535, 35.68325128120566], [139.77513881763718, 35.6831969851324], [139.77520729542343, 35.6831969851324], [139.77520729542343, 35.68348633357946], [139.77472364902493, 35.68347459100089]]]}}, {"type": "Feature", "properties": {"layer": "water", "label": "WL", "method": "official current vector data"}, "geometry": {"type": "LineString", "coordinates": [[139.77158814668655, 35.684352573697055], [139.77147147059438, 35.68438089555861], [139.77113135748948, 35.684427113001945]]}}, {"type": "Feature", "properties": {"layer": "water", "label": "WL", "method": "official current vector data"}, "geometry": {"type": "LineString", "coordinates": [[139.77285683155057, 35.68408896204146], [139.77158814668655, 35.684352573697055]]}}, {"type": "Feature", "properties": {"layer": "water", "label": "WL", "method": "official current vector data"}, "geometry": {"type": "LineString", "coordinates": [[139.77113135748948, 35.68501611145122], [139.77114021778104, 35.68499525962015], [139.77119386196134, 35.68496258079984], [139.77119252085686, 35.68495931291707], [139.7715251147747, 35.68476868619067], [139.77302849292755, 35.68452904051697], [139.7735595703125, 35.68443862855306], [139.77366685867307, 35.68442119972896]]}}, {"type": "Feature", "properties": {"layer": "water", "label": "WL", "method": "official current vector data"}, "geometry": {"type": "LineString", "coordinates": [[139.7730955481529, 35.68403776463543], [139.77293729782107, 35.68407153314097], [139.77285683155057, 35.68408896204146]]}}, {"type": "Feature", "properties": {"layer": "water", "label": "WL", "method": "official current vector data"}, "geometry": {"type": "LineString", "coordinates": [[139.77337852120402, 35.683984388581415], [139.7730955481529, 35.68403776463543]]}}, {"type": "Feature", "properties": {"layer": "water", "label": "WL", "method": "official current vector data"}, "geometry": {"type": "LineString", "coordinates": [[139.77285683155057, 35.68408896204146], [139.7725202143192, 35.68415867760534]]}}, {"type": "Feature", "properties": {"layer": "water", "label": "WL", "method": "official current vector data"}, "geometry": {"type": "LineString", "coordinates": [[139.7730955481529, 35.68403776463543], [139.77293729782107, 35.68407153314097], [139.77285683155057, 35.68408896204146]]}}, {"type": "Feature", "properties": {"layer": "water", "label": "WL", "method": "official current vector data"}, "geometry": {"type": "LineString", "coordinates": [[139.77366685867307, 35.68393101249168], [139.7735595703125, 35.68395062003902], [139.7730955481529, 35.68403776463543]]}}, {"type": "Feature", "properties": {"layer": "water", "label": "WL", "method": "official current vector data"}, "geometry": {"type": "LineString", "coordinates": [[139.77345228195188, 35.684456057373346], [139.7735595703125, 35.68443862855306], [139.7742247581482, 35.68432751973417], [139.77430254220965, 35.68433405555132], [139.7743400931358, 35.684360198814595], [139.77437630295756, 35.68434059136797], [139.77438032627109, 35.68431226949206], [139.77439910173413, 35.68430573367312], [139.77472364902493, 35.6842327503252], [139.77473974227908, 35.6842719652667], [139.77477326989174, 35.68429810855034], [139.77491408586502, 35.684316626704394]]}}, {"type": "Feature", "properties": {"layer": "water", "label": "WL", "method": "official current vector data"}, "geometry": {"type": "LineString", "coordinates": [[139.77491408586502, 35.684316626704394], [139.7749999165535, 35.684328609037074]]}}, {"type": "Feature", "properties": {"layer": "water", "label": "WL", "method": "official current vector data"}, "geometry": {"type": "LineString", "coordinates": [[139.7749999165535, 35.684328609037074], [139.77520729542343, 35.684356478783414]]}}, {"type": "Feature", "properties": {"layer": "water", "label": "WL", "method": "official current vector data"}, "geometry": {"type": "LineString", "coordinates": [[139.7740504145622, 35.683858028801], [139.7735595703125, 35.68395062003902], [139.77345228195188, 35.68397131688927]]}}, {"type": "Feature", "properties": {"layer": "water", "label": "WL", "method": "official current vector data"}, "geometry": {"type": "LineString", "coordinates": [[139.7747652232647, 35.68381772434616], [139.77472230792046, 35.68380683124678], [139.77470085024837, 35.68379484883575], [139.77467805147174, 35.68377306262922], [139.77465793490413, 35.68374038330829], [139.77460160851476, 35.683802474006605], [139.77461099624637, 35.68383842123094], [139.7745989263058, 35.6838416891596], [139.77425962686542, 35.683874368439035], [139.7742140293121, 35.68382752813437], [139.7740504145622, 35.683858028801]]}}, {"type": "Feature", "properties": {"layer": "water", "label": "WL", "method": "official current vector data"}, "geometry": {"type": "LineString", "coordinates": [[139.7749999165535, 35.68382752813437], [139.77479740977284, 35.68382208158552], [139.7747652232647, 35.68381772434616]]}}, {"type": "Feature", "properties": {"layer": "water", "label": "WL", "method": "official current vector data"}, "geometry": {"type": "LineString", "coordinates": [[139.77520729542343, 35.683833060937225], [139.7749999165535, 35.68382752813437]]}}]}