{"type": "FeatureCollection", "features": [{"type": "Feature", "properties": {"layer": "water", "label": "water", "method": "official current vector data"}, "geometry": {"type": "Polygon", "coordinates": [[[-74.0104009501108, 40.739103687353314], [-74.0103944828707, 40.739182557088995], [-74.0105854154061, 40.73917105822251], [-74.01075895114299, 40.73917221910072], [-74.0110388340245, 40.7391936814184], [-74.0113292474416, 40.73919795943609], [-74.0114814403586, 40.73920308445741], [-74.01152614823359, 40.73921538092339], [-74.01157769910148, 40.739241043817906], [-74.01159842450168, 40.7392671132259], [-74.0115937478092, 40.739333810686794], [-74.0115923790486, 40.73935333382761], [-74.01159114591889, 40.73939709141259], [-74.0115886102425, 40.7394871307114], [-74.01156500635439, 40.739568330944586], [-74.01155779236659, 40.739641285382], [-74.011546743257, 40.739753018755884], [-74.011533291064, 40.7398871218731], [-74.01153326506629, 40.739887402833986], [-74.01153255013499, 40.739895163478806], [-74.0115287934951, 40.7399359514391], [-74.0115251562034, 40.7399754462583], [-74.01152464688889, 40.7399809835296], [-74.01152432310049, 40.739984495541], [-74.01151871955258, 40.74004599445549], [-74.01149966837649, 40.74027576262661], [-74.01148061854109, 40.740514072099415], [-74.0114750156373, 40.7405866751634], [-74.0114669256827, 40.74068921313931], [-74.0114660514719, 40.74070027776011], [-74.0114334874785, 40.7407156553601], [-74.0113627435974, 40.7407370160937], [-74.0112627942166, 40.74072335981442], [-74.0111454067805, 40.74071771064789], [-74.0109889686943, 40.74073606631738], [-74.0097511934623, 40.7406807551734], [-74.009753916458, 40.74065605492679], [-74.0096744869241, 40.7406543506644], [-74.0095561779496, 40.741180290133805], [-74.0095526697797, 40.7411958881114], [-74.00955146883769, 40.7412012291197], [-74.00953854005968, 40.7412586978641], [-74.0095568509715, 40.741266565878824], [-74.0095618688606, 40.741268721276505], [-74.0095685585907, 40.7412715960405], [-74.0095686402883, 40.741271631153495], [-74.0096608236426, 40.7413112385712], [-74.00961857820128, 40.741370617954814], [-74.0096173577947, 40.741372332622504], [-74.0095717090993, 40.741436497567996], [-74.00957055497828, 40.741438120378085], [-74.0095526749702, 40.7414632289053], [-74.0095517800851, 40.74146451040139], [-74.00953458307, 40.74148868144121], [-74.009529873065, 40.74149530236031], [-74.0095270503497, 40.741494120227905], [-74.00952442063048, 40.741493019125095], [-74.00951544217078, 40.74148925844869], [-74.0094909340475, 40.74147899378848], [-74.00940028191569, 40.7418875712544], [-74.009398580462, 40.74189524011261], [-74.00939816397239, 40.74189711590301], [-74.00935012672849, 40.7421136224503], [-74.00940990159232, 40.74213894614552], [-74.0093691029914, 40.742195466202006], [-74.0093675025806, 40.742197683380894], [-74.0093263937685, 40.7422546338895], [-74.00932534379298, 40.742256088293594], [-74.0092862437154, 40.742310256057586], [-74.0092699525837, 40.74230371788761], [-74.00916718583298, 40.74287522123979], [-74.0096346282858, 40.74292061275511], [-74.0096268413411, 40.742962174508506], [-74.00962666388088, 40.74296312095618], [-74.00961598195659, 40.7430201365522], [-74.0095698527253, 40.74326633991781], [-74.0095786747196, 40.7432671667502], [-74.0095797983218, 40.743267166656715], [-74.00957362083508, 40.74330393757329], [-74.009572638967, 40.743309784646904], [-74.00951359177189, 40.7436370184715], [-74.00950461471, 40.743686559703], [-74.0095043212714, 40.743687902383115], [-74.009503493016, 40.7436916845807], [-74.0094956376348, 40.743736100933404], [-74.00946675864397, 40.743906024911084], [-74.0127637246241, 40.743906024911084], [-74.0127637246241, 40.73904022164566], [-74.01040615357073, 40.73904022164566], [-74.0104009501108, 40.739103687353314]], [[-74.01086112392069, 40.7425699578006], [-74.0108384831958, 40.7426014704784], [-74.0107840366206, 40.74258459288348], [-74.0107450848585, 40.7425611860418], [-74.0107467584329, 40.7425503563872], [-74.01073796378098, 40.74254971964873], [-74.010735870925, 40.742559594804796], [-74.0107105331376, 40.7425548190737], [-74.0106833084258, 40.74253730223721], [-74.0106939865277, 40.74252901928201], [-74.01069000728158, 40.742522171295015], [-74.01067828334979, 40.7425280653014], [-74.0106629949164, 40.7425145293948], [-74.0106619450106, 40.74250146943741], [-74.0106521045245, 40.7425057702696], [-74.01065252533158, 40.74251628185021], [-74.01060184897649, 40.74250896090211], [-74.0105651966204, 40.74248571137628], [-74.0105647755746, 40.7424736067983], [-74.0105603782545, 40.742473288422204], [-74.01056017013099, 40.742482367354015], [-74.0105329477297, 40.74247902446349], [-74.0105055148172, 40.742462145162804], [-74.0105130520049, 40.74245481794899], [-74.0105090721759, 40.7424516332186], [-74.0104990222249, 40.742456571616], [-74.01048498892818, 40.74244351103891], [-74.0104833114037, 40.74242949569881], [-74.01047388833238, 40.7424304519945], [-74.010473680122, 40.742439052756914], [-74.01042342322, 40.742433323788596], [-74.0103863564782, 40.7424094330821], [-74.01039033342549, 40.7424017883184], [-74.01038509778589, 40.7424009927424], [-74.0103777699295, 40.742406886321696], [-74.0103536888142, 40.74240465883399], [-74.0103243697657, 40.74238682332101], [-74.010332326263, 40.742380610909116], [-74.01032688162988, 40.742375834207294], [-74.01031745918058, 40.742380771631986], [-74.0103036070744, 40.74236765698612], [-74.01030289540118, 40.742351653237094], [-74.0102951044592, 40.742348904685706], [-74.0102171323215, 40.74232140023749], [-74.01019894913308, 40.742314986636714], [-74.0101927706693, 40.74231935194201], [-74.01020005436551, 40.74232656976212], [-74.01019851018589, 40.742332444807516], [-74.0101680532338, 40.74232892201571], [-74.0101448755449, 40.742311298434004], [-74.0101517166752, 40.74230458364981], [-74.0101488472805, 40.74230038663901], [-74.0101404610717, 40.742307102459606], [-74.0101225820373, 40.742291996224495], [-74.01012346164428, 40.74227588067139], [-74.0101146339803, 40.74227588144719], [-74.01011419434849, 40.742288974859704], [-74.01006586025709, 40.74228260080319], [-74.01002723349418, 40.742260277900016], [-74.0100294389689, 40.742250708919], [-74.0100234799348, 40.74224987016531], [-74.0100223778414, 40.7422589356666], [-74.00999302348299, 40.7422572596727], [-74.00996410836099, 40.742239640154295], [-74.0099782316307, 40.74222990264798], [-74.0099733755537, 40.74222570670539], [-74.0099625621539, 40.74223208593361], [-74.009944681971, 40.742216812176615], [-74.0099444601993, 40.74220640413421], [-74.0099360729801, 40.7422064048582], [-74.00993651597699, 40.7422156377198], [-74.00988487037618, 40.74220909547821], [-74.00984850304978, 40.74218897496129], [-74.0098577216695, 40.74218272015021], [-74.00985024526629, 40.742177034987904], [-74.0098395313534, 40.74218366903972], [-74.0098265731607, 40.742177794337216], [-74.0098372838551, 40.74214936531221], [-74.0098644419251, 40.74212718799989], [-74.0098704231724, 40.742134200637096], [-74.0098783965039, 40.74212965059112], [-74.0098681788327, 40.74212131277099], [-74.00988718910719, 40.7421089390723], [-74.0098991639683, 40.7421105571552], [-74.00990315569608, 40.7421065090323], [-74.0098890507327, 40.7421038789626], [-74.00989915753118, 40.7420672436617], [-74.0099316188765, 40.74203951335001], [-74.0099409320854, 40.742040524716394], [-74.0099427949491, 40.742035868933506], [-74.0099337469487, 40.7420348575444], [-74.0099372032591, 40.7420132000487], [-74.0099595506654, 40.74199012532301], [-74.0099678015174, 40.741996804571194], [-74.00997338939769, 40.74199397019121], [-74.00996859802399, 40.74198688631619], [-74.0099856274761, 40.74197453798671], [-74.0099999971373, 40.74197392979771], [-74.0100005292216, 40.7419692750299], [-74.0099906834512, 40.74196968021239], [-74.0100002568743, 40.741929605911196], [-74.010030855709, 40.74190167221809], [-74.0100375088747, 40.7419049098622], [-74.0100422985104, 40.741900456436404], [-74.0100353790146, 40.74189762314359], [-74.0100391021337, 40.74187900213141], [-74.01005879277498, 40.7418567380741], [-74.0100667756475, 40.74186078515632], [-74.0100726296585, 40.7418563316362], [-74.01006677402619, 40.7418500574142], [-74.01008646509, 40.74183851929321], [-74.01009471510748, 40.74183973245388], [-74.0100971096758, 40.74183588707819], [-74.0100907219664, 40.741834268526304], [-74.0100963058881, 40.74179763090141], [-74.01012446035281, 40.74176589455529], [-74.01013382472108, 40.74176877625511], [-74.0101393967893, 40.7417633502087], [-74.0101284718093, 40.741759451073406], [-74.01013426532309, 40.74173876231111], [-74.0101585641471, 40.7417184114084], [-74.0101650295407, 40.74172485486741], [-74.0101706799073, 40.741720499515594], [-74.01016285184008, 40.74171446230591], [-74.0101710558598, 40.74167815493159], [-74.0101745473578, 40.7416627073223], [-74.0101805207852, 40.7416650931385], [-74.0101862526712, 40.74166738352191], [-74.01019160803838, 40.741661799903206], [-74.01018523075598, 40.74165859286079], [-74.0101793081488, 40.7416556154072], [-74.010207264269, 40.74162818348232], [-74.01025305751838, 40.74158324860562], [-74.01026346783499, 40.74158960615961], [-74.010269779706, 40.741583247115294], [-74.01026022302152, 40.74157688858521], [-74.0102788198742, 40.74156455808212], [-74.0102946887063, 40.741566373887885], [-74.0102965646733, 40.7415624799269], [-74.01028632673258, 40.7415606636184], [-74.0102908168332, 40.74154118704681], [-74.0102953625398, 40.741521469134], [-74.01032300036108, 40.74149590035841], [-74.01033716324109, 40.7414986240227], [-74.01034074499948, 40.74149291358469], [-74.01032777793398, 40.741490319486616], [-74.01033101387019, 40.741468645788004], [-74.0103545572097, 40.741448528142314], [-74.0103642831093, 40.74145436705668], [-74.01037144842618, 40.74144696874462], [-74.01036069830678, 40.741440480657104], [-74.01038231344738, 40.74140824325211], [-74.01044261269209, 40.74142684588091], [-74.0104784482713, 40.7414475020625], [-74.0104732494001, 40.74146171524139], [-74.01048095507569, 40.741464938356195], [-74.0104834573846, 40.74145380245581], [-74.01051139183079, 40.741455411816986], [-74.0105414470377, 40.7414738730698], [-74.0105302752957, 40.74148164006652], [-74.0105356701766, 40.74148662117911], [-74.0105458782039, 40.741479001052795], [-74.0105616780905, 40.741494092106], [-74.0105605232957, 40.7415062535622], [-74.0105693853085, 40.74150698486142], [-74.01057015417939, 40.74149511700588], [-74.0106200495341, 40.741502438041024], [-74.0106553066301, 40.74152543734058], [-74.0106541515706, 40.74153584100758], [-74.01066320657308, 40.74153657228171], [-74.01066358981008, 40.741526901699], [-74.0106957621823, 40.74153173443881], [-74.0107200383075, 40.74154843568991], [-74.0107109846221, 40.741555908941486], [-74.0107158017054, 40.74156059743439], [-74.0107269735571, 40.74155356343271], [-74.0107418096445, 40.7415679206374], [-74.0107414269858, 40.741581108601416], [-74.01074855442118, 40.741581253818495], [-74.01074913055999, 40.74157114377002], [-74.0108011475444, 40.7415778782983], [-74.01083394291929, 40.741598545460214], [-74.0108360186066, 40.741599853701786], [-74.01083601948848, 40.741605274755216], [-74.0107857445383, 40.741630628754024], [-74.0107554970127, 40.741617150990315], [-74.0107518372847, 40.741623744846], [-74.010781506852, 40.741636050204384], [-74.0107813153612, 40.74164528132192], [-74.01079480010439, 40.741642056242604], [-74.0107957622539, 40.74163223882261], [-74.0108385257883, 40.74161172215109], [-74.010847387899, 40.74162021940322], [-74.0108522038508, 40.741617874929084], [-74.0108456528934, 40.741609816907186], [-74.0108456515573, 40.74160161148551], [-74.0108768599993, 40.741604978239685], [-74.0109038334168, 40.7416227057752], [-74.010893046957, 40.74163340302099], [-74.0108947819324, 40.741636333107394], [-74.010907495433, 40.74163017783732], [-74.01091886362359, 40.74164365735299], [-74.01091944336389, 40.741655671865296], [-74.0109263777988, 40.74165567120751], [-74.01092599133048, 40.74164541446691], [-74.0109766584872, 40.74165097838459], [-74.0110146125486, 40.741672220427], [-74.01101191791662, 40.7416868728377], [-74.0110188536357, 40.74168745840441], [-74.0110192369675, 40.741678666715686], [-74.01105006047382, 40.74168086189992], [-74.0110751074741, 40.74169741621909], [-74.01106739900328, 40.74170620771171], [-74.0110751065044, 40.741712946366604], [-74.01108627841678, 40.74170635177771], [-74.01110246314389, 40.74172070970629], [-74.0111007318319, 40.7417327253409], [-74.01110882201338, 40.741733896120586], [-74.01110901331249, 40.741723786107706], [-74.0111533227135, 40.74172949644291], [-74.01119422640419, 40.741752450004306], [-74.0111942279333, 40.741761548729016], [-74.011197273214, 40.74176237509852], [-74.0111987937824, 40.7417504648423], [-74.0112268514533, 40.741751784955106], [-74.01125839292729, 40.7417706411978], [-74.0112490406304, 40.741776432373214], [-74.01125252264329, 40.74178337944609], [-74.0112623094538, 40.741777588227905], [-74.0112790589344, 40.74179164890892], [-74.01127688624179, 40.74180488297561], [-74.01128406357209, 40.74180587463142], [-74.0112844973915, 40.74179479114621], [-74.01133408653648, 40.74180289264141], [-74.0113678020128, 40.74182290669231], [-74.01136280082692, 40.741829027933406], [-74.01136823909349, 40.74183101301501], [-74.01137106588139, 40.74182803475859], [-74.0113769374746, 40.74182307148339], [-74.0113915108113, 40.74182985266268], [-74.0113784666029, 40.74186145094901], [-74.0113569374117, 40.74188196572789], [-74.0113484532614, 40.7418756801237], [-74.0113421470635, 40.741880148161194], [-74.011349760354, 40.741889576621816], [-74.01133084124699, 40.741900000955276], [-74.0113167036515, 40.7419004985252], [-74.01131648661759, 40.7419052955483], [-74.0113297542559, 40.74190628660249], [-74.0113169292856, 40.7419463217117], [-74.0112886536566, 40.74197279579638], [-74.0112764740671, 40.741971804631014], [-74.01127690947759, 40.741977098670006], [-74.0112871318377, 40.7419772624612], [-74.0112830037317, 40.742000423009884], [-74.01125907804078, 40.742020442725995], [-74.01125102977629, 40.74201531602481], [-74.0112455936317, 40.742018955505394], [-74.0112532063655, 40.74202507550891], [-74.0112325459852, 40.74203781610061], [-74.011220366524, 40.74203765159481], [-74.01121949681229, 40.74204062965681], [-74.01123037162978, 40.74204129046941], [-74.01121753126908, 40.74208184065841], [-74.0111893627966, 40.74210541417418], [-74.0111907166365, 40.742115842816105], [-74.0111818845838, 40.74213894438431], [-74.0111699213078, 40.742150145153], [-74.0111338473466, 40.74217310887779], [-74.0111215150166, 40.7421722698965], [-74.01112188449248, 40.74217983051881], [-74.0111323768234, 40.74217996908351], [-74.0111330637015, 40.74222353465249], [-74.0111094908642, 40.742244493531686], [-74.0110905105735, 40.7422864896115], [-74.0110565442203, 40.742318064658406], [-74.01104686544019, 40.742311908820106], [-74.0110429947066, 40.74231699525559], [-74.0110539061316, 40.74232395332779], [-74.0110408930024, 40.742358887049086], [-74.0110285742768, 40.742354605417695], [-74.01102505653938, 40.74236076252178], [-74.01103860683789, 40.742366515464106], [-74.0110044737598, 40.74239261993049], [-74.010992331751, 40.7423902122337], [-74.01098986879299, 40.74239556598371], [-74.01099989871068, 40.74239864295931], [-74.0109812763223, 40.74243622470011], [-74.0109506894331, 40.74246387138069], [-74.01093122130949, 40.742499421649384], [-74.0108961686952, 40.7425142329108], [-74.010883927401, 40.742512965254015], [-74.0108828158501, 40.7425214292254], [-74.01089431468, 40.7425219918555], [-74.01088838323228, 40.742545267823694], [-74.0108659453915, 40.742564738006514], [-74.0108572279019, 40.74255810839501], [-74.0108511075668, 40.7425630464524], [-74.01086112392069, 40.7425699578006]]]}}, {"type": "Feature", "properties": {"layer": "road", "label": "structures", "method": "official current vector data"}, "geometry": {"type": "Polygon", "coordinates": [[[-74.0117189456458, 40.740605437880106], [-74.0116220411435, 40.740617009315905], [-74.0116201686571, 40.74066740729921], [-74.0116191022015, 40.74069612548661], [-74.0116298571955, 40.74069661427682], [-74.0119163551882, 40.74070962883191], [-74.01192555802858, 40.74071004661499], [-74.0119369362716, 40.74061417922471], [-74.0119222163775, 40.740581164548104], [-74.0117189456458, 40.740605437880106]]]}}, {"type": "Feature", "properties": {"layer": "road", "label": "structures", "method": "official current vector data"}, "geometry": {"type": "Polygon", "coordinates": [[[-74.01037876541838, 40.7392064741859], [-74.0103801624526, 40.73920658031991], [-74.010389994969, 40.73920732775479], [-74.01040474929016, 40.73904022164566], [-74.01039344094963, 40.73904022164566], [-74.01037876541838, 40.7392064741859]]]}}, {"type": "Feature", "properties": {"layer": "road", "label": "structures", "method": "official current vector data"}, "geometry": {"type": "Polygon", "coordinates": [[[-74.01155788962478, 40.739273839590595], [-74.01158259451658, 40.739274691689694], [-74.0115825948136, 40.73927639995241], [-74.01158259570468, 40.739281524740704], [-74.01158150011629, 40.739292456111706], [-74.01158132401788, 40.73929420941751], [-74.01157458738109, 40.7393614167719], [-74.01155454757628, 40.7395613251459], [-74.011554428206, 40.73956251022568], [-74.0115482505424, 40.739624138876096], [-74.0115220718716, 40.7398852976678], [-74.01152206005239, 40.7398854138344], [-74.0115213238864, 40.73989362113291], [-74.01151756860739, 40.73993547169151], [-74.0115140756501, 40.73997439917631], [-74.01151345882948, 40.73998128001531], [-74.01151309369949, 40.7399853503454], [-74.01151187423518, 40.73999893912442], [-74.01150412731978, 40.740085286854296], [-74.011477721434, 40.740404051099], [-74.0114714914919, 40.74047921887139], [-74.01146379413478, 40.7405721033706], [-74.0114626622834, 40.74058582181241], [-74.0114559421212, 40.7406883209293], [-74.0114604353189, 40.740689174163215], [-74.0114660495605, 40.7406891736042], [-74.011466051923, 40.740689142086204], [-74.01147276956009, 40.740585820805805], [-74.01151423452069, 40.740085285843996], [-74.0115232007376, 40.73998449565332], [-74.0115235186116, 40.739981013359206], [-74.0115240361902, 40.73997534011059], [-74.0115276367906, 40.73993590202702], [-74.0115313638263, 40.739895074447396], [-74.0115320799261, 40.73988722465229], [-74.0115321673709, 40.73988626740411], [-74.0115644074527, 40.739562442586305], [-74.0115644724559, 40.73956179511491], [-74.01156935943868, 40.739512712463195], [-74.0115704715668, 40.73950154695912], [-74.01159382379129, 40.73926700292681], [-74.0115578882911, 40.73926615285858], [-74.01155788962478, 40.739273839590595]]]}}, {"type": "Feature", "properties": {"layer": "road", "label": "structures", "method": "official current vector data"}, "geometry": {"type": "Polygon", "coordinates": [[[-74.0121448610991, 40.7435710006781], [-74.01214373820869, 40.743568438854204], [-74.0121437378973, 40.743566730592505], [-74.0121426139786, 40.7435650224493], [-74.0121414899043, 40.743562459725005], [-74.0121403671698, 40.7435607515816], [-74.0121392432513, 40.743559043438296], [-74.0121381203614, 40.7435564816143], [-74.01213699644309, 40.7435547734711], [-74.01213587370879, 40.74355306532772], [-74.0121347497904, 40.74355135628391], [-74.0121325034494, 40.74354964825879], [-74.0121313807153, 40.74354794011531], [-74.0121302567973, 40.74354623197201], [-74.01212801045651, 40.743544523946895], [-74.0121268877226, 40.743542815803416], [-74.01212464138199, 40.7435411077782], [-74.01212239519708, 40.743540254334114], [-74.0121212712795, 40.743538546190706], [-74.0121190249392, 40.74353683816541], [-74.0121167787543, 40.74353598382059], [-74.0121145324142, 40.7435342757952], [-74.0121122862296, 40.74353342235091], [-74.01211003988969, 40.74353171432541], [-74.01102629033919, 40.743419929806805], [-74.0099582664499, 40.743307279148794], [-74.0095797983218, 40.743267166656715], [-74.0095786747196, 40.7432671667502], [-74.0095728914883, 40.74330385838931], [-74.009571942796, 40.743309874755504], [-74.0095124693474, 40.74363701766372], [-74.0095034911008, 40.7436865597957], [-74.00950461471, 40.743686559703], [-74.00950556664029, 40.7436865596244], [-74.0095079843537, 40.743686559424816], [-74.0107298709702, 40.74380432390231], [-74.01171795829221, 40.743906024911084], [-74.01208596898059, 40.743906024911084], [-74.0121448610991, 40.7435710006781]]]}}, {"type": "Feature", "properties": {"layer": "road", "label": "structures", "method": "official current vector data"}, "geometry": {"type": "Polygon", "coordinates": [[[-74.0119369362716, 40.74061417922471], [-74.01192555802858, 40.74071004661499], [-74.0126504978513, 40.740742973744794], [-74.0126544870778, 40.740708374013394], [-74.01216230219988, 40.74068397737831], [-74.0121432926498, 40.7406827880135], [-74.01204419579129, 40.740676590324114], [-74.0120477136054, 40.740619501392196], [-74.0119774140912, 40.74061502960279], [-74.01197736221319, 40.74060964277321], [-74.01197731997588, 40.7406051960722], [-74.0120632698164, 40.74060888008022], [-74.0120691879331, 40.7406067254465], [-74.0120731616696, 40.740602620517315], [-74.0120743467279, 40.7405826741551], [-74.01206510405929, 40.74057797807761], [-74.01187112384109, 40.740569537072986], [-74.0118647992074, 40.7405693152996], [-74.0118651973522, 40.74058452752932], [-74.0118232596112, 40.7405828532976], [-74.0118257692809, 40.7405679478421], [-74.011784937392, 40.7405665175203], [-74.0116080520954, 40.74055797256431], [-74.0116051139457, 40.74058735191302], [-74.01166003963819, 40.740589916412], [-74.0116561927692, 40.7405952261928], [-74.0114750156373, 40.7405866751634], [-74.01147276956009, 40.740585820805805], [-74.011466051923, 40.740689142086204], [-74.0114660495605, 40.7406891736042], [-74.0114669256827, 40.74068921313931], [-74.0116191022015, 40.74069612548661], [-74.0116201686571, 40.74066740729921], [-74.0116220411435, 40.740617009315905], [-74.0117189456458, 40.740605437880106], [-74.0119222163775, 40.740581164548104], [-74.0119369362716, 40.74061417922471]]]}}, {"type": "Feature", "properties": {"layer": "road", "label": "structures", "method": "official current vector data"}, "geometry": {"type": "Polygon", "coordinates": [[[-74.0095023698941, 40.74369510119669], [-74.0094880483097, 40.743711693318], [-74.00945252008543, 40.743906024911084], [-74.00946409130144, 40.743906024911084], [-74.0095023698941, 40.74369510119669]]]}}, {"type": "Feature", "properties": {"layer": "road", "label": "structures", "method": "official current vector data"}, "geometry": {"type": "Polygon", "coordinates": [[[-74.0097544749279, 40.7406779237003], [-74.0109892720633, 40.7407305885023], [-74.01117815369318, 40.74071251694912], [-74.0111771806908, 40.74070663132759], [-74.0109890011427, 40.74072463527419], [-74.0097630292568, 40.74067234613332], [-74.0097686773173, 40.74062847653838], [-74.0097609153313, 40.740627898170395], [-74.0097544749279, 40.7406779237003]]]}}, {"type": "Feature", "properties": {"layer": "land", "label": "parks", "method": "official current vector data"}, "geometry": {"type": "Polygon", "coordinates": [[[-74.00875971126399, 40.74156019554902], [-74.00871396577799, 40.7416248536381], [-74.0085934665968, 40.741792626287804], [-74.00861593320849, 40.7418093938538], [-74.0086534778381, 40.741837415722614], [-74.0086601566117, 40.74183783935939], [-74.0086668530631, 40.74183763534081], [-74.00867346655619, 40.741836808177204], [-74.0086798952715, 40.7418353686823], [-74.0086860444953, 40.74183334117681], [-74.0086882169349, 40.7418323675646], [-74.0086918183304, 40.741830753583905], [-74.00869713153689, 40.741827647333395], [-74.00870190361138, 40.74182406745671], [-74.0087025393179, 40.74182345596429], [-74.00870842399749, 40.741799345339615], [-74.00874300069358, 40.7416576749251], [-74.0087468231606, 40.74164462628521], [-74.0087510008226, 40.74163164965869], [-74.0087555455175, 40.74161873603961], [-74.00876043356858, 40.74160590343991], [-74.008765676814, 40.74159314285339], [-74.0087712634162, 40.741580472291304], [-74.00877720521478, 40.741567891752496], [-74.00877733896688, 40.7415676269932], [-74.0087834903712, 40.74155541024301], [-74.0087901188864, 40.7415430367677], [-74.0087940818443, 40.7415360476285], [-74.0087823620234, 40.741528178990315], [-74.00875971126399, 40.74156019554902]]]}}, {"type": "Feature", "properties": {"layer": "land", "label": "parks", "method": "official current vector data"}, "geometry": {"type": "Polygon", "coordinates": [[[-74.0100038602625, 40.739048335922995], [-74.0100021219316, 40.7390617716466], [-74.0100002888857, 40.7390751983734], [-74.00999836112629, 40.739088625108295], [-74.0099963386504, 40.7391020338412], [-74.0099942214607, 40.7391154425824], [-74.0099920095547, 40.73912883332151], [-74.0099897029346, 40.73914222406871], [-74.009987301598, 40.73915559681399], [-74.0099848055474, 40.73916896956732], [-74.00998221478008, 40.7391823243187], [-74.0099795292974, 40.73919567007311], [-74.00997674909908, 40.7392090068306], [-74.0099738860232, 40.739222325585], [-74.0099709163924, 40.73923563534339], [-74.0099678520461, 40.739248936104914], [-74.00996469298389, 40.73926222786941], [-74.0099614510439, 40.73927550163079], [-74.0099589852252, 40.7392852615446], [-74.0099581025475, 40.73928875739121], [-74.0099582447627, 40.739289729926995], [-74.0099584935302, 40.739290702453516], [-74.0099588488446, 40.73929163895059], [-74.0099592988696, 40.739292557429415], [-74.0099593190008, 40.7392925889454], [-74.00995986728199, 40.73929344888271], [-74.0099605185617, 40.7392942953034], [-74.0099612763857, 40.739295087684404], [-74.009962117077, 40.7392958350329], [-74.00996302879518, 40.73929652834479], [-74.009964023378, 40.739297158614015], [-74.0099650889848, 40.7392977168365], [-74.009966201939, 40.73929821201929], [-74.0099673740767, 40.7392986261513], [-74.0099685817211, 40.7392989682395], [-74.0099698367101, 40.73929922927811], [-74.0099711035246, 40.739299400264805], [-74.0099723821675, 40.7392994992099], [-74.0099736844753, 40.73929950810209], [-74.00997496309259, 40.739299435950805], [-74.00997624169639, 40.7392992737486], [-74.00997749661119, 40.7392990395079], [-74.009978715995, 40.73929871521961], [-74.00997989985059, 40.73929831889372], [-74.00998102449819, 40.73929784152719], [-74.0099821017798, 40.7392973011293], [-74.0099831198548, 40.73929668869591], [-74.00998405504629, 40.73929601323419], [-74.0099849073543, 40.739295274744094], [-74.0099856767815, 40.739294491235796], [-74.0099863633266, 40.7392936537043], [-74.00999080103388, 40.73928049690441], [-74.00999512034389, 40.73926731309949], [-74.009999309419, 40.73925411129551], [-74.0100033800969, 40.7392408824863], [-74.01000732053998, 40.73922763567821], [-74.0100111307471, 40.73921436186601], [-74.0100148225599, 40.7392010790589], [-74.0100183959759, 40.73918776924669], [-74.01002183915739, 40.739174441435594], [-74.0100251521031, 40.7391610866204], [-74.0100283466548, 40.73914772281041], [-74.01003141097229, 40.73913434100141], [-74.01003435689458, 40.7391209411925], [-74.01003717258409, 40.73910753238981], [-74.01003985803959, 40.739094105588194], [-74.0100424132609, 40.7390806607877], [-74.0100448500889, 40.739067206992395], [-74.010047156683, 40.7390537351982], [-74.01004934488378, 40.73904025440919], [-74.01004934987877, 40.73904022164566], [-74.01000485223236, 40.73904022164566], [-74.0100038602625, 40.739048335922995]]]}}, {"type": "Feature", "properties": {"layer": "land", "label": "parks", "method": "official current vector data"}, "geometry": {"type": "Polygon", "coordinates": [[[-74.0087593161825, 40.742454209194996], [-74.008756346971, 40.742455637625206], [-74.00875505668299, 40.7424574666532], [-74.0087315290959, 40.74254995952519], [-74.00872277812368, 40.7425843658633], [-74.0087027531356, 40.742680615377914], [-74.00863363998529, 40.7430110328329], [-74.0086336115876, 40.74301117061262], [-74.0086300464617, 40.7430282156772], [-74.008624151863, 40.74306821754221], [-74.0086225034699, 40.74307512095261], [-74.0086209095102, 40.74308179653061], [-74.00862117013078, 40.7430829131398], [-74.00862156098589, 40.743084002724096], [-74.0086220583972, 40.74308507429019], [-74.0086226209077, 40.74308599366571], [-74.0086226860406, 40.74308610082119], [-74.0086234083981, 40.743087091324824], [-74.00862423730679, 40.743088027790115], [-74.0086251727682, 40.74308891922199], [-74.0086261910992, 40.7430897386071], [-74.0086273041405, 40.74309049494959], [-74.0086284882114, 40.74309117924621], [-74.008629743312, 40.7430917914969], [-74.0086310576, 40.74309231369248], [-74.0086324310767, 40.74309275483801], [-74.00863385190219, 40.743093114934304], [-74.0086352963946, 40.74309337597301], [-74.0086505048386, 40.7430948444588], [-74.00866660128132, 40.74309639932451], [-74.00866843642008, 40.74309613803929], [-74.0086702360253, 40.7430957686959], [-74.0086720000957, 40.7430952822893], [-74.0086736931143, 40.74309469683221], [-74.0086753269196, 40.743094003318696], [-74.0086768778332, 40.74309321075562], [-74.0086783340154, 40.743092319143905], [-74.0086796954683, 40.743091346493614], [-74.00868093851119, 40.74309028380162], [-74.0086820749875, 40.743089158082206], [-74.0086830693764, 40.743087960332815], [-74.00868394535898, 40.7430866995569], [-74.008684167855, 40.74308598904011], [-74.0086848672969, 40.743083753028294], [-74.0086864898602, 40.743078567786384], [-74.008701465537, 40.7430383932356], [-74.00870466123628, 40.7430212959673], [-74.0087047405078, 40.74302087362351], [-74.0087053592969, 40.74301756061129], [-74.00870499466131, 40.7430087356698], [-74.00870379058918, 40.74299995401611], [-74.0087017553747, 40.74299126157538], [-74.00869889849588, 40.742982703372284], [-74.00869523535079, 40.742974325331524], [-74.008690784889, 40.74296617067562], [-74.0086855707959, 40.74295828172679], [-74.0086796203087, 40.74295069990612], [-74.00875190789621, 40.74258799719889], [-74.0087764216942, 40.742468375570915], [-74.0087777683086, 40.742462723885595], [-74.008777562029, 40.7424606851532], [-74.0087744428752, 40.742456328737504], [-74.0087690780083, 40.7424540949881], [-74.0087629117995, 40.742453427281305], [-74.0087593161825, 40.742454209194996]]]}}, {"type": "Feature", "properties": {"layer": "land", "label": "parks", "method": "official current vector data"}, "geometry": {"type": "Polygon", "coordinates": [[[-74.0085262725729, 40.743904470737895], [-74.00853528594659, 40.7438644425369], [-74.008536443236, 40.7438593023575], [-74.0085378573063, 40.743853023918284], [-74.00858605847449, 40.743601266505216], [-74.0086186707869, 40.74343092957118], [-74.0086192375342, 40.7434279695622], [-74.00861952147119, 40.743426267582805], [-74.00861961596759, 40.743424547607304], [-74.00861954470568, 40.7434228276443], [-74.0086214149585, 40.743410215003394], [-74.0086267252426, 40.7433744068453], [-74.0086309469313, 40.743362105603396], [-74.0086310901396, 40.74336168685691], [-74.0086358740086, 40.7433477511523], [-74.0086360038023, 40.743344320210895], [-74.0086357902398, 40.74334088929518], [-74.0086352333247, 40.743337485420504], [-74.0086343212196, 40.743334126597794], [-74.00863307760518, 40.74333082183029], [-74.00863150248648, 40.74332760713838], [-74.0086296077043, 40.7433244915262], [-74.0086273932625, 40.74332150200889], [-74.0086180036667, 40.7433169920725], [-74.0086078325926, 40.74331210578179], [-74.00859108998968, 40.7433040619027], [-74.0085895507717, 40.74330378286032], [-74.00858798788799, 40.7433036118806], [-74.00858641317731, 40.743303539957495], [-74.0085848266394, 40.74330356709098], [-74.00858325195648, 40.74330371128949], [-74.0085817009649, 40.743303945537015], [-74.0085801855068, 40.743304287842584], [-74.00857871742089, 40.743304729200425], [-74.008577296706, 40.74330526060542], [-74.008575947043, 40.743305891060814], [-74.00857468026939, 40.743306602555705], [-74.0085734963853, 40.74330739509011], [-74.0085723953906, 40.7433082686638], [-74.00857141280261, 40.74330920526418], [-74.0085705249416, 40.743310204893106], [-74.008569767326, 40.74331125854271], [-74.0085681962786, 40.74332125698891], [-74.00856744861159, 40.7433260180251], [-74.0085669162549, 40.74332941747871], [-74.0085625627555, 40.74335719484159], [-74.0085614632761, 40.7433698641563], [-74.00856060656409, 40.743373713887394], [-74.0085554651056, 40.743396807771504], [-74.0085549965168, 40.743398912291205], [-74.0085544462797, 40.74340138242269], [-74.0085537242113, 40.743402661196306], [-74.0085531442262, 40.7434039759796], [-74.00852568508809, 40.74356134522358], [-74.00852568508809, 40.743906024911084], [-74.00852600069953, 40.743906024911084], [-74.0085262725729, 40.743904470737895]]]}}, {"type": "Feature", "properties": {"layer": "land", "label": "parks", "method": "official current vector data"}, "geometry": {"type": "Polygon", "coordinates": [[[-74.0107450848585, 40.7425611860418], [-74.0107840366206, 40.74258459288348], [-74.0108384831958, 40.7426014704784], [-74.01086112392069, 40.7425699578006], [-74.0108511075668, 40.7425630464524], [-74.0108572279019, 40.74255810839501], [-74.0108659453915, 40.742564738006514], [-74.01088838323228, 40.742545267823694], [-74.01089431468, 40.7425219918555], [-74.0108828158501, 40.7425214292254], [-74.010883927401, 40.742512965254015], [-74.0108961686952, 40.7425142329108], [-74.01093122130949, 40.742499421649384], [-74.0109506894331, 40.74246387138069], [-74.0109812763223, 40.74243622470011], [-74.01099989871068, 40.74239864295931], [-74.01098986879299, 40.74239556598371], [-74.010992331751, 40.7423902122337], [-74.0110044737598, 40.74239261993049], [-74.01103860683789, 40.742366515464106], [-74.01102505653938, 40.74236076252178], [-74.0110285742768, 40.742354605417695], [-74.0110408930024, 40.742358887049086], [-74.0110539061316, 40.74232395332779], [-74.0110429947066, 40.74231699525559], [-74.01104686544019, 40.742311908820106], [-74.0110565442203, 40.742318064658406], [-74.0110905105735, 40.7422864896115], [-74.0111094908642, 40.742244493531686], [-74.0111330637015, 40.74222353465249], [-74.0111323768234, 40.74217996908351], [-74.01112188449248, 40.74217983051881], [-74.0111215150166, 40.7421722698965], [-74.0111338473466, 40.74217310887779], [-74.0111699213078, 40.742150145153], [-74.0111818845838, 40.74213894438431], [-74.0111907166365, 40.742115842816105], [-74.0111893627966, 40.74210541417418], [-74.01121753126908, 40.74208184065841], [-74.01123037162978, 40.74204129046941], [-74.01121949681229, 40.74204062965681], [-74.011220366524, 40.74203765159481], [-74.0112325459852, 40.74203781610061], [-74.0112532063655, 40.74202507550891], [-74.0112455936317, 40.742018955505394], [-74.01125102977629, 40.74201531602481], [-74.01125907804078, 40.742020442725995], [-74.0112830037317, 40.742000423009884], [-74.0112871318377, 40.7419772624612], [-74.01127690947759, 40.741977098670006], [-74.0112764740671, 40.741971804631014], [-74.0112886536566, 40.74197279579638], [-74.0113169292856, 40.7419463217117], [-74.0113297542559, 40.74190628660249], [-74.01131648661759, 40.7419052955483], [-74.0113167036515, 40.7419004985252], [-74.01133084124699, 40.741900000955276], [-74.011349760354, 40.741889576621816], [-74.0113421470635, 40.741880148161194], [-74.0113484532614, 40.7418756801237], [-74.0113569374117, 40.74188196572789], [-74.0113784666029, 40.74186145094901], [-74.0113915108113, 40.74182985266268], [-74.0113769374746, 40.74182307148339], [-74.01137106588139, 40.74182803475859], [-74.01136823909349, 40.74183101301501], [-74.01136280082692, 40.741829027933406], [-74.0113678020128, 40.74182290669231], [-74.01133408653648, 40.74180289264141], [-74.0112844973915, 40.74179479114621], [-74.01128406357209, 40.74180587463142], [-74.01127688624179, 40.74180488297561], [-74.0112790589344, 40.74179164890892], [-74.0112623094538, 40.741777588227905], [-74.01125252264329, 40.74178337944609], [-74.0112490406304, 40.741776432373214], [-74.01125839292729, 40.7417706411978], [-74.0112268514533, 40.741751784955106], [-74.0111987937824, 40.7417504648423], [-74.011197273214, 40.74176237509852], [-74.0111942279333, 40.741761548729016], [-74.01119422640419, 40.741752450004306], [-74.0111533227135, 40.74172949644291], [-74.01110901331249, 40.741723786107706], [-74.01110882201338, 40.741733896120586], [-74.0111007318319, 40.7417327253409], [-74.01110246314389, 40.74172070970629], [-74.01108627841678, 40.74170635177771], [-74.0110751065044, 40.741712946366604], [-74.01106739900328, 40.74170620771171], [-74.0110751074741, 40.74169741621909], [-74.01105006047382, 40.74168086189992], [-74.0110192369675, 40.741678666715686], [-74.0110188536357, 40.74168745840441], [-74.01101191791662, 40.7416868728377], [-74.0110146125486, 40.741672220427], [-74.0109766584872, 40.74165097838459], [-74.01092599133048, 40.74164541446691], [-74.0109263777988, 40.74165567120751], [-74.01091944336389, 40.741655671865296], [-74.01091886362359, 40.74164365735299], [-74.010907495433, 40.74163017783732], [-74.0108947819324, 40.741636333107394], [-74.010893046957, 40.74163340302099], [-74.0109038334168, 40.7416227057752], [-74.0108768599993, 40.741604978239685], [-74.0108456515573, 40.74160161148551], [-74.0108456528934, 40.741609816907186], [-74.0108522038508, 40.741617874929084], [-74.010847387899, 40.74162021940322], [-74.0108385257883, 40.74161172215109], [-74.0107957622539, 40.74163223882261], [-74.01079480010439, 40.741642056242604], [-74.0107813153612, 40.74164528132192], [-74.010781506852, 40.741636050204384], [-74.0107518372847, 40.741623744846], [-74.0107554970127, 40.741617150990315], [-74.0107857445383, 40.741630628754024], [-74.01083601948848, 40.741605274755216], [-74.0108360186066, 40.741599853701786], [-74.01083394291929, 40.741598545460214], [-74.0108011475444, 40.7415778782983], [-74.01074913055999, 40.74157114377002], [-74.01074855442118, 40.741581253818495], [-74.0107414269858, 40.741581108601416], [-74.0107418096445, 40.7415679206374], [-74.0107269735571, 40.74155356343271], [-74.0107158017054, 40.74156059743439], [-74.0107109846221, 40.741555908941486], [-74.0107200383075, 40.74154843568991], [-74.0106957621823, 40.74153173443881], [-74.01066358981008, 40.741526901699], [-74.01066320657308, 40.74153657228171], [-74.0106541515706, 40.74153584100758], [-74.0106553066301, 40.74152543734058], [-74.0106200495341, 40.741502438041024], [-74.01057015417939, 40.74149511700588], [-74.0105693853085, 40.74150698486142], [-74.0105605232957, 40.7415062535622], [-74.0105616780905, 40.741494092106], [-74.0105458782039, 40.741479001052795], [-74.0105356701766, 40.74148662117911], [-74.0105302752957, 40.74148164006652], [-74.0105414470377, 40.7414738730698], [-74.01051139183079, 40.741455411816986], [-74.0104834573846, 40.74145380245581], [-74.01048095507569, 40.741464938356195], [-74.0104732494001, 40.74146171524139], [-74.0104784482713, 40.7414475020625], [-74.01044261269209, 40.74142684588091], [-74.01038231344738, 40.74140824325211], [-74.01036069830678, 40.741440480657104], [-74.01037144842618, 40.74144696874462], [-74.0103642831093, 40.74145436705668], [-74.0103545572097, 40.741448528142314], [-74.01033101387019, 40.741468645788004], [-74.01032777793398, 40.741490319486616], [-74.01034074499948, 40.74149291358469], [-74.01033716324109, 40.7414986240227], [-74.01032300036108, 40.74149590035841], [-74.0102953625398, 40.741521469134], [-74.0102908168332, 40.74154118704681], [-74.01028632673258, 40.7415606636184], [-74.0102965646733, 40.7415624799269], [-74.0102946887063, 40.741566373887885], [-74.0102788198742, 40.74156455808212], [-74.01026022302152, 40.74157688858521], [-74.010269779706, 40.741583247115294], [-74.01026346783499, 40.74158960615961], [-74.01025305751838, 40.74158324860562], [-74.010207264269, 40.74162818348232], [-74.0101793081488, 40.7416556154072], [-74.01018523075598, 40.74165859286079], [-74.01019160803838, 40.741661799903206], [-74.0101862526712, 40.74166738352191], [-74.0101805207852, 40.7416650931385], [-74.0101745473578, 40.7416627073223], [-74.0101710558598, 40.74167815493159], [-74.01016285184008, 40.74171446230591], [-74.0101706799073, 40.741720499515594], [-74.0101650295407, 40.74172485486741], [-74.0101585641471, 40.7417184114084], [-74.01013426532309, 40.74173876231111], [-74.0101284718093, 40.741759451073406], [-74.0101393967893, 40.7417633502087], [-74.01013382472108, 40.74176877625511], [-74.01012446035281, 40.74176589455529], [-74.0100963058881, 40.74179763090141], [-74.0100907219664, 40.741834268526304], [-74.0100971096758, 40.74183588707819], [-74.01009471510748, 40.74183973245388], [-74.01008646509, 40.74183851929321], [-74.01006677402619, 40.7418500574142], [-74.0100726296585, 40.7418563316362], [-74.0100667756475, 40.74186078515632], [-74.01005879277498, 40.7418567380741], [-74.0100391021337, 40.74187900213141], [-74.0100353790146, 40.74189762314359], [-74.0100422985104, 40.741900456436404], [-74.0100375088747, 40.7419049098622], [-74.010030855709, 40.74190167221809], [-74.0100002568743, 40.741929605911196], [-74.0099906834512, 40.74196968021239], [-74.0100005292216, 40.7419692750299], [-74.0099999971373, 40.74197392979771], [-74.0099856274761, 40.74197453798671], [-74.00996859802399, 40.74198688631619], [-74.00997338939769, 40.74199397019121], [-74.0099678015174, 40.741996804571194], [-74.0099595506654, 40.74199012532301], [-74.0099372032591, 40.7420132000487], [-74.0099337469487, 40.7420348575444], [-74.0099427949491, 40.742035868933506], [-74.0099409320854, 40.742040524716394], [-74.0099316188765, 40.74203951335001], [-74.00989915753118, 40.7420672436617], [-74.0098890507327, 40.7421038789626], [-74.00990315569608, 40.7421065090323], [-74.0098991639683, 40.7421105571552], [-74.00988718910719, 40.7421089390723], [-74.0098681788327, 40.74212131277099], [-74.0098783965039, 40.74212965059112], [-74.0098704231724, 40.742134200637096], [-74.0098644419251, 40.74212718799989], [-74.0098372838551, 40.74214936531221], [-74.0098265731607, 40.742177794337216], [-74.0098395313534, 40.74218366903972], [-74.00985024526629, 40.742177034987904], [-74.0098577216695, 40.74218272015021], [-74.00984850304978, 40.74218897496129], [-74.00988487037618, 40.74220909547821], [-74.00993651597699, 40.7422156377198], [-74.0099360729801, 40.7422064048582], [-74.0099444601993, 40.74220640413421], [-74.009944681971, 40.742216812176615], [-74.0099625621539, 40.74223208593361], [-74.0099733755537, 40.74222570670539], [-74.0099782316307, 40.74222990264798], [-74.00996410836099, 40.742239640154295], [-74.00999302348299, 40.7422572596727], [-74.0100223778414, 40.7422589356666], [-74.0100234799348, 40.74224987016531], [-74.0100294389689, 40.742250708919], [-74.01002723349418, 40.742260277900016], [-74.01006586025709, 40.74228260080319], [-74.01011419434849, 40.742288974859704], [-74.0101146339803, 40.74227588144719], [-74.01012346164428, 40.74227588067139], [-74.0101225820373, 40.742291996224495], [-74.0101404610717, 40.742307102459606], [-74.0101488472805, 40.74230038663901], [-74.0101517166752, 40.74230458364981], [-74.0101448755449, 40.742311298434004], [-74.0101680532338, 40.74232892201571], [-74.01019851018589, 40.742332444807516], [-74.01020005436551, 40.74232656976212], [-74.0101927706693, 40.74231935194201], [-74.01019894913308, 40.742314986636714], [-74.0102171323215, 40.74232140023749], [-74.0102951044592, 40.742348904685706], [-74.01030289540118, 40.742351653237094], [-74.0103036070744, 40.74236765698612], [-74.01031745918058, 40.742380771631986], [-74.01032688162988, 40.742375834207294], [-74.010332326263, 40.742380610909116], [-74.0103243697657, 40.74238682332101], [-74.0103536888142, 40.74240465883399], [-74.0103777699295, 40.742406886321696], [-74.01038509778589, 40.7424009927424], [-74.01039033342549, 40.7424017883184], [-74.0103863564782, 40.7424094330821], [-74.01042342322, 40.742433323788596], [-74.010473680122, 40.742439052756914], [-74.01047388833238, 40.7424304519945], [-74.0104833114037, 40.74242949569881], [-74.01048498892818, 40.74244351103891], [-74.0104990222249, 40.742456571616], [-74.0105090721759, 40.7424516332186], [-74.0105130520049, 40.74245481794899], [-74.0105055148172, 40.742462145162804], [-74.0105329477297, 40.74247902446349], [-74.01056017013099, 40.742482367354015], [-74.0105603782545, 40.742473288422204], [-74.0105647755746, 40.7424736067983], [-74.0105651966204, 40.74248571137628], [-74.01060184897649, 40.74250896090211], [-74.01065252533158, 40.74251628185021], [-74.0106521045245, 40.7425057702696], [-74.0106619450106, 40.74250146943741], [-74.0106629949164, 40.7425145293948], [-74.01067828334979, 40.7425280653014], [-74.01069000728158, 40.742522171295015], [-74.0106939865277, 40.74252901928201], [-74.0106833084258, 40.74253730223721], [-74.0107105331376, 40.7425548190737], [-74.010735870925, 40.742559594804796], [-74.01073796378098, 40.74254971964873], [-74.0107467584329, 40.7425503563872], [-74.0107450848585, 40.7425611860418]]]}}, {"type": "Feature", "properties": {"layer": "road", "label": "sidewalk", "method": "official current vector data"}, "geometry": {"type": "Polygon", "coordinates": [[[-74.0085262725729, 40.743904470737895], [-74.00853528594659, 40.7438644425369], [-74.00852568508809, 40.74386347761554], [-74.00852568508809, 40.7439043997688], [-74.0085262725729, 40.743904470737895]]]}}, {"type": "Feature", "properties": {"layer": "road", "label": "sidewalk", "method": "official current vector data"}, "geometry": {"type": "Polygon", "coordinates": [[[-74.0088036940164, 40.74223203629311], [-74.0088632855136, 40.74224144292129], [-74.00887258432438, 40.7421964951919], [-74.00881268381258, 40.74218679862881], [-74.008811700591, 40.74219174518991], [-74.0088036940164, 40.74223203629311]]]}}, {"type": "Feature", "properties": {"layer": "road", "label": "sidewalk", "method": "official current vector data"}, "geometry": {"type": "Polygon", "coordinates": [[[-74.01017506874469, 40.739255220630895], [-74.0101639754706, 40.739255230615804], [-74.010151637452, 40.73925228254211], [-74.0101400034551, 40.7392466535943], [-74.01012953058968, 40.739231331480106], [-74.0101276290876, 40.73923821962951], [-74.01012387809, 40.739251439409784], [-74.0101200442154, 40.7392646501922], [-74.01011642328669, 40.7392768253721], [-74.01011611562478, 40.739277851977704], [-74.01011472521878, 40.739282419474016], [-74.0101189466527, 40.73928754299093], [-74.0101238831137, 40.739292283729], [-74.0101294753975, 40.739296584961586], [-74.01013565482889, 40.739300394465005], [-74.01014234918229, 40.7393036663199], [-74.0101494743932, 40.73930636001051], [-74.010156947583, 40.7393084449269], [-74.0101585542018, 40.73930874645509], [-74.01017189046318, 40.739266431329916], [-74.01017506874469, 40.739255220630895]]]}}, {"type": "Feature", "properties": {"layer": "road", "label": "sidewalk", "method": "official current vector data"}, "geometry": {"type": "Polygon", "coordinates": [[[-74.01013179012459, 40.739391129041586], [-74.0101190168878, 40.73939138590901], [-74.0101118756039, 40.7393920502105], [-74.0101048812176, 40.739393321440595], [-74.010098121336, 40.739395183382676], [-74.0100916835653, 40.73939761171541], [-74.0100901469557, 40.739398366475285], [-74.0100856484069, 40.73940057671489], [-74.0100800939937, 40.739404039652705], [-74.01007509135388, 40.73940795729819], [-74.0100707032273, 40.73941227831708], [-74.01006707597759, 40.73942191046262], [-74.0100620936482, 40.7394348962163], [-74.0100598344213, 40.73944066596518], [-74.01007270452139, 40.7394389034474], [-74.0101084105678, 40.7394485573605], [-74.01013179012459, 40.739391129041586]]]}}, {"type": "Feature", "properties": {"layer": "road", "label": "sidewalk", "method": "official current vector data"}, "geometry": {"type": "Polygon", "coordinates": [[[-74.0089821966514, 40.74226326289979], [-74.0090275142815, 40.7422638987156], [-74.0090315265006, 40.74224461314001], [-74.0090367704245, 40.74221941293661], [-74.00899355631698, 40.74220692358461], [-74.0089873008735, 40.7422379600518], [-74.00898357860389, 40.7422564297438], [-74.0089828604164, 40.742259994007114], [-74.0089821966514, 40.74226326289979]]]}}, {"type": "Feature", "properties": {"layer": "road", "label": "sidewalk", "method": "official current vector data"}, "geometry": {"type": "Polygon", "coordinates": [[[-74.0101084105678, 40.7394485573605], [-74.0100718517477, 40.73953835647012], [-74.0100054364879, 40.739673936363204], [-74.00994096102468, 40.73978314018459], [-74.00991860672139, 40.739826525860124], [-74.00991310055288, 40.739852161980394], [-74.0099121326957, 40.7398800165601], [-74.0099140859195, 40.73993399911138], [-74.0099050162934, 40.739968755877], [-74.00989464986688, 40.73999291378072], [-74.0098825455603, 40.74000999024211], [-74.00988597791039, 40.740010960694505], [-74.00989524855028, 40.740014238645706], [-74.009905102879, 40.740017594889984], [-74.0099070777704, 40.74001826739911], [-74.0099230627898, 40.74002371319198], [-74.0099290040771, 40.74002597835651], [-74.0099361899641, 40.74001432066789], [-74.009942621649, 40.74000241000151], [-74.00994828611319, 40.73999027427401], [-74.0099531667867, 40.7399779441045], [-74.0099572553863, 40.73996544740929], [-74.00996053889389, 40.73995281390651], [-74.00996301139489, 40.73994007421392], [-74.00996466697458, 40.73992725804881], [-74.0099655020862, 40.73991439692931], [-74.0099655131827, 40.739901519671896], [-74.0099645051505, 40.73989018597251], [-74.009964303368, 40.73987882788951], [-74.0099649090236, 40.73986747694081], [-74.00996631857019, 40.739856168246305], [-74.0099685296443, 40.7398449333239], [-74.0099715351472, 40.7398338063937], [-74.0099753267956, 40.73982281897382], [-74.00997989393869, 40.739812002582994], [-74.00998522119, 40.73980139054129], [-74.0099912943465, 40.73979101166599], [-74.0099980968379, 40.73978089837681], [-74.01001862688499, 40.7397469519636], [-74.01003839916189, 40.73971274536591], [-74.0100574065672, 40.73967828849042], [-74.0100756431839, 40.739643591243585], [-74.0100931042788, 40.739608663531705], [-74.0101097839349, 40.739573515261384], [-74.0101256797869, 40.73953815723911], [-74.01014078473389, 40.739502598471006], [-74.0101550952271, 40.73946685066422], [-74.0101686065333, 40.7394309228246], [-74.0101813162876, 40.739394826659094], [-74.0101817777427, 40.7393930445139], [-74.0101830028579, 40.7393914847266], [-74.0101848484077, 40.739390332814196], [-74.0101858748208, 40.739390054466604], [-74.0101852769428, 40.739390053619005], [-74.0101636385665, 40.7393904886753], [-74.01015722294218, 40.7393906171135], [-74.01013179012459, 40.739391129041586], [-74.0101084105678, 40.7394485573605]]]}}, {"type": "Feature", "properties": {"layer": "road", "label": "sidewalk", "method": "official current vector data"}, "geometry": {"type": "Polygon", "coordinates": [[[-74.0102142242121, 40.73906910386859], [-74.0101973736164, 40.73916195489381], [-74.01018362974732, 40.73922502585671], [-74.01017506874469, 40.739255220630895], [-74.01017189046318, 40.739266431329916], [-74.0101585542018, 40.73930874645509], [-74.0101646764019, 40.73930989406191], [-74.01018187753058, 40.7393100636385], [-74.0101822895338, 40.73931006810451], [-74.01021316963849, 40.739310371542], [-74.01022545997279, 40.7392648227808], [-74.0102403273856, 40.73920972300599], [-74.01024914333779, 40.73916702285592], [-74.0102619650439, 40.7391051073181], [-74.01027214648383, 40.73904022164566], [-74.01021902915659, 40.73904022164566], [-74.0102142242121, 40.73906910386859]]]}}, {"type": "Feature", "properties": {"layer": "road", "label": "sidewalk", "method": "official current vector data"}, "geometry": {"type": "Polygon", "coordinates": [[[-74.0085982883313, 40.7413757964412], [-74.0086011181249, 40.74137694887911], [-74.00860405445118, 40.7413779212076], [-74.0086070973086, 40.74137870442148], [-74.0086102111778, 40.741379289518406], [-74.00861338422, 40.74137968550421], [-74.008615626642, 40.74137981771091], [-74.0086165809146, 40.741379874371525], [-74.0086197894219, 40.74137985612119], [-74.00862298606398, 40.74137963976009], [-74.0086261471619, 40.741379225290004], [-74.0086292490365, 40.7413786127126], [-74.0086322798483, 40.74137780202891], [-74.0086325367544, 40.74137771375992], [-74.00863520407968, 40.741376802246606], [-74.00863802173208, 40.74137562237071], [-74.00863959628529, 40.741374829806205], [-74.008640697288, 40.74137427140909], [-74.0086432070695, 40.7413727583685], [-74.0086529734244, 40.741363158227585], [-74.0086622069598, 40.7413532609585], [-74.00867089583738, 40.741343075567386], [-74.0086790282213, 40.74133262907039], [-74.00868658043491, 40.74132193947969], [-74.0086935524798, 40.74131101580041], [-74.00869992068058, 40.7412998850496], [-74.0087085502266, 40.7412887721376], [-74.0087166943232, 40.741277452145006], [-74.0087243529715, 40.741265934077006], [-74.00873151433468, 40.741254235944695], [-74.0087381784143, 40.741242366753305], [-74.0087443215324, 40.741230335509805], [-74.0087499555314, 40.74121816022341], [-74.00875506857429, 40.741205858905396], [-74.0087596488218, 40.74119343155661], [-74.0087636962766, 40.7411808961873], [-74.0087654796409, 40.7411744682306], [-74.008767199102, 40.7411682708085], [-74.0087701691387, 40.741155564424616], [-74.00887380775998, 40.74076872556011], [-74.0088742928411, 40.7407662131073], [-74.008874493774, 40.74076368266619], [-74.0088744105598, 40.7407611432419], [-74.0088740313627, 40.74075862185061], [-74.0088733798642, 40.7407561365006], [-74.0088724442258, 40.74075369619781], [-74.0088712244526, 40.740751336962596], [-74.00886975606268, 40.74074905879219], [-74.0088680272204, 40.74074688870271], [-74.00886606160559, 40.74074483569741], [-74.00886387106019, 40.740742917785404], [-74.0088634554567, 40.740742614346395], [-74.0088614674273, 40.740741161981084], [-74.0088588743843, 40.74073955927759], [-74.0088491429117, 40.740734550503696], [-74.0088313932494, 40.7407254153191], [-74.0088136686925, 40.74071807754251], [-74.0087542209958, 40.74069338026119], [-74.00872526025428, 40.74068134627852], [-74.0086828220122, 40.74066371124949], [-74.008662406246, 40.7406552300081], [-74.008635322182, 40.74064397840242], [-74.0086273005646, 40.74064064442501], [-74.0085758734327, 40.7406192729242], [-74.00852568508809, 40.74059841996167], [-74.00852568508809, 40.74064368401878], [-74.0085602718139, 40.7406586217538], [-74.0085692205312, 40.74066255180271], [-74.00860085244359, 40.7406764442723], [-74.0086382907401, 40.74069288743501], [-74.0086531796312, 40.740699426701816], [-74.00865716144808, 40.74070117518771], [-74.00869865381588, 40.74071939832881], [-74.0088127117677, 40.7407694911815], [-74.0087492291514, 40.74098811578629], [-74.0087284729467, 40.74105683777519], [-74.0087010373887, 40.74114767132048], [-74.0086597334239, 40.741241974656], [-74.00865388644799, 40.74125532421542], [-74.00861091713928, 40.741336022793405], [-74.00852568508809, 40.74129941016754], [-74.00852568508809, 40.74134526205576], [-74.0085982883313, 40.7413757964412]]]}}, {"type": "Feature", "properties": {"layer": "road", "label": "sidewalk", "method": "official current vector data"}, "geometry": {"type": "Polygon", "coordinates": [[[-74.0085633916436, 40.74149778535551], [-74.0085665332901, 40.7414933735368], [-74.0085689136194, 40.74148869432408], [-74.0085704935709, 40.741483822462406], [-74.00857124829189, 40.7414788380986], [-74.0085711647696, 40.74147382137902], [-74.0085706008155, 40.74147077320391], [-74.0085702453823, 40.74146885244851], [-74.0085699090193, 40.741467917747], [-74.0085685031642, 40.7414640132522], [-74.0085659689083, 40.7414593821321], [-74.0085642353058, 40.7414570886691], [-74.0085626805109, 40.741455032926716], [-74.0085586936267, 40.741451035871385], [-74.0085540721978, 40.7414474566986], [-74.00852568508809, 40.74143604328418], [-74.00852568508809, 40.74154901431018], [-74.0085633916436, 40.74149778535551]]]}}, {"type": "Feature", "properties": {"layer": "road", "label": "sidewalk", "method": "official current vector data"}, "geometry": {"type": "Polygon", "coordinates": [[[-74.0085275933887, 40.7393321641304], [-74.0085423236461, 40.739332012653506], [-74.00859667476779, 40.73933145659701], [-74.00866574430728, 40.73933075802822], [-74.0087348256835, 40.7393300504119], [-74.0088038952202, 40.73932935176019], [-74.0088724083536, 40.73932894127241], [-74.00894092148489, 40.7393285217388], [-74.00900943461649, 40.73932811116949], [-74.00907794774739, 40.73932770055938], [-74.0091464608774, 40.739327289908495], [-74.0092149740065, 40.739326879216904], [-74.0092250751645, 40.739326818974504], [-74.0092834871348, 40.7393264684846], [-74.00935200026231, 40.73932605771139], [-74.00942051338879, 40.739325646897505], [-74.0094301102003, 40.73932559928552], [-74.0094934306876, 40.7393252897103], [-74.00949783477189, 40.73932472202729], [-74.0095021559422, 40.7393238751937], [-74.00950303910979, 40.7393236418894], [-74.00950638236068, 40.73932275821551], [-74.00951045483399, 40.73932138910771], [-74.0095143733622, 40.73931976787049], [-74.0095181024289, 40.739317903511704], [-74.0095205517415, 40.73931644718851], [-74.0095216183585, 40.7393158131431], [-74.00952489747411, 40.7393135084731], [-74.009527916101, 40.739311013817506], [-74.009530650561, 40.7393083300788], [-74.0095330890201, 40.739305493278216], [-74.0095352196391, 40.739302503416816], [-74.0095370069059, 40.73929939651791], [-74.0095384626622, 40.739296190590515], [-74.0095395632323, 40.73929290364689], [-74.0095402967797, 40.73928955369811], [-74.00955919320478, 40.73904022164566], [-74.00949451008391, 40.73904022164566], [-74.0094711610792, 40.7392908606395], [-74.0090993707394, 40.739293343606], [-74.0085499980292, 40.739297011157795], [-74.00852568508809, 40.739297173345676], [-74.00852568508809, 40.739332183425354], [-74.0085275933887, 40.7393321641304]]]}}, {"type": "Feature", "properties": {"layer": "road", "label": "sidewalk", "method": "official current vector data"}, "geometry": {"type": "Polygon", "coordinates": [[[-74.0099691585631, 40.74003648831089], [-74.00996922486519, 40.74003650271328], [-74.0099734321586, 40.740026012337914], [-74.00998080963349, 40.740005114523306], [-74.0099872541425, 40.7399840384886], [-74.0099927585865, 40.739962808548206], [-74.0099973170503, 40.73994144901659], [-74.01000092361909, 40.73991998510869], [-74.0100069195529, 40.739899888863604], [-74.0100137205747, 40.7398799420325], [-74.010021319583, 40.739860162625796], [-74.01002971066019, 40.73984056865411], [-74.0100388843372, 40.7398211790287], [-74.0100488346966, 40.73980201266058], [-74.0100689351242, 40.739769150486914], [-74.010088335797, 40.73973604613439], [-74.0101070296134, 40.7397027068081], [-74.01012501302398, 40.7396691433147], [-74.0101422789273, 40.73963536195869], [-74.0101588261418, 40.73960137264619], [-74.0101746475662, 40.73956718438309], [-74.0101897408352, 40.73953280707561], [-74.01020410003129, 40.739498247928395], [-74.0102177239731, 40.73946351594709], [-74.0102306067436, 40.7394286219385], [-74.0102771425819, 40.739426053148804], [-74.0102874501751, 40.739390379524], [-74.010279439777, 40.73939025867089], [-74.0102284058531, 40.739390147050415], [-74.01020109288912, 40.739390087338606], [-74.0101858748208, 40.739390054466604], [-74.0101848484077, 40.739390332814196], [-74.0101830028579, 40.7393914847266], [-74.0101817777427, 40.7393930445139], [-74.0101813162876, 40.739394826659094], [-74.0101686065333, 40.7394309228246], [-74.0101550952271, 40.73946685066422], [-74.01014078473389, 40.739502598471006], [-74.0101256797869, 40.73953815723911], [-74.0101097839349, 40.739573515261384], [-74.0100931042788, 40.739608663531705], [-74.0100756431839, 40.739643591243585], [-74.0100574065672, 40.73967828849042], [-74.01003839916189, 40.73971274536591], [-74.01001862688499, 40.7397469519636], [-74.0099980968379, 40.73978089837681], [-74.0099912943465, 40.73979101166599], [-74.00998522119, 40.73980139054129], [-74.00997989393869, 40.739812002582994], [-74.0099753267956, 40.73982281897382], [-74.0099715351472, 40.7398338063937], [-74.0099685296443, 40.7398449333239], [-74.00996631857019, 40.739856168246305], [-74.0099649090236, 40.73986747694081], [-74.009964303368, 40.73987882788951], [-74.0099645051505, 40.73989018597251], [-74.0099655131827, 40.739901519671896], [-74.0099655020862, 40.73991439692931], [-74.00996466697458, 40.73992725804881], [-74.00996301139489, 40.73994007421392], [-74.00996053889389, 40.73995281390651], [-74.0099572553863, 40.73996544740929], [-74.0099531667867, 40.7399779441045], [-74.00994828611319, 40.73999027427401], [-74.009942621649, 40.74000241000151], [-74.0099361899641, 40.74001432066789], [-74.0099290040771, 40.74002597835651], [-74.009956562305, 40.74003349341272], [-74.0099691585631, 40.74003648831089]]]}}, {"type": "Feature", "properties": {"layer": "road", "label": "sidewalk", "method": "official current vector data"}, "geometry": {"type": "Polygon", "coordinates": [[[-74.009172250664, 40.74133458185611], [-74.0091668092736, 40.7413607456273], [-74.0091644890796, 40.741371902196406], [-74.0091792114219, 40.74135400974552], [-74.00918623598379, 40.741346715976896], [-74.0092009342454, 40.74133456876141], [-74.0092057643439, 40.7413315156557], [-74.00921027610518, 40.741329518870295], [-74.0092181716611, 40.74132797657002], [-74.0092318070598, 40.741326787708395], [-74.009254120969, 40.74132668325931], [-74.0092636757916, 40.74127803978999], [-74.00927428711839, 40.741224019305704], [-74.00927486095229, 40.7412212808169], [-74.0092511129017, 40.7412184020047], [-74.00923613496619, 40.74121133242398], [-74.0092211547622, 40.74119640681621], [-74.0092206383974, 40.74119522809351], [-74.00921099656999, 40.7411713528153], [-74.0092103978347, 40.7411738292582], [-74.0092094169019, 40.741177881619386], [-74.0092062694029, 40.74119093022159], [-74.0092031337434, 40.7412039878278], [-74.0092000099209, 40.7412170364278], [-74.0091968860985, 40.74123009403291], [-74.00919526502729, 40.74123689749481], [-74.0091937741143, 40.7412431516368], [-74.0091906739684, 40.7412562092398], [-74.009188502687, 40.741265388283715], [-74.0091875856608, 40.741269266841684], [-74.00918449735198, 40.74128232444341], [-74.0091814208827, 40.74129539104921], [-74.0091783562505, 40.74130844864891], [-74.0091777871056, 40.74131088276529], [-74.0091753034578, 40.741321515252494], [-74.009172250664, 40.74133458185611]]]}}, {"type": "Feature", "properties": {"layer": "road", "label": "sidewalk", "method": "official current vector data"}, "geometry": {"type": "Polygon", "coordinates": [[[-74.0085415154538, 40.74186495889159], [-74.00852568508809, 40.74188699953848], [-74.00852568508809, 40.741977980458564], [-74.00861699812319, 40.7418501363217], [-74.0086352388143, 40.74185475905959], [-74.0086305110476, 40.74188052562629], [-74.00858236978858, 40.742154400470994], [-74.0085744767101, 40.74215766809909], [-74.00852568508809, 40.74213850594609], [-74.00852568508809, 40.74224342364164], [-74.0085405517469, 40.74224381493541], [-74.0085479691689, 40.74224277970221], [-74.0085540924498, 40.7422412411813], [-74.0085576205583, 40.7422403548201], [-74.00856700427198, 40.7422371654264], [-74.0085745374207, 40.7422337924664], [-74.00858356312789, 40.74222713704612], [-74.0085888595118, 40.7422218299625], [-74.0085958665057, 40.7422148099864], [-74.0086000499339, 40.742209309376285], [-74.0086038034592, 40.7422028614647], [-74.008605665326, 40.74219889459161], [-74.0086124487687, 40.742184440044085], [-74.00861659742678, 40.74217560125601], [-74.00866065656018, 40.74199507147819], [-74.0086426232716, 40.741992368610205], [-74.008663399443, 40.741873978269986], [-74.0086534778381, 40.741837415722614], [-74.00861593320849, 40.7418093938538], [-74.0085934665968, 40.741792626287804], [-74.00871396577799, 40.7416248536381], [-74.00875971126399, 40.74156019554902], [-74.0087823620234, 40.741528178990315], [-74.0087908732302, 40.74151737225401], [-74.0087983780186, 40.741506151360625], [-74.00879914267169, 40.7415047798296], [-74.0088094917891, 40.741506098281285], [-74.00881408765639, 40.741495317056916], [-74.008818608758, 40.741483213893396], [-74.0088225260263, 40.74147099371011], [-74.00882392595818, 40.741465822890206], [-74.00882586314161, 40.74145866551018], [-74.00882711396528, 40.74145402510049], [-74.0088318439002, 40.741436482856614], [-74.00881791440659, 40.74143431009979], [-74.00882965770259, 40.741405008495], [-74.0087981731199, 40.74139803017302], [-74.0087934409996, 40.741408033368984], [-74.0087869121385, 40.741421832339995], [-74.00878494614129, 40.741425988331], [-74.00874571733789, 40.7414912843962], [-74.00872268125559, 40.74152827537898], [-74.0087147005806, 40.74154009514081], [-74.0087089571444, 40.741548601766695], [-74.0087041511617, 40.741555291097804], [-74.0086910033612, 40.74157359129839], [-74.0086155960629, 40.741674286280315], [-74.00852568508809, 40.74179717651006], [-74.00852568508809, 40.74182703675162], [-74.0085415154538, 40.74186495889159]]]}}, {"type": "Feature", "properties": {"layer": "road", "label": "sidewalk", "method": "official current vector data"}, "geometry": {"type": "Polygon", "coordinates": [[[-74.0085832507144, 40.7425315156819], [-74.00858855282378, 40.74252451384381], [-74.0085911927683, 40.742522082277596], [-74.00859486051078, 40.742520507017005], [-74.0086066097643, 40.7425167429201], [-74.0086114045167, 40.7425141545041], [-74.008611566692, 40.74251393116621], [-74.0086157264293, 40.74250820723192], [-74.0086245602862, 40.742473502827394], [-74.0086386680539, 40.74242450877962], [-74.0086414787543, 40.74241503253221], [-74.0086416520768, 40.74240947458931], [-74.0086410534345, 40.7424037906333], [-74.0086397846835, 40.7423982472066], [-74.0086378613369, 40.7423937808356], [-74.00863345271878, 40.742388395233114], [-74.0086258093258, 40.742381694231995], [-74.00861697377469, 40.74237574884502], [-74.00861624203569, 40.74237539590101], [-74.0086096433615, 40.74237221130102], [-74.0085983821848, 40.74236878391181], [-74.0085979784421, 40.742368712801905], [-74.0085894998446, 40.74236722399591], [-74.0085835823871, 40.742367392832094], [-74.008576587608, 40.74236826594471], [-74.0085742386731, 40.7423687361844], [-74.0085564322302, 40.742372300815795], [-74.00852568508809, 40.74237916745939], [-74.00852568508809, 40.74251080201911], [-74.0085428714443, 40.74253235345519], [-74.00854845595678, 40.74253935628441], [-74.00852568508809, 40.7426452904116], [-74.00852568508809, 40.74279054251978], [-74.0085832507144, 40.7425315156819]]]}}, {"type": "Feature", "properties": {"layer": "road", "label": "sidewalk", "method": "official current vector data"}, "geometry": {"type": "Polygon", "coordinates": [[[-74.008624151863, 40.74306821754221], [-74.0086864898602, 40.743078567786384], [-74.008701465537, 40.7430383932356], [-74.00870466123628, 40.7430212959673], [-74.0086336115876, 40.74301117061262], [-74.0086300464617, 40.7430282156772], [-74.008624151863, 40.74306821754221]]]}}, {"type": "Feature", "properties": {"layer": "road", "label": "sidewalk", "method": "official current vector data"}, "geometry": {"type": "Polygon", "coordinates": [[[-74.0085554651056, 40.743396807771504], [-74.0086178507131, 40.743434254304404], [-74.00861954470568, 40.7434228276443], [-74.0086214149585, 40.743410215003394], [-74.0086267252426, 40.7433744068453], [-74.0086309469313, 40.743362105603396], [-74.0085681962786, 40.74332125698891], [-74.00856744861159, 40.7433260180251], [-74.0085669162549, 40.74332941747871], [-74.0085625627555, 40.74335719484159], [-74.0085614632761, 40.7433698641563], [-74.00856060656409, 40.743373713887394], [-74.0085554651056, 40.743396807771504]]]}}, {"type": "Feature", "properties": {"layer": "road", "label": "sidewalk", "method": "official current vector data"}, "geometry": {"type": "Polygon", "coordinates": [[[-74.00900300267308, 40.741537424566296], [-74.0090094727164, 40.74154418777001], [-74.0090114214223, 40.74153481783971], [-74.0090288000216, 40.74145125931209], [-74.00901265263178, 40.741464055884606], [-74.0090054295867, 40.74146593850988], [-74.0089971133889, 40.741465132305606], [-74.0089857801625, 40.7414619877188], [-74.00898577187989, 40.74146202554081], [-74.0089699717002, 40.74152996554139], [-74.00896681592059, 40.74154353823219], [-74.00898209044908, 40.7415371866647], [-74.0089925420941, 40.741534912968596], [-74.0089989533284, 40.7415357994673], [-74.00900300267308, 40.741537424566296]]]}}, {"type": "Feature", "properties": {"layer": "road", "label": "sidewalk", "method": "official current vector data"}, "geometry": {"type": "Polygon", "coordinates": [[[-74.0090881658398, 40.7419461373852], [-74.0091237981874, 40.74195352683061], [-74.0092190473295, 40.741495767115104], [-74.0091843818256, 40.741492026477005], [-74.00917586305249, 40.74149039453661], [-74.0091689508438, 40.7414883167165], [-74.0091616122928, 40.741485371741504], [-74.00915419538399, 40.741480842780106], [-74.0091435209258, 40.7414727165504], [-74.0091278982962, 40.7415478263971], [-74.0091230224296, 40.7415712732903], [-74.00915425993989, 40.74163181821522], [-74.0090881658398, 40.7419461373852]]]}}, {"type": "Feature", "properties": {"layer": "road", "label": "sidewalk", "method": "official current vector data"}, "geometry": {"type": "Polygon", "coordinates": [[[-74.009596315771, 40.740446158103786], [-74.0096206155955, 40.74047584580389], [-74.009620997762, 40.74047415101712], [-74.0096240472974, 40.74046399664109], [-74.0096278237889, 40.74045398538502], [-74.00963231658498, 40.74044414606571], [-74.0096375126667, 40.74043451020201], [-74.00964339664638, 40.740425104810306], [-74.00964994840139, 40.74041595960902], [-74.00965715136019, 40.740407101614515], [-74.00966498184799, 40.7403985578439], [-74.009690653063, 40.740373896192004], [-74.0097157452654, 40.740348891489894], [-74.0097402501691, 40.7403235518431], [-74.00976416067219, 40.740297886257785], [-74.0097874684885, 40.74027190193901], [-74.0098101665161, 40.74024560699231], [-74.009832247653, 40.74021901042381], [-74.0098537059812, 40.740192119438305], [-74.009874532031, 40.740164943942595], [-74.00989472225228, 40.7401374911413], [-74.0099142683596, 40.740109770040696], [-74.00990890426898, 40.7401037821282], [-74.00990449589528, 40.7400997131145], [-74.0099028464558, 40.7400981913988], [-74.0098961446519, 40.74009304197309], [-74.0098888545082, 40.74008837707061], [-74.00988619045869, 40.74008696620421], [-74.0098672516556, 40.7401143720705], [-74.0098476734792, 40.74014153755281], [-74.0098274630304, 40.740168448241995], [-74.0098066333308, 40.74019509603221], [-74.0097851879297, 40.7402214674151], [-74.0097631386642, 40.74024755158308], [-74.00974049382009, 40.74027333862988], [-74.0097172640508, 40.740298817747906], [-74.00969345764159, 40.74032397632911], [-74.0096690852465, 40.7403488062676], [-74.0096441575189, 40.74037329585561], [-74.0096263075802, 40.740391302994404], [-74.009596315771, 40.740446158103786]]]}}, {"type": "Feature", "properties": {"layer": "road", "label": "sidewalk", "method": "official current vector data"}, "geometry": {"type": "Polygon", "coordinates": [[[-74.00858256274509, 40.74052786192419], [-74.0086089860571, 40.740538656134106], [-74.00863877430518, 40.740550825160305], [-74.00864076816109, 40.740551639969915], [-74.00869897361979, 40.740575426991214], [-74.0087571909582, 40.740599204977094], [-74.0088153964988, 40.7406229829343], [-74.0088596545242, 40.74064107163029], [-74.0088630288874, 40.740642106053514], [-74.00886652161589, 40.740642925246284], [-74.0088700853496, 40.74064351030161], [-74.0088736964098, 40.740643861221216], [-74.00887733111749, 40.74064397800691], [-74.0088776105259, 40.740643968980294], [-74.00888097763341, 40.74064386065981], [-74.0088845885988, 40.74064350017821], [-74.0088881521765, 40.740642914573414], [-74.0088916328472, 40.7406420948429], [-74.00889500693319, 40.74064104999382], [-74.0088955077135, 40.7406408572466], [-74.00889826259748, 40.740639798037016], [-74.0089013524815, 40.74063832997119], [-74.0089042765886, 40.74063667281162], [-74.0089069994008, 40.74063482656089], [-74.00890763274009, 40.74063431952631], [-74.0089095090821, 40.74063281823539], [-74.0089117819538, 40.74063064783671], [-74.0089137943409, 40.74062834238221], [-74.00891554624448, 40.7406259108767], [-74.0089170258289, 40.74062338033641], [-74.00891820941519, 40.74062075076331], [-74.0089190970097, 40.74061806718259], [-74.008919676773, 40.74061533049591], [-74.0089267518591, 40.74057902959571], [-74.0089338991038, 40.74054232706289], [-74.0089368793879, 40.7405270245101], [-74.008947006901, 40.7404750194233], [-74.0089571343982, 40.74042301433512], [-74.00895942373108, 40.740411259834204], [-74.00896909795219, 40.7403254956585], [-74.0089725995235, 40.740304183977905], [-74.0089766250049, 40.740287429724006], [-74.0089868144911, 40.740256503704295], [-74.0090000852173, 40.7402217007582], [-74.00901291268458, 40.74019228377998], [-74.0090244009339, 40.74017026637458], [-74.00903608506118, 40.74015220848371], [-74.00905225689299, 40.7401299790884], [-74.00906246059229, 40.74011693533631], [-74.00907289984839, 40.740103589894815], [-74.00910221612088, 40.74006759610042], [-74.00910331225478, 40.74006624975511], [-74.00914013380819, 40.7400245038163], [-74.00918936329799, 40.73996868914881], [-74.0092166201213, 40.739937786957896], [-74.009228820933, 40.739923955086894], [-74.00930399898579, 40.73983872140988], [-74.0093506233852, 40.739840629410004], [-74.0093583589926, 40.739839522057885], [-74.00936083565199, 40.73983873391249], [-74.0093669073251, 40.73983392921151], [-74.00940872390649, 40.73976949809561], [-74.00946572117851, 40.73967541470751], [-74.0095173794917, 40.73958609811749], [-74.0095432473647, 40.739539338926214], [-74.00955102706139, 40.739523966618286], [-74.0095565293416, 40.7395117066527], [-74.0095636409278, 40.7394937283307], [-74.00956535082199, 40.7394876848829], [-74.0095659705541, 40.7394832210157], [-74.0095650859875, 40.7394737252377], [-74.0095622039129, 40.739462565487706], [-74.0095582055845, 40.73945265663519], [-74.00955327934699, 40.73944470826439], [-74.009543876496, 40.739435202386524], [-74.00953398966399, 40.73942736248681], [-74.0095323710656, 40.73942607939762], [-74.00952267628439, 40.7394200134808], [-74.0095212282244, 40.7394191076901], [-74.0095152454871, 40.739416276989104], [-74.00951077124708, 40.73941475279959], [-74.0095038049105, 40.73941356830691], [-74.00949746488159, 40.73941249092261], [-74.009475019942, 40.73941078901169], [-74.0093022379966, 40.73941131098751], [-74.00907118137059, 40.739412431645086], [-74.0085966020999, 40.73941970903961], [-74.00859654882359, 40.739419709043524], [-74.00852568508809, 40.73942013077612], [-74.00852568508809, 40.739444644970895], [-74.0085918428351, 40.73944787816991], [-74.00864105149688, 40.739450282444096], [-74.0087665819051, 40.73945641621639], [-74.0088940930436, 40.73946264605301], [-74.00925898491829, 40.73948047435041], [-74.0094012869419, 40.73948742644309], [-74.0094495272104, 40.739489783624606], [-74.0094567965194, 40.73949013962869], [-74.00945214088928, 40.73954527718401], [-74.009445591791, 40.73962283753039], [-74.0094401336045, 40.739687465598216], [-74.0093915841876, 40.7396850931295], [-74.0093771923353, 40.7396843901057], [-74.0093329169096, 40.73968222708221], [-74.00932821624798, 40.7397378896306], [-74.0092883482464, 40.73976763571472], [-74.009227793766, 40.7397308701628], [-74.0092161716099, 40.7397424047933], [-74.00914034694549, 40.73981766174341], [-74.009136467843, 40.73982215918551], [-74.0091030703271, 40.739820714715506], [-74.0090970006701, 40.739892424404196], [-74.0090946165368, 40.7399205807587], [-74.00896915500148, 40.740063365153], [-74.0088867163697, 40.740157186408005], [-74.0088596795126, 40.740321585122196], [-74.0088480993458, 40.740392002988585], [-74.0088980290952, 40.740398516112506], [-74.0088753984208, 40.740524654628], [-74.00883488832869, 40.74058326276262], [-74.00883322166409, 40.740585673548615], [-74.0087728813243, 40.7405604810658], [-74.0087742733915, 40.74055863491971], [-74.00878897531939, 40.740539132411], [-74.0085983744169, 40.74045601196319], [-74.00852568508809, 40.740424312393884], [-74.00852568508809, 40.74050400217964], [-74.00858256274509, 40.74052786192419]]]}}, {"type": "Feature", "properties": {"layer": "road", "label": "sidewalk", "method": "official current vector data"}, "geometry": {"type": "Polygon", "coordinates": [[[-74.00874349819709, 40.743905273007805], [-74.008748212704, 40.743894977153914], [-74.0087524556366, 40.74388207706969], [-74.0087567760945, 40.743864485338214], [-74.008767419724, 40.74380675753082], [-74.00877235349309, 40.7437802588376], [-74.008815673473, 40.74354758254], [-74.00887234833598, 40.743251341101704], [-74.0089256355093, 40.742965282819405], [-74.00897686797629, 40.742696407236885], [-74.0089969417475, 40.74258730293219], [-74.009013587964, 40.74248774696772], [-74.00902257323638, 40.7424361318976], [-74.0090181506254, 40.74243258334549], [-74.0090113114284, 40.74242827585489], [-74.00899939161138, 40.7424224613123], [-74.0089953599265, 40.74242049491969], [-74.00897492828179, 40.742412690918414], [-74.00897287517168, 40.742411906736805], [-74.0089629531568, 40.74240934826832], [-74.00896189944969, 40.7424095446609], [-74.00896176722078, 40.742482733387185], [-74.0089451729808, 40.742581975063295], [-74.0089252257222, 40.74269041117301], [-74.0088739208803, 40.74295967485689], [-74.0088593233583, 40.74303803540269], [-74.0088257309593, 40.74303441524271], [-74.00882134719498, 40.743056209650085], [-74.0088182199896, 40.74307175534259], [-74.0088156713695, 40.743084425671896], [-74.0088153590038, 40.7430859790704], [-74.00880989614879, 40.74311312797461], [-74.0088096287445, 40.74311445624289], [-74.00884438979078, 40.74311820238879], [-74.00882063940419, 40.74324569349261], [-74.0087895256112, 40.74340832653671], [-74.008752394025, 40.7434042167498], [-74.0087522413939, 40.74340500380449], [-74.00874584747008, 40.743438106026886], [-74.0087388891585, 40.7434741151282], [-74.0087384750438, 40.743476261067805], [-74.008775740462, 40.74348038525711], [-74.0087639655002, 40.7435419367066], [-74.0087157813594, 40.7438007262537], [-74.0087054298397, 40.74385620907052], [-74.00870132238579, 40.74387301734301], [-74.00869738364169, 40.74388523391761], [-74.00869241231099, 40.74389637716579], [-74.0086921152042, 40.74389696251782], [-74.00868751999413, 40.743906024911084], [-74.00874311107782, 40.743906024911084], [-74.00874349819709, 40.743905273007805]]]}}, {"type": "Feature", "properties": {"layer": "road", "label": "sidewalk", "method": "official current vector data"}, "geometry": {"type": "Polygon", "coordinates": [[[-74.0097833413259, 40.740151161356785], [-74.009722154234, 40.74022952239051], [-74.0096630050574, 40.74029508250731], [-74.00960436514508, 40.74035443625359], [-74.00955745342338, 40.740407195481694], [-74.00951526301799, 40.740458943030404], [-74.00948973925489, 40.7404888086628], [-74.0094759109688, 40.74050606622439], [-74.00946439494248, 40.74052359554741], [-74.00944042485798, 40.74056464083971], [-74.0094609331184, 40.74057365593649], [-74.0094358407634, 40.74062392791811], [-74.0094213536739, 40.740654451801], [-74.0094110580203, 40.7406787411271], [-74.00939882171559, 40.7407102436744], [-74.0093857679203, 40.74074617408149], [-74.0093752754774, 40.740777255946924], [-74.0093683385163, 40.74080073453859], [-74.00936046831178, 40.740830558180306], [-74.00933945385188, 40.7409186556172], [-74.0093215840405, 40.74099933171391], [-74.0092941062509, 40.74112942392038], [-74.00927486095229, 40.7412212808169], [-74.00927428711839, 40.741224019305704], [-74.0092636757916, 40.74127803978999], [-74.009254120969, 40.74132668325931], [-74.0092494878918, 40.74135026521511], [-74.0092190473295, 40.741495767115104], [-74.0091237981874, 40.74195352683061], [-74.00912293091409, 40.741957695347104], [-74.00909601996338, 40.7420654620701], [-74.0090536515252, 40.7421940308164], [-74.0090367704245, 40.74221941293661], [-74.0090315265006, 40.74224461314001], [-74.0090275142815, 40.7422638987156], [-74.0090143154829, 40.742316922510504], [-74.00903800242068, 40.742320333575606], [-74.00906591147579, 40.742324352145815], [-74.00908052327779, 40.742284189276596], [-74.0091004609145, 40.7422293864398], [-74.0091241313419, 40.7421643247259], [-74.00917266602279, 40.742012254025894], [-74.0091998250484, 40.7419015083865], [-74.0092142967074, 40.74183377468041], [-74.0092525415169, 40.74164159346961], [-74.00926942367299, 40.7415658846683], [-74.00926944142118, 40.741565804521706], [-74.00929913963978, 40.74143778421699], [-74.0093344743405, 40.7412830426934], [-74.0093567586628, 40.74118198956061], [-74.00939729085938, 40.74097023557191], [-74.0094073404271, 40.7409216784966], [-74.0094158288451, 40.7408849317013], [-74.0094253143082, 40.7408494212201], [-74.00943800828638, 40.74080585723802], [-74.00945131564819, 40.74076313067561], [-74.00946289325428, 40.74072872314039], [-74.00947338257528, 40.74070100556249], [-74.009477098853, 40.74069191463511], [-74.00948796481629, 40.7406653298629], [-74.0094895614206, 40.740661611536495], [-74.0095061878701, 40.740622881144915], [-74.0095239531158, 40.740583223134], [-74.00953710040599, 40.74055605283829], [-74.0095542473785, 40.740523100051284], [-74.009596315771, 40.740446158103786], [-74.0096263075802, 40.740391302994404], [-74.0096441575189, 40.74037329585561], [-74.0096690852465, 40.7403488062676], [-74.00969345764159, 40.74032397632911], [-74.0097172640508, 40.740298817747906], [-74.00974049382009, 40.74027333862988], [-74.0097631386642, 40.74024755158308], [-74.0097851879297, 40.7402214674151], [-74.0098066333308, 40.74019509603221], [-74.0098274630304, 40.740168448241995], [-74.0098476734792, 40.74014153755281], [-74.0098672516556, 40.7401143720705], [-74.00988619045869, 40.74008696620421], [-74.0098810375951, 40.7400842363081], [-74.00987275903319, 40.740080652998685], [-74.009865428766, 40.74007684538119], [-74.00986249361948, 40.74007558222069], [-74.0098577031389, 40.74007352136952], [-74.0098496378, 40.7400707034715], [-74.00984128839669, 40.7400684123941], [-74.0097833413259, 40.740151161356785]]]}}, {"type": "Feature", "properties": {"layer": "road", "label": "sidewalk", "method": "official current vector data"}, "geometry": {"type": "Polygon", "coordinates": [[[-74.0090938542074, 40.74292187061919], [-74.009096247731, 40.74290966765897], [-74.0091570152214, 40.74291656072631], [-74.00921706323889, 40.74255825407311], [-74.0092653131713, 40.7422992283325], [-74.00928190386209, 40.742305886246385], [-74.0093188813205, 40.742253386394914], [-74.009323325051, 40.7422470761816], [-74.0093614888664, 40.74219520297281], [-74.0093996502546, 40.742143329751215], [-74.0093417767472, 40.74211735392931], [-74.00939208754478, 40.741894710243606], [-74.0093938209659, 40.741887039582], [-74.0094878498824, 40.74147092279631], [-74.00951680622178, 40.7414819255055], [-74.00952575621439, 40.741485326881794], [-74.00953458307, 40.74148868144121], [-74.00953507206948, 40.7414888669051], [-74.0095517800851, 40.74146451040139], [-74.0095526749702, 40.7414632289053], [-74.00957003045589, 40.74143790249892], [-74.0095927788874, 40.741404740326914], [-74.0096155261124, 40.7413715781504], [-74.0096522409874, 40.7413180516285], [-74.00956729638068, 40.741279008220694], [-74.0095606622705, 40.7412759587537], [-74.0095555425328, 40.741273605252715], [-74.0095310864369, 40.741262365347], [-74.0095451228117, 40.74120080460659], [-74.0095463308638, 40.741195505021096], [-74.00968136410219, 40.74060325079679], [-74.00966542746468, 40.740491458649615], [-74.0096263290948, 40.74048282696], [-74.0096206155955, 40.74047584580389], [-74.009596315771, 40.740446158103786], [-74.0095542473785, 40.740523100051284], [-74.00953710040599, 40.74055605283829], [-74.0095239531158, 40.740583223134], [-74.0095472923039, 40.74059304033329], [-74.0095521997277, 40.7406013038822], [-74.00954015954939, 40.74064592952221], [-74.0095650927923, 40.7406753596356], [-74.00956568593999, 40.74068356230771], [-74.00956427390248, 40.74068636480379], [-74.00955985150908, 40.74069197263041], [-74.00950838491809, 40.7407365997322], [-74.00951937453479, 40.74078827263641], [-74.0095198284641, 40.74079162969019], [-74.0094714123664, 40.7408166362691], [-74.0095143332244, 40.74088711994081], [-74.0095119767652, 40.74089252317949], [-74.0094708380456, 40.74093244245788], [-74.0094806976946, 40.74097237284201], [-74.0094791059008, 40.74097667199502], [-74.0094443581107, 40.74099198977812], [-74.0094428263988, 40.74099419704719], [-74.0094606833301, 40.74102393573538], [-74.0094605431339, 40.74102881739701], [-74.00945952052308, 40.74103105794318], [-74.0094549939322, 40.74103681705909], [-74.009420111255, 40.741069723554396], [-74.0094210579802, 40.741075040972504], [-74.00946324655389, 40.7411071396972], [-74.00946312638568, 40.74111132346389], [-74.0094336473303, 40.7411701515213], [-74.0094312528796, 40.741174929809105], [-74.0094269303213, 40.7411835552218], [-74.0093567586628, 40.74118198956061], [-74.0093344743405, 40.7412830426934], [-74.00929913963978, 40.74143778421699], [-74.00926944142118, 40.741565804521706], [-74.00926942367299, 40.7415658846683], [-74.00928795736029, 40.7415832422525], [-74.00933511102629, 40.741627403816004], [-74.0092867157903, 40.74169649824529], [-74.0093062768964, 40.741737148262885], [-74.00930560264298, 40.741741462647404], [-74.0092905242269, 40.7417618603533], [-74.0093131877, 40.7417967018476], [-74.00931337242208, 40.74180534400019], [-74.00931261537059, 40.741810225711006], [-74.00930727669488, 40.7418172528004], [-74.0092738233541, 40.74183873980041], [-74.0092488060155, 40.74187948165861], [-74.00926211616729, 40.74190548993782], [-74.0092690525144, 40.74191904291331], [-74.00926947530378, 40.74191987044529], [-74.00927042321308, 40.74192518786388], [-74.0092670271085, 40.74193008419489], [-74.0092669785757, 40.7419301535378], [-74.0092562741991, 40.741937384571], [-74.0092268519493, 40.741957258424584], [-74.00923418605969, 40.7419960985122], [-74.0092448102961, 40.74199997164149], [-74.0092536170586, 40.74200318484419], [-74.00925480463368, 40.742003617892685], [-74.0092589929646, 40.7420083209049], [-74.00925265405169, 40.7420511189183], [-74.009246976599, 40.7420571536729], [-74.00924362617789, 40.7420585722408], [-74.00924344858949, 40.7420586163798], [-74.0092356761346, 40.74206055309399], [-74.009233677631, 40.74206075316691], [-74.00921911862869, 40.7420622194587], [-74.0091842413437, 40.74211321166311], [-74.009185753559, 40.74211532953532], [-74.0092197268702, 40.74213691737961], [-74.00922126852879, 40.74213789700791], [-74.0092228995152, 40.742142707386485], [-74.0092128067689, 40.74220666941649], [-74.0092109613329, 40.742209329662295], [-74.0092063084606, 40.742210173809596], [-74.0091575338034, 40.742219026983015], [-74.0091004609145, 40.7422293864398], [-74.00908052327779, 40.742284189276596], [-74.00913703754398, 40.742292257852114], [-74.00914287480138, 40.742303029255105], [-74.00914356878269, 40.74230431062171], [-74.0091343882634, 40.74237316592669], [-74.00912052046348, 40.74247718190201], [-74.0091308741009, 40.74249305071822], [-74.00911958452059, 40.74255058501211], [-74.00906905477039, 40.742810251122606], [-74.0090638873037, 40.74283201948689], [-74.00905839674519, 40.742846093043404], [-74.0090539328099, 40.7428523140973], [-74.0090379064802, 40.74286974647168], [-74.0090336460929, 40.74287528222299], [-74.0090331240503, 40.74287596034579], [-74.0090272246358, 40.74288728018221], [-74.00899224024629, 40.74307882797321], [-74.0089883986954, 40.7430998641175], [-74.00898765452018, 40.74310393896991], [-74.00898060555619, 40.74314253435081], [-74.0089290621774, 40.743417414522824], [-74.00892157998129, 40.743457315667115], [-74.0089168166436, 40.743482722039715], [-74.0089167752334, 40.74348294176661], [-74.0088817542423, 40.74365334560729], [-74.0088668258244, 40.74372855890009], [-74.0088404322231, 40.743871169712], [-74.00883403389396, 40.743906024911084], [-74.0089008622275, 40.743906024911084], [-74.0090938542074, 40.74292187061919]]]}}, {"type": "Feature", "properties": {"layer": "road", "label": "roadbed", "method": "official current vector data"}, "geometry": {"type": "MultiPolygon", "coordinates": [[[[-74.0095402967797, 40.73928955369811], [-74.0095395632323, 40.73929290364689], [-74.0095384626622, 40.739296190590515], [-74.0095370069059, 40.73929939651791], [-74.0095352196391, 40.739302503416816], [-74.0095330890201, 40.739305493278216], [-74.009530650561, 40.7393083300788], [-74.009527916101, 40.739311013817506], [-74.00952489747411, 40.7393135084731], [-74.0095216183585, 40.7393158131431], [-74.0095211269577, 40.7393235647524], [-74.0095152454871, 40.739416276989104], [-74.0095212282244, 40.7394191076901], [-74.00952267628439, 40.7394200134808], [-74.0095323710656, 40.73942607939762], [-74.00953398966399, 40.73942736248681], [-74.009543876496, 40.739435202386524], [-74.00955327934699, 40.73944470826439], [-74.0095582055845, 40.73945265663519], [-74.0095622039129, 40.739462565487706], [-74.0095650859875, 40.7394737252377], [-74.0095659705541, 40.7394832210157], [-74.00956535082199, 40.7394876848829], [-74.0095636409278, 40.7394937283307], [-74.0095565293416, 40.7395117066527], [-74.00955102706139, 40.739523966618286], [-74.0095432473647, 40.739539338926214], [-74.0095173794917, 40.73958609811749], [-74.00946572117851, 40.73967541470751], [-74.00940872390649, 40.73976949809561], [-74.0093669073251, 40.73983392921151], [-74.00936083565199, 40.73983873391249], [-74.0093583589926, 40.739839522057885], [-74.0093506233852, 40.739840629410004], [-74.00930399898579, 40.73983872140988], [-74.009228820933, 40.739923955086894], [-74.0092166201213, 40.739937786957896], [-74.00918936329799, 40.73996868914881], [-74.00914013380819, 40.7400245038163], [-74.00910331225478, 40.74006624975511], [-74.00910221612088, 40.74006759610042], [-74.00907289984839, 40.740103589894815], [-74.00906246059229, 40.74011693533631], [-74.00905225689299, 40.7401299790884], [-74.00903608506118, 40.74015220848371], [-74.0090244009339, 40.74017026637458], [-74.00901291268458, 40.74019228377998], [-74.0090000852173, 40.7402217007582], [-74.0089868144911, 40.740256503704295], [-74.0089766250049, 40.740287429724006], [-74.0089725995235, 40.740304183977905], [-74.00896909795219, 40.7403254956585], [-74.00895942373108, 40.740411259834204], [-74.0089571343982, 40.74042301433512], [-74.008947006901, 40.7404750194233], [-74.0089368793879, 40.7405270245101], [-74.0089338991038, 40.74054232706289], [-74.0089267518591, 40.74057902959571], [-74.008919676773, 40.74061533049591], [-74.0089190970097, 40.74061806718259], [-74.00891820941519, 40.74062075076331], [-74.0089170258289, 40.74062338033641], [-74.00891270399349, 40.740637638403896], [-74.0088913728912, 40.74070800389591], [-74.008874493774, 40.74076368266619], [-74.0088742928411, 40.7407662131073], [-74.00887380775998, 40.74076872556011], [-74.0087701691387, 40.741155564424616], [-74.008767199102, 40.7411682708085], [-74.0087654796409, 40.7411744682306], [-74.0087636962766, 40.7411808961873], [-74.0087596488218, 40.74119343155661], [-74.00875506857429, 40.741205858905396], [-74.0087499555314, 40.74121816022341], [-74.0087443215324, 40.741230335509805], [-74.0087381784143, 40.741242366753305], [-74.00873151433468, 40.741254235944695], [-74.0087243529715, 40.741265934077006], [-74.0087166943232, 40.741277452145006], [-74.0087085502266, 40.7412887721376], [-74.00869992068058, 40.7412998850496], [-74.0086935524798, 40.74131101580041], [-74.00868658043491, 40.74132193947969], [-74.0086790282213, 40.74133262907039], [-74.00867089583738, 40.741343075567386], [-74.0086622069598, 40.7413532609585], [-74.0086529734244, 40.741363158227585], [-74.0086432070695, 40.7413727583685], [-74.0086045800173, 40.74142290510748], [-74.0085982611371, 40.7414311092006], [-74.0085699090193, 40.741467917747], [-74.0085702453823, 40.74146885244851], [-74.0085706008155, 40.74147077320391], [-74.0085711647696, 40.74147382137902], [-74.00857124829189, 40.7414788380986], [-74.0085704935709, 40.741483822462406], [-74.0085689136194, 40.74148869432408], [-74.0085665332901, 40.7414933735368], [-74.0085633916436, 40.74149778535551], [-74.00852568508809, 40.74154901431018], [-74.00852568508809, 40.74179717651006], [-74.0086155960629, 40.741674286280315], [-74.0086910033612, 40.74157359129839], [-74.0087041511617, 40.741555291097804], [-74.0087089571444, 40.741548601766695], [-74.0087147005806, 40.74154009514081], [-74.00872268125559, 40.74152827537898], [-74.00874571733789, 40.7414912843962], [-74.00878494614129, 40.741425988331], [-74.0087869121385, 40.741421832339995], [-74.0087934409996, 40.741408033368984], [-74.0087981731199, 40.74139803017302], [-74.0088770565791, 40.7412313015021], [-74.0089364189628, 40.74100448613981], [-74.00893975589469, 40.74099112235238], [-74.0089431875433, 40.7409777765676], [-74.0089466783877, 40.7409644307782], [-74.0089502639487, 40.7409511029914], [-74.0089539205473, 40.74093779320899], [-74.00895764818229, 40.740924492426096], [-74.0089614586931, 40.740911200641705], [-74.0089653520808, 40.740897926860804], [-74.0089693165047, 40.74088466207932], [-74.0089733638055, 40.7408714153012], [-74.0089774821425, 40.740858177522604], [-74.0089816833562, 40.74084495774749], [-74.00898596744548, 40.74083174697081], [-74.0089903225719, 40.74081855419851], [-74.0089947487356, 40.7408053794307], [-74.00899925777459, 40.7407922136612], [-74.00900384969019, 40.740779065895175], [-74.0090085126429, 40.740765936133585], [-74.00901325847198, 40.740752824375406], [-74.0090180753369, 40.74073972161649], [-74.0090229632387, 40.740726636862014], [-74.0090279340181, 40.74071357911601], [-74.00903298767258, 40.74070053036821], [-74.0090364885592, 40.740691630379494], [-74.0090381123639, 40.74068749962479], [-74.0090433080908, 40.74067447788071], [-74.0090485866951, 40.74066148314501], [-74.009053936336, 40.74064850641359], [-74.00905936885312, 40.74063554768561], [-74.0090648724068, 40.740622606961814], [-74.00907045883649, 40.740609684241306], [-74.00907611630268, 40.7405967795252], [-74.0090818448055, 40.7405838928132], [-74.0090876561854, 40.7405710331097], [-74.0090935386005, 40.740558182405195], [-74.0090994920533, 40.74054535871001], [-74.0091055283817, 40.740532553018184], [-74.0091116357478, 40.7405197743356], [-74.0091178259895, 40.740507013656185], [-74.0091240754282, 40.74049427098191], [-74.0091304077424, 40.740481546310804], [-74.00913682293348, 40.74046884864799], [-74.0091432973213, 40.74045616899018], [-74.0091498545858, 40.74044351634069], [-74.00915649472569, 40.74043088169449], [-74.0091631940637, 40.7404182740582], [-74.009169976277, 40.7404056844251], [-74.00917682952749, 40.74039312180121], [-74.00918375381518, 40.74038058618639], [-74.0091907491387, 40.7403680685756], [-74.00919782733878, 40.740355577973006], [-74.0092049647354, 40.7403431053753], [-74.0092121850083, 40.740330659785705], [-74.0092194763183, 40.740318241205195], [-74.0092268386653, 40.740305849633806], [-74.00923428388728, 40.740293476065396], [-74.00924178830688, 40.7402811295069], [-74.00924937560269, 40.7402688099565], [-74.0092570220961, 40.740256517416], [-74.00926475146568, 40.7402442518835], [-74.0095576124524, 40.739774523270995], [-74.00956504572989, 40.739762257742214], [-74.0095723961275, 40.73974997420951], [-74.0095796636426, 40.739737654662996], [-74.0095868601171, 40.739725317111805], [-74.00959397370909, 40.7397129435467], [-74.0096010044213, 40.739700551977904], [-74.00960796409178, 40.739688133399305], [-74.0096148408812, 40.739675687812095], [-74.0096216466289, 40.73966321521511], [-74.0096283694957, 40.73965071560931], [-74.0096350094828, 40.739638198000016], [-74.0096415665891, 40.739625653381914], [-74.0096480526538, 40.73961308175421], [-74.009654455839, 40.739600492122904], [-74.00966077614349, 40.739587875483], [-74.00966701356859, 40.7395752408395], [-74.0096731799522, 40.7395625791864], [-74.00967926345518, 40.73954989052461], [-74.0096852640789, 40.739537183859404], [-74.00969118182329, 40.739524459190584], [-74.0096970166873, 40.73951170751331], [-74.0097027805113, 40.73949893783149], [-74.00970844961698, 40.73948615014721], [-74.0097140476815, 40.7394733354534], [-74.009719562867, 40.739460502756096], [-74.0097249951722, 40.73944764305028], [-74.0097303445998, 40.7394347743462], [-74.0097354691784, 40.73942257203628], [-74.0097403332842, 40.73941030671281], [-74.0097449369188, 40.7393979873806], [-74.00974928008199, 40.73938561403971], [-74.009753350935, 40.73937318669141], [-74.0097571494778, 40.7393607053354], [-74.00976068755249, 40.73934818798119], [-74.0097639533174, 40.73933561661941], [-74.0097669586157, 40.73932301826441], [-74.0097696797666, 40.73931037490799], [-74.0097721404513, 40.73929770455841], [-74.00977432882938, 40.739284998211595], [-74.0097762449036, 40.739272273877596], [-74.0097778768351, 40.739259531557614], [-74.00977924830089, 40.73924676224449], [-74.00979612175095, 40.73904022164566], [-74.00955919320478, 40.73904022164566], [-74.0095402967797, 40.73928955369811]]], [[[-74.0085415154538, 40.74186495889159], [-74.00852568508809, 40.74182703675162], [-74.00852568508809, 40.74188699953848], [-74.0085415154538, 40.74186495889159]]]]}}, {"type": "Feature", "properties": {"layer": "road", "label": "roadbed", "method": "official current vector data"}, "geometry": {"type": "Polygon", "coordinates": [[[-74.0085564322302, 40.742372300815795], [-74.0085742386731, 40.7423687361844], [-74.008576587608, 40.74236826594471], [-74.0085835823871, 40.742367392832094], [-74.0085894998446, 40.74236722399591], [-74.0085979784421, 40.742368712801905], [-74.0085983821848, 40.74236878391181], [-74.0086096433615, 40.74237221130102], [-74.00861624203569, 40.74237539590101], [-74.00861697377469, 40.74237574884502], [-74.0086258093258, 40.742381694231995], [-74.00861659742678, 40.74217560125601], [-74.0086124487687, 40.742184440044085], [-74.008605665326, 40.74219889459161], [-74.0086038034592, 40.7422028614647], [-74.0086000499339, 40.742209309376285], [-74.0085958665057, 40.7422148099864], [-74.0085888595118, 40.7422218299625], [-74.00858356312789, 40.74222713704612], [-74.0085745374207, 40.7422337924664], [-74.00856700427198, 40.7422371654264], [-74.0085576205583, 40.7422403548201], [-74.0085540924498, 40.7422412411813], [-74.0085479691689, 40.74224277970221], [-74.0085405517469, 40.74224381493541], [-74.00852568508809, 40.74224342364164], [-74.00852568508809, 40.74237916745939], [-74.0085564322302, 40.742372300815795]]]}}, {"type": "Feature", "properties": {"layer": "road", "label": "roadbed", "method": "official current vector data"}, "geometry": {"type": "Polygon", "coordinates": [[[-74.0101858748208, 40.739390054466604], [-74.01020109288912, 40.739390087338606], [-74.0102284058531, 40.739390147050415], [-74.010279439777, 40.73939025867089], [-74.0102874501751, 40.739390379524], [-74.0103017779666, 40.7393905952652], [-74.0102919230358, 40.73942884700381], [-74.01028746441459, 40.73945191660339], [-74.0102864043866, 40.73946451930049], [-74.01028517507989, 40.739500266856396], [-74.0102840893425, 40.7395150586894], [-74.0102808800797, 40.7395326089665], [-74.0102750668365, 40.739554334228515], [-74.0102666946167, 40.739580354238605], [-74.01025529952429, 40.7396120035896], [-74.01024224808738, 40.739643469383005], [-74.0102236416518, 40.73968247831888], [-74.01019919261219, 40.7397297094023], [-74.0101676711957, 40.7397874239123], [-74.0100963974676, 40.7399101351303], [-74.0100921624856, 40.73991742510931], [-74.0100755565387, 40.7399473972522], [-74.01006317038889, 40.7399714950139], [-74.01005167567361, 40.73999523519491], [-74.01004279033829, 40.740011200165895], [-74.0100340607509, 40.7400236702534], [-74.0100259958713, 40.74003177912481], [-74.0100175671191, 40.74003719731108], [-74.01000933109938, 40.74004097565611], [-74.0100026882146, 40.7400418803428], [-74.0100333297676, 40.74019327098319], [-74.01004397103078, 40.74017818475532], [-74.01005163011659, 40.740164077638404], [-74.0100623886991, 40.740141941326], [-74.01011061275219, 40.740034193189885], [-74.0101788656076, 40.739914096405386], [-74.0102116112673, 40.73985647723862], [-74.01024878443108, 40.739781426545115], [-74.0103322467759, 40.73962419498439], [-74.01037532676528, 40.7395600659727], [-74.010385633749, 40.739543467789986], [-74.0103910829691, 40.7395335680195], [-74.01039280626678, 40.739530437699905], [-74.0104171914078, 40.73947719209029], [-74.0104315828047, 40.73934668383681], [-74.0104330948847, 40.739332968069796], [-74.0104028103956, 40.739325836989494], [-74.01037792950049, 40.7393199778315], [-74.0103568100461, 40.73931500442911], [-74.0103553668202, 40.73931479023809], [-74.0103464647569, 40.739313471795], [-74.0103360070805, 40.73931248217589], [-74.0103085247771, 40.7393119614449], [-74.0102936310809, 40.73931168001812], [-74.0102758119218, 40.73931134211851], [-74.0102620914891, 40.73931108219501], [-74.0102369355868, 40.739310605364416], [-74.01021316963849, 40.739310371542], [-74.0101822895338, 40.73931006810451], [-74.01018187753058, 40.7393100636385], [-74.0101646764019, 40.73930989406191], [-74.0101585542018, 40.73930874645509], [-74.010156947583, 40.7393084449269], [-74.0101494743932, 40.73930636001051], [-74.01014234918229, 40.7393036663199], [-74.01013565482889, 40.739300394465005], [-74.0101294753975, 40.739296584961586], [-74.0101238831137, 40.739292283729], [-74.0101189466527, 40.73928754299093], [-74.01011472521878, 40.739282419474016], [-74.0100920550979, 40.7393492931514], [-74.0100707032273, 40.73941227831708], [-74.01007509135388, 40.73940795729819], [-74.0100800939937, 40.739404039652705], [-74.0100856484069, 40.73940057671489], [-74.0100901469557, 40.739398366475285], [-74.0100916835653, 40.73939761171541], [-74.010098121336, 40.739395183382676], [-74.0101048812176, 40.739393321440595], [-74.0101118756039, 40.7393920502105], [-74.0101190168878, 40.73939138590901], [-74.01013179012459, 40.739391129041586], [-74.01015722294218, 40.7393906171135], [-74.0101636385665, 40.7393904886753], [-74.0101852769428, 40.739390053619005], [-74.0101858748208, 40.739390054466604]]]}}, {"type": "Feature", "properties": {"layer": "road", "label": "roadbed", "method": "official current vector data"}, "geometry": {"type": "Polygon", "coordinates": [[[-74.0107446269224, 40.740551714100405], [-74.0110566141398, 40.74057094821729], [-74.0110817364211, 40.7405799328656], [-74.0110697089724, 40.74064510013769], [-74.0111077902309, 40.740651392817604], [-74.01136098231758, 40.74067702536888], [-74.01137331061149, 40.74061422457031], [-74.0113756447655, 40.7405970075396], [-74.01137916609729, 40.74057104286312], [-74.01138554066898, 40.74052403034549], [-74.0113835735186, 40.74047183983461], [-74.011382800459, 40.7404513497662], [-74.0113819548506, 40.740428933519794], [-74.011306257021, 40.740425534358415], [-74.01129944579138, 40.740425228854505], [-74.0111497858181, 40.740418507648975], [-74.011126084449, 40.74041744284039], [-74.0110813166665, 40.74051203104891], [-74.01101460619059, 40.74050966821498], [-74.0109965699974, 40.7405090296783], [-74.01071434517489, 40.74049903453998], [-74.010700013545, 40.740498527086125], [-74.0102677075206, 40.74048321549999], [-74.01020373256549, 40.7404923091077], [-74.0099241771386, 40.74047848824218], [-74.00989260616188, 40.74046955792601], [-74.0098430634844, 40.74045554397381], [-74.00983002613799, 40.740448545443805], [-74.0098256225423, 40.74044488435668], [-74.0098238875805, 40.74044151660719], [-74.00982211324168, 40.7404360659874], [-74.0098206827879, 40.740426271290694], [-74.009821473938, 40.740420151375105], [-74.00982381904589, 40.740410313131996], [-74.0098599693882, 40.7403708687191], [-74.0099607544346, 40.7402699437832], [-74.00999764019419, 40.74023285228849], [-74.01001744658319, 40.74021188495372], [-74.0100333297676, 40.74019327098319], [-74.0100026882146, 40.7400418803428], [-74.009994616122, 40.7400414091779], [-74.0099847904671, 40.740039838645004], [-74.00996922486519, 40.74003650271328], [-74.0099691585631, 40.74003648831089], [-74.009956562305, 40.74003349341272], [-74.0099290040771, 40.74002597835651], [-74.0099230627898, 40.74002371319198], [-74.0099070777704, 40.74001826739911], [-74.009905102879, 40.740017594889984], [-74.00989524855028, 40.740014238645706], [-74.00988597791039, 40.740010960694505], [-74.0098825455603, 40.74000999024211], [-74.0098763947989, 40.7400082518901], [-74.0098665595983, 40.740006128436306], [-74.00985653505859, 40.7400046038353], [-74.00984638274518, 40.74000368798741], [-74.00983616659069, 40.74000338629012], [-74.0098259517109, 40.740003699638415], [-74.0098158020377, 40.74000462802681], [-74.0098057791339, 40.74000616424599], [-74.0097959492979, 40.7400082992854], [-74.0097923836392, 40.74001055085731], [-74.0097883751201, 40.740012317993695], [-74.00978403383859, 40.74001355025681], [-74.00977948291819, 40.74001421341699], [-74.0097748514044, 40.74001428945291], [-74.00977026834498, 40.74001377475171], [-74.0097658616065, 40.74001268461102], [-74.0097617566899, 40.740011049637594], [-74.0097595319015, 40.7400097630011], [-74.00975806844289, 40.74000891574769], [-74.00975490105999, 40.74000634326631], [-74.00975234334629, 40.74000340422679], [-74.00974121583428, 40.740085878141116], [-74.0097377341199, 40.7401116824756], [-74.00974887470528, 40.74010229554409], [-74.00976322245299, 40.7400922374615], [-74.00977921590639, 40.7400825133256], [-74.0097914734067, 40.740076396938015], [-74.00980307894699, 40.7400729100862], [-74.0098327153117, 40.7400666643411], [-74.00984128839669, 40.7400684123941], [-74.0098496378, 40.7400707034715], [-74.0098577031389, 40.74007352136952], [-74.00986249361948, 40.74007558222069], [-74.009865428766, 40.74007684538119], [-74.00987275903319, 40.740080652998685], [-74.0098810375951, 40.7400842363081], [-74.00988619045869, 40.74008696620421], [-74.0098888545082, 40.74008837707061], [-74.0098961446519, 40.74009304197309], [-74.0099028464558, 40.7400981913988], [-74.00990449589528, 40.7400997131145], [-74.00990890426898, 40.7401037821282], [-74.0099142683596, 40.740109770040696], [-74.0099188949145, 40.7401161029109], [-74.0099209554802, 40.7401196507326], [-74.0099227436723, 40.74012272941331], [-74.0099257850265, 40.740129594619695], [-74.00992761286639, 40.74013654818032], [-74.0099286297289, 40.7401435972647], [-74.00992882850188, 40.7401506869424], [-74.0099282056255, 40.740157763183305], [-74.0099267681944, 40.7401647692549], [-74.00992452567219, 40.74017165292681], [-74.00992149580908, 40.7401783592666], [-74.0099177034603, 40.74018483784362], [-74.0099131758481, 40.74019103732648], [-74.0098558700712, 40.7402472140969], [-74.00978860843568, 40.7403109622508], [-74.00975070103549, 40.74034978634069], [-74.00973488040061, 40.74036783474791], [-74.0097219116828, 40.74038470414799], [-74.00971291447608, 40.74039757856081], [-74.0097065772615, 40.74040835546698], [-74.00970323499, 40.74041631803501], [-74.0097001673223, 40.74043194119591], [-74.00969946897558, 40.740449403893706], [-74.0097013037609, 40.7404635020825], [-74.00970325104659, 40.7404696496823], [-74.0097055970952, 40.74047426098281], [-74.009711461067, 40.74048195352282], [-74.00971944084709, 40.7404904230217], [-74.009728151025, 40.74049825579969], [-74.0097362073727, 40.74050403997801], [-74.0097427124084, 40.7405073866136], [-74.0097511034536, 40.74051071958151], [-74.0097709861252, 40.7405163550721], [-74.0097976858446, 40.740521562238214], [-74.0098371437675, 40.74052742657969], [-74.01004663782749, 40.74055099277821], [-74.0102638823791, 40.740545693042], [-74.0107446269224, 40.740551714100405]]]}}, {"type": "Feature", "properties": {"layer": "road", "label": "roadbed", "method": "official current vector data"}, "geometry": {"type": "Polygon", "coordinates": [[[-74.00859654882359, 40.739419709043524], [-74.0085966020999, 40.73941970903961], [-74.00907118137059, 40.739412431645086], [-74.0093022379966, 40.73941131098751], [-74.009475019942, 40.73941078901169], [-74.00949746488159, 40.73941249092261], [-74.0095038049105, 40.73941356830691], [-74.00951077124708, 40.73941475279959], [-74.0095152454871, 40.739416276989104], [-74.0095211269577, 40.7393235647524], [-74.0095216183585, 40.7393158131431], [-74.0095205517415, 40.73931644718851], [-74.0095181024289, 40.739317903511704], [-74.0095143733622, 40.73931976787049], [-74.00951045483399, 40.73932138910771], [-74.00950638236068, 40.73932275821551], [-74.00950303910979, 40.7393236418894], [-74.0095021559422, 40.7393238751937], [-74.00949783477189, 40.73932472202729], [-74.0094934306876, 40.7393252897103], [-74.0094301102003, 40.73932559928552], [-74.00942051338879, 40.739325646897505], [-74.00935200026231, 40.73932605771139], [-74.0092834871348, 40.7393264684846], [-74.0092250751645, 40.739326818974504], [-74.0092149740065, 40.739326879216904], [-74.0091464608774, 40.739327289908495], [-74.00907794774739, 40.73932770055938], [-74.00900943461649, 40.73932811116949], [-74.00894092148489, 40.7393285217388], [-74.0088724083536, 40.73932894127241], [-74.0088038952202, 40.73932935176019], [-74.0087348256835, 40.7393300504119], [-74.00866574430728, 40.73933075802822], [-74.00859667476779, 40.73933145659701], [-74.0085423236461, 40.739332012653506], [-74.0085275933887, 40.7393321641304], [-74.00852568508809, 40.739332183425354], [-74.00852568508809, 40.73942013077612], [-74.00859654882359, 40.739419709043524]]]}}, {"type": "Feature", "properties": {"layer": "road", "label": "roadbed", "method": "official current vector data"}, "geometry": {"type": "Polygon", "coordinates": [[[-74.0088404322231, 40.743871169712], [-74.0088668258244, 40.74372855890009], [-74.0088817542423, 40.74365334560729], [-74.0089167752334, 40.74348294176661], [-74.0089168166436, 40.743482722039715], [-74.00892157998129, 40.743457315667115], [-74.0089290621774, 40.743417414522824], [-74.00898060555619, 40.74314253435081], [-74.00898765452018, 40.74310393896991], [-74.0089883986954, 40.7430998641175], [-74.00899224024629, 40.74307882797321], [-74.0090272246358, 40.74288728018221], [-74.0090331240503, 40.74287596034579], [-74.0090336460929, 40.74287528222299], [-74.0090379064802, 40.74286974647168], [-74.0090539328099, 40.7428523140973], [-74.00905839674519, 40.742846093043404], [-74.0090638873037, 40.74283201948689], [-74.00906905477039, 40.742810251122606], [-74.00911958452059, 40.74255058501211], [-74.0091308741009, 40.74249305071822], [-74.00912052046348, 40.74247718190201], [-74.0091343882634, 40.74237316592669], [-74.00913287599438, 40.74237068785099], [-74.00912415054779, 40.742356384887614], [-74.0091111959591, 40.742342020123225], [-74.00910512858198, 40.7423367535369], [-74.0091002928241, 40.742333614751395], [-74.00909171687319, 40.74233021151191], [-74.0090772612224, 40.74232598657251], [-74.0090690561584, 40.74232480485319], [-74.00906591147579, 40.742324352145815], [-74.00903800242068, 40.742320333575606], [-74.0090143154829, 40.742316922510504], [-74.0090125418634, 40.7423166669053], [-74.00899874244139, 40.742314679664894], [-74.0089883463433, 40.74230834721029], [-74.0089844482911, 40.74230517232631], [-74.00898105191528, 40.742299575939384], [-74.00897680252599, 40.74228984719171], [-74.0089505772421, 40.74241909451909], [-74.0089587905353, 40.74241096680361], [-74.00896084574259, 40.74240974105351], [-74.00896189944969, 40.7424095446609], [-74.0089629531568, 40.74240934826832], [-74.00897287517168, 40.742411906736805], [-74.00897492828179, 40.742412690918414], [-74.0089953599265, 40.74242049491969], [-74.00899939161138, 40.7424224613123], [-74.0090113114284, 40.74242827585489], [-74.0090181506254, 40.74243258334549], [-74.00902257323638, 40.7424361318976], [-74.0090228065039, 40.74243631918482], [-74.00902316411748, 40.7424367207829], [-74.00902622041009, 40.74244014697302], [-74.0090278724698, 40.74244324909051], [-74.0090301118402, 40.742455534533406], [-74.00902193225409, 40.742502706438806], [-74.0089676993045, 40.742784589206714], [-74.0089172471115, 40.743045628509094], [-74.008904654707, 40.743110782068314], [-74.0089021642497, 40.743124445654104], [-74.0088496597216, 40.74341243904841], [-74.008845828759, 40.7434334508725], [-74.00883558830799, 40.743485981833416], [-74.0087808788242, 40.743766622711505], [-74.0087722982945, 40.7438106374436], [-74.00876222755399, 40.743894081884896], [-74.00875941385311, 40.743906024911084], [-74.00883403389396, 40.743906024911084], [-74.0088404322231, 40.743871169712]]]}}, {"type": "Feature", "properties": {"layer": "road", "label": "roadbed", "method": "official current vector data"}, "geometry": {"type": "Polygon", "coordinates": [[[-74.0085540721978, 40.7414474566986], [-74.0085586936267, 40.741451035871385], [-74.0085626805109, 40.741455032926716], [-74.0085642353058, 40.7414570886691], [-74.0085659689083, 40.7414593821321], [-74.0085685031642, 40.7414640132522], [-74.0085699090193, 40.741467917747], [-74.0085982611371, 40.7414311092006], [-74.0086045800173, 40.74142290510748], [-74.0086432070695, 40.7413727583685], [-74.008640697288, 40.74137427140909], [-74.00863959628529, 40.741374829806205], [-74.00863802173208, 40.74137562237071], [-74.00863520407968, 40.741376802246606], [-74.0086325367544, 40.74137771375992], [-74.0086322798483, 40.74137780202891], [-74.0086292490365, 40.7413786127126], [-74.0086261471619, 40.741379225290004], [-74.00862298606398, 40.74137963976009], [-74.0086197894219, 40.74137985612119], [-74.0086165809146, 40.741379874371525], [-74.008615626642, 40.74137981771091], [-74.00861338422, 40.74137968550421], [-74.0086102111778, 40.741379289518406], [-74.0086070973086, 40.74137870442148], [-74.00860405445118, 40.7413779212076], [-74.0086011181249, 40.74137694887911], [-74.0085982883313, 40.7413757964412], [-74.00852568508809, 40.74134526205576], [-74.00852568508809, 40.74143604328418], [-74.0085540721978, 40.7414474566986]]]}}, {"type": "Feature", "properties": {"layer": "road", "label": "roadbed", "method": "official current vector data"}, "geometry": {"type": "Polygon", "coordinates": [[[-74.0085758734327, 40.7406192729242], [-74.0086273005646, 40.74064064442501], [-74.008635322182, 40.74064397840242], [-74.008662406246, 40.7406552300081], [-74.0086828220122, 40.74066371124949], [-74.00872526025428, 40.74068134627852], [-74.0087542209958, 40.74069338026119], [-74.0088136686925, 40.74071807754251], [-74.0088313932494, 40.7407254153191], [-74.0088491429117, 40.740734550503696], [-74.0088588743843, 40.74073955927759], [-74.0088614674273, 40.740741161981084], [-74.0088634554567, 40.740742614346395], [-74.00886387106019, 40.740742917785404], [-74.00886606160559, 40.74074483569741], [-74.0088680272204, 40.74074688870271], [-74.00886975606268, 40.74074905879219], [-74.0088712244526, 40.740751336962596], [-74.0088724442258, 40.74075369619781], [-74.0088733798642, 40.7407561365006], [-74.0088740313627, 40.74075862185061], [-74.0088744105598, 40.7407611432419], [-74.008874493774, 40.74076368266619], [-74.0088913728912, 40.74070800389591], [-74.00891270399349, 40.740637638403896], [-74.0089170258289, 40.74062338033641], [-74.00891554624448, 40.7406259108767], [-74.0089137943409, 40.74062834238221], [-74.0089117819538, 40.74063064783671], [-74.0089095090821, 40.74063281823539], [-74.00890763274009, 40.74063431952631], [-74.0089069994008, 40.74063482656089], [-74.0089042765886, 40.74063667281162], [-74.0089013524815, 40.74063832997119], [-74.00889826259748, 40.740639798037016], [-74.0088955077135, 40.7406408572466], [-74.00889500693319, 40.74064104999382], [-74.0088916328472, 40.7406420948429], [-74.0088881521765, 40.740642914573414], [-74.0088845885988, 40.74064350017821], [-74.00888097763341, 40.74064386065981], [-74.0088776105259, 40.740643968980294], [-74.00887733111749, 40.74064397800691], [-74.0088736964098, 40.740643861221216], [-74.0088700853496, 40.74064351030161], [-74.00886652161589, 40.740642925246284], [-74.0088630288874, 40.740642106053514], [-74.0088596545242, 40.74064107163029], [-74.0088153964988, 40.7406229829343], [-74.0087571909582, 40.740599204977094], [-74.00869897361979, 40.740575426991214], [-74.00864076816109, 40.740551639969915], [-74.00863877430518, 40.740550825160305], [-74.0086089860571, 40.740538656134106], [-74.00858256274509, 40.74052786192419], [-74.00852568508809, 40.74050400217964], [-74.00852568508809, 40.74059841996167], [-74.0085758734327, 40.7406192729242]]]}}, {"type": "Feature", "properties": {"layer": "road", "label": "roadbed", "method": "official current vector data"}, "geometry": {"type": "Polygon", "coordinates": [[[-74.00983610919249, 40.7390855314324], [-74.00983080283909, 40.73913323086961], [-74.009828271214, 40.7391464235211], [-74.00982562119529, 40.739159607177704], [-74.009822852783, 40.73917278183911], [-74.0098199778135, 40.739185929494305], [-74.00981698445139, 40.73919907715949], [-74.009813872693, 40.739212197819505], [-74.0098106425405, 40.73922530948438], [-74.0098073058306, 40.739238394143015], [-74.00980385072668, 40.739251469806604], [-74.0098002890664, 40.739264527468784], [-74.0097966090107, 40.73927756713089], [-74.0097928105594, 40.739290588792784], [-74.0097888937111, 40.73930358344938], [-74.0097848703077, 40.739316569109704], [-74.00978074034622, 40.73932952776379], [-74.009776491989, 40.7393424684176], [-74.0097721252346, 40.739355382065995], [-74.0097676400842, 40.73936827771411], [-74.0097630602148, 40.73938114635481], [-74.00975835011019, 40.739393996996185], [-74.0097535452865, 40.73940682063031], [-74.00974861022611, 40.73941961725979], [-74.0097435804465, 40.739432386882015], [-74.0097384204313, 40.739445138504685], [-74.00973316569548, 40.73945785411488], [-74.0097277925633, 40.739470551724686], [-74.0097223839167, 40.73948328535751], [-74.0097168687115, 40.73949599198391], [-74.00971127062718, 40.73950868060669], [-74.00970556598419, 40.7395213422231], [-74.0096997784608, 40.739533976830806], [-74.0096938962189, 40.73954659343621], [-74.00968790741689, 40.7395591740298], [-74.0096818357355, 40.739571736619894], [-74.0096756693344, 40.7395842722025], [-74.00966940821348, 40.73959678077741], [-74.0096630523713, 40.739609253339495], [-74.0096566018104, 40.7396217078992], [-74.0096500565283, 40.73963412644599], [-74.0096434165274, 40.73964652699031], [-74.0096366936444, 40.739658891520804], [-74.009629864202, 40.7396712290445], [-74.0096229518773, 40.73968353055449], [-74.0096159566718, 40.73969580505569], [-74.0096088549066, 40.73970805255022], [-74.00960167026048, 40.73972027303581], [-74.00959439089259, 40.739732457508715], [-74.0095870168032, 40.7397446059686], [-74.00953914772339, 40.73982231023041], [-74.00952842977838, 40.7398397080213], [-74.00927775136698, 40.74024662817631], [-74.00926993912059, 40.74025886670101], [-74.009262197911, 40.7402711322347], [-74.0092545277383, 40.74028342477741], [-74.00924694044168, 40.74029574432819], [-74.00923942418198, 40.74030809088789], [-74.0092319789581, 40.740320455451595], [-74.0092246166117, 40.7403328560284], [-74.0092173253011, 40.74034527460919], [-74.00921010502869, 40.74035772920411], [-74.00920296763158, 40.740370201802094], [-74.0091959012715, 40.74038270140909], [-74.009188917788, 40.74039522802429], [-74.00918200534029, 40.740407772643614], [-74.00917516392978, 40.74042034427201], [-74.009168405396, 40.7404329429085], [-74.0091617297375, 40.74044555954818], [-74.0091551251164, 40.740458203197], [-74.0091485915314, 40.74047086485], [-74.00914214082309, 40.740483553511204], [-74.00913576115218, 40.7404962691816], [-74.0091294643569, 40.74050900285521], [-74.0091232504373, 40.740521754532004], [-74.0091170957158, 40.74053453321901], [-74.0091110357094, 40.74054732990831], [-74.0091050467405, 40.74056015360678], [-74.0090991406475, 40.74057299530862], [-74.0090933055909, 40.74058585501461], [-74.00908755341018, 40.7405987327239], [-74.0090818722672, 40.740611637442505], [-74.0090762740002, 40.74062456016449], [-74.0090707586092, 40.74063750088979], [-74.0090653260942, 40.7406504596183], [-74.00905996461589, 40.7406634363512], [-74.00905467417549, 40.74067644009339], [-74.0090494784494, 40.74068945283301], [-74.0090486050038, 40.7406916744532], [-74.0090443537615, 40.7407024925819], [-74.00903930010898, 40.74071554133022], [-74.0090343411723, 40.74072860808082], [-74.0090294532738, 40.7407417018409], [-74.0090246482504, 40.740754804599305], [-74.00901991426399, 40.74076792536209], [-74.00901526315408, 40.7407810641283], [-74.0090106949194, 40.7407942118929], [-74.0090062095626, 40.740807386666106], [-74.00900180708109, 40.74082057043759], [-74.0089974756369, 40.740833772213506], [-74.008993227068, 40.740846982987904], [-74.008989061376, 40.74086021176571], [-74.0089849667213, 40.740873458548], [-74.00898096678279, 40.74088672333289], [-74.00897703788058, 40.740899997117], [-74.00897319185398, 40.74091327989969], [-74.0089694287044, 40.74092658068591], [-74.0089657484307, 40.740939890470614], [-74.0089621391945, 40.740953218259804], [-74.0088318439002, 40.741436482856614], [-74.00882711396528, 40.74145402510049], [-74.00882586314161, 40.74145866551018], [-74.00882392595818, 40.741465822890206], [-74.0088225260263, 40.74147099371011], [-74.008818608758, 40.741483213893396], [-74.00881408765639, 40.741495317056916], [-74.0088094917891, 40.741506098281285], [-74.0088089863977, 40.7415072851885], [-74.00880331682, 40.741519109282216], [-74.0087970789195, 40.741530762322604], [-74.0087940818443, 40.7415360476285], [-74.0087901188864, 40.7415430367677], [-74.0087834903712, 40.74155541024301], [-74.00877733896688, 40.7415676269932], [-74.00877720521478, 40.741567891752496], [-74.0087712634162, 40.741580472291304], [-74.008765676814, 40.74159314285339], [-74.00876043356858, 40.74160590343991], [-74.0087555455175, 40.74161873603961], [-74.0087510008226, 40.74163164965869], [-74.0087468231606, 40.74164462628521], [-74.00874300069358, 40.7416576749251], [-74.00870842399749, 40.741799345339615], [-74.0087025393179, 40.74182345596429], [-74.00866065656018, 40.74199507147819], [-74.00861659742678, 40.74217560125601], [-74.0086258093258, 40.742381694231995], [-74.00863345271878, 40.742388395233114], [-74.0086378613369, 40.7423937808356], [-74.0086397846835, 40.7423982472066], [-74.0086410534345, 40.7424037906333], [-74.0086416520768, 40.74240947458931], [-74.0086414787543, 40.74241503253221], [-74.0086386680539, 40.74242450877962], [-74.0086245602862, 40.742473502827394], [-74.0086157264293, 40.74250820723192], [-74.008611566692, 40.74251393116621], [-74.0086114045167, 40.7425141545041], [-74.0086066097643, 40.7425167429201], [-74.00859486051078, 40.742520507017005], [-74.0085911927683, 40.742522082277596], [-74.00858855282378, 40.74252451384381], [-74.0085832507144, 40.7425315156819], [-74.00852568508809, 40.74279054251978], [-74.00852568508809, 40.74356134522358], [-74.0085531442262, 40.7434039759796], [-74.0085537242113, 40.743402661196306], [-74.0085544462797, 40.74340138242269], [-74.0085549965168, 40.743398912291205], [-74.0085554651056, 40.743396807771504], [-74.00856060656409, 40.743373713887394], [-74.0085614632761, 40.7433698641563], [-74.0085625627555, 40.74335719484159], [-74.0085669162549, 40.74332941747871], [-74.00856744861159, 40.7433260180251], [-74.0085681962786, 40.74332125698891], [-74.008569767326, 40.74331125854271], [-74.0085705249416, 40.743310204893106], [-74.00857141280261, 40.74330920526418], [-74.0085723953906, 40.7433082686638], [-74.0085734963853, 40.74330739509011], [-74.00857468026939, 40.743306602555705], [-74.008575947043, 40.743305891060814], [-74.008577296706, 40.74330526060542], [-74.00857871742089, 40.743304729200425], [-74.0085801855068, 40.743304287842584], [-74.0085817009649, 40.743303945537015], [-74.00858325195648, 40.74330371128949], [-74.0085848266394, 40.74330356709098], [-74.00858641317731, 40.743303539957495], [-74.00858798788799, 40.7433036118806], [-74.0085895507717, 40.74330378286032], [-74.00859108998968, 40.7433040619027], [-74.0086078325926, 40.74331210578179], [-74.0086180036667, 40.7433169920725], [-74.0086273932625, 40.74332150200889], [-74.0086296077043, 40.7433244915262], [-74.00863150248648, 40.74332760713838], [-74.00863307760518, 40.74333082183029], [-74.0086343212196, 40.743334126597794], [-74.0086352333247, 40.743337485420504], [-74.0086357902398, 40.74334088929518], [-74.0086360038023, 40.743344320210895], [-74.0086358740086, 40.7433477511523], [-74.0086310901396, 40.74336168685691], [-74.0086309469313, 40.743362105603396], [-74.0086267252426, 40.7433744068453], [-74.0086214149585, 40.743410215003394], [-74.00861954470568, 40.7434228276443], [-74.00861961596759, 40.743424547607304], [-74.00861952147119, 40.743426267582805], [-74.0086192375342, 40.7434279695622], [-74.0086186707869, 40.74343092957118], [-74.00858605847449, 40.743601266505216], [-74.0085378573063, 40.743853023918284], [-74.008536443236, 40.7438593023575], [-74.00853528594659, 40.7438644425369], [-74.0085262725729, 40.743904470737895], [-74.00852600069953, 40.743906024911084], [-74.0086555473475, 40.743906024911084], [-74.0086579469516, 40.7438932865213], [-74.00865963771608, 40.743884314643594], [-74.0086731238176, 40.74381451263422], [-74.0087384750438, 40.743476261067805], [-74.0087388891585, 40.7434741151282], [-74.00874584747008, 40.743438106026886], [-74.0087522413939, 40.74340500380449], [-74.008752394025, 40.7434042167498], [-74.0087781140085, 40.7432710937419], [-74.00880960981338, 40.743114551698106], [-74.0088096287445, 40.74311445624289], [-74.00880989614879, 40.74311312797461], [-74.0088153590038, 40.7430859790704], [-74.0088156713695, 40.743084425671896], [-74.0088182199896, 40.74307175534259], [-74.00882134719498, 40.743056209650085], [-74.0088257309593, 40.74303441524271], [-74.0088260516068, 40.743032820420204], [-74.0088268443517, 40.743028877039094], [-74.0089071636136, 40.74263305027], [-74.0089359506717, 40.7424911812499], [-74.0089505772421, 40.74241909451909], [-74.00897680252599, 40.74228984719171], [-74.0089821966514, 40.74226326289979], [-74.0089828604164, 40.742259994007114], [-74.00898357860389, 40.7422564297438], [-74.0089873008735, 40.7422379600518], [-74.00899355631698, 40.74220692358461], [-74.00899464602, 40.742201515953994], [-74.0090434387429, 40.741959410780794], [-74.0090569605849, 40.741949304226395], [-74.009060969172, 40.7419470382349], [-74.0090638141046, 40.74194609698098], [-74.00907202480049, 40.74194550740268], [-74.0090881658398, 40.7419461373852], [-74.00915425993989, 40.74163181821522], [-74.0091230224296, 40.7415712732903], [-74.0091278982962, 40.7415478263971], [-74.0091435209258, 40.7414727165504], [-74.0091435883666, 40.74147239146188], [-74.0091638312373, 40.74137506302931], [-74.0091644890796, 40.741371902196406], [-74.0091668092736, 40.7413607456273], [-74.009172250664, 40.74133458185611], [-74.0091753034578, 40.741321515252494], [-74.0091777871056, 40.74131088276529], [-74.0091783562505, 40.74130844864891], [-74.0091814208827, 40.74129539104921], [-74.00918449735198, 40.74128232444341], [-74.0091875856608, 40.741269266841684], [-74.009188502687, 40.741265388283715], [-74.0091906739684, 40.7412562092398], [-74.0091937741143, 40.7412431516368], [-74.00919526502729, 40.74123689749481], [-74.0091968860985, 40.74123009403291], [-74.0092000099209, 40.7412170364278], [-74.0092031337434, 40.7412039878278], [-74.0092062694029, 40.74119093022159], [-74.0092094169019, 40.741177881619386], [-74.0092103978347, 40.7411738292582], [-74.00921099656999, 40.7411713528153], [-74.0092125762379, 40.741164824011115], [-74.00921573557379, 40.741151775407815], [-74.00921890674809, 40.74113872680339], [-74.0092220897618, 40.74112568720302], [-74.00922528461238, 40.741112638596505], [-74.00922847946191, 40.741099589989794], [-74.0092316979902, 40.741086550386214], [-74.0092349046779, 40.7410735107835], [-74.00923813504319, 40.7410604711788], [-74.0092413772467, 40.7410474315729], [-74.00924461944889, 40.741034391967005], [-74.0092478734894, 40.741021352359994], [-74.0092511275298, 40.74100832175802], [-74.0092544052465, 40.740995282148816], [-74.0092576829633, 40.7409822515447], [-74.0092609725182, 40.74096922093939], [-74.0092645580304, 40.74095599219861], [-74.00926822641838, 40.740942772456094], [-74.00927200136368, 40.7409295797201], [-74.00927585918359, 40.74091638697719], [-74.0092797998818, 40.74090322124281], [-74.0092838352951, 40.740890064505585], [-74.00928796542479, 40.740876925770806], [-74.00929217843128, 40.74086380503919], [-74.0092964861541, 40.74085070230989], [-74.0093008885932, 40.740837617583], [-74.0093053739089, 40.74082455085941], [-74.0093099539394, 40.7408114931329], [-74.0093146168479, 40.7407984624148], [-74.0093193744723, 40.74078544969881], [-74.00932421497339, 40.74077245498619], [-74.0093291501903, 40.74075947827569], [-74.0093331185078, 40.7407492283797], [-74.0093341682836, 40.7407465195685], [-74.0093392810941, 40.7407335878686], [-74.00934448862019, 40.74072067417091], [-74.0093497671833, 40.7407077784773], [-74.00935515230138, 40.740694900784895], [-74.009360620297, 40.740682050100716], [-74.00936617116878, 40.7406692174197], [-74.009371804918, 40.740656411746805], [-74.0093775333827, 40.74064362407601], [-74.009383356564, 40.74063086341249], [-74.0093892626227, 40.7406181297571], [-74.0093952515573, 40.74060541410469], [-74.00940133520709, 40.74059271645451], [-74.00940748989599, 40.7405800548184], [-74.0094137511395, 40.74056741118332], [-74.0094200834206, 40.740554794557305], [-74.0094265104169, 40.74054219593338], [-74.0094330202914, 40.740529633322524], [-74.0094330676374, 40.740529552273], [-74.0094396248809, 40.7405170887137], [-74.0094463123486, 40.7405045801179], [-74.0094530826918, 40.740492089525105], [-74.0094599359132, 40.74047963494532], [-74.0094668720101, 40.7404671983685], [-74.009473902823, 40.7404547887986], [-74.0094810046746, 40.74044241524271], [-74.00948820124209, 40.740430068693804], [-74.0094918468842, 40.740423908922914], [-74.00954381388259, 40.7403698579752], [-74.0095696995557, 40.7403461175514], [-74.0095842504282, 40.7403319504594], [-74.0095998521506, 40.740314477515305], [-74.0096196925597, 40.7402903017385], [-74.0096339644411, 40.74027098916412], [-74.0096508117128, 40.7402458987166], [-74.0096702355573, 40.74021507091751], [-74.00969423279268, 40.74017531600021], [-74.0097084080959, 40.740151655774596], [-74.0097190894664, 40.74013510804981], [-74.00972906445008, 40.7401214654206], [-74.0097377341199, 40.7401116824756], [-74.00974121583428, 40.740085878141116], [-74.00975234334629, 40.74000340422679], [-74.0097796406274, 40.73995944814369], [-74.0097951795677, 40.7399346342409], [-74.0098060430889, 40.739917287741896], [-74.0099093563368, 40.73975232033982], [-74.0099164817084, 40.73973992874372], [-74.0099235360366, 40.739727501132904], [-74.0099304956457, 40.73971505551959], [-74.00993737237229, 40.739702573892906], [-74.00994416621768, 40.73969006525761], [-74.0099508771835, 40.7396775386189], [-74.0099575052681, 40.73966498497168], [-74.0099640386325, 40.739652404317106], [-74.00997050095509, 40.739639796653], [-74.00997686855759, 40.73962716198152], [-74.0099831532792, 40.73961450030162], [-74.0099893432821, 40.739601820619505], [-74.0099954622433, 40.73958911392791], [-74.010001486486, 40.739576389234], [-74.0100074278479, 40.739563637531795], [-74.01001328632908, 40.7395508588212], [-74.010019061931, 40.73953806210739], [-74.0100247428131, 40.73952523838631], [-74.010030340816, 40.7395123966619], [-74.0100358440992, 40.739499527930285], [-74.0100412645033, 40.73948664119551], [-74.0100435083943, 40.7394812163426], [-74.01004660202828, 40.7394737364575], [-74.01005185667418, 40.739460813716306], [-74.0100570166007, 40.7394478639678], [-74.0100598344213, 40.73944066596518], [-74.0100620936482, 40.7394348962163], [-74.01006707597759, 40.73942191046262], [-74.0100707032273, 40.73941227831708], [-74.0100920550979, 40.7393492931514], [-74.01011472521878, 40.739282419474016], [-74.01011611562478, 40.739277851977704], [-74.01011642328669, 40.7392768253721], [-74.0101200442154, 40.7392646501922], [-74.01012387809, 40.739251439409784], [-74.0101276290876, 40.73923821962951], [-74.01012953058968, 40.739231331480106], [-74.0101312853666, 40.73922497284211], [-74.01013485876888, 40.73921171705678], [-74.01013833745529, 40.739198452274614], [-74.0101417332637, 40.73918516948952], [-74.0101450343563, 40.739171877707385], [-74.0101482407319, 40.739158567923496], [-74.0101512340048, 40.739145276168394], [-74.01015412072158, 40.739131966412415], [-74.0101569008852, 40.7391186566658], [-74.01015957449161, 40.7391053199132], [-74.01016214154488, 40.739091983169914], [-74.01016461388159, 40.739078628424814], [-74.0101669678247, 40.739065264685], [-74.0101692270514, 40.7390518829433], [-74.01017110296473, 40.73904022164566], [-74.01004934987877, 40.73904022164566], [-74.01004934488378, 40.73904025440919], [-74.010047156683, 40.7390537351982], [-74.0100448500889, 40.739067206992395], [-74.0100424132609, 40.7390806607877], [-74.01003985803959, 40.739094105588194], [-74.01003717258409, 40.73910753238981], [-74.01003435689458, 40.7391209411925], [-74.01003141097229, 40.73913434100141], [-74.0100283466548, 40.73914772281041], [-74.0100251521031, 40.7391610866204], [-74.01002183915739, 40.739174441435594], [-74.0100183959759, 40.73918776924669], [-74.0100148225599, 40.7392010790589], [-74.0100111307471, 40.73921436186601], [-74.01000732053998, 40.73922763567821], [-74.0100033800969, 40.7392408824863], [-74.009999309419, 40.73925411129551], [-74.00999512034389, 40.73926731309949], [-74.00999080103388, 40.73928049690441], [-74.0099863633266, 40.7392936537043], [-74.0099856767815, 40.739294491235796], [-74.0099849073543, 40.739295274744094], [-74.00998405504629, 40.73929601323419], [-74.0099831198548, 40.73929668869591], [-74.0099821017798, 40.7392973011293], [-74.00998102449819, 40.73929784152719], [-74.00997989985059, 40.73929831889372], [-74.009978715995, 40.73929871521961], [-74.00997749661119, 40.7392990395079], [-74.00997624169639, 40.7392992737486], [-74.00997496309259, 40.739299435950805], [-74.0099736844753, 40.73929950810209], [-74.0099723821675, 40.7392994992099], [-74.0099711035246, 40.739299400264805], [-74.0099698367101, 40.73929922927811], [-74.0099685817211, 40.7392989682395], [-74.0099673740767, 40.7392986261513], [-74.009966201939, 40.73929821201929], [-74.0099650889848, 40.7392977168365], [-74.009964023378, 40.739297158614015], [-74.00996302879518, 40.73929652834479], [-74.009962117077, 40.7392958350329], [-74.0099612763857, 40.739295087684404], [-74.0099605185617, 40.7392942953034], [-74.00995986728199, 40.73929344888271], [-74.0099593190008, 40.7392925889454], [-74.0099592988696, 40.739292557429415], [-74.0099588488446, 40.73929163895059], [-74.0099584935302, 40.739290702453516], [-74.0099582447627, 40.739289729926995], [-74.0099581025475, 40.73928875739121], [-74.0099589852252, 40.7392852615446], [-74.0099614510439, 40.73927550163079], [-74.00996469298389, 40.73926222786941], [-74.0099678520461, 40.739248936104914], [-74.0099709163924, 40.73923563534339], [-74.0099738860232, 40.739222325585], [-74.00997674909908, 40.7392090068306], [-74.0099795292974, 40.73919567007311], [-74.00998221478008, 40.7391823243187], [-74.0099848055474, 40.73916896956732], [-74.009987301598, 40.73915559681399], [-74.0099897029346, 40.73914222406871], [-74.0099920095547, 40.73912883332151], [-74.0099942214607, 40.7391154425824], [-74.0099963386504, 40.7391020338412], [-74.00999836112629, 40.739088625108295], [-74.0100002888857, 40.7390751983734], [-74.0100021219316, 40.7390617716466], [-74.0100038602625, 40.739048335922995], [-74.01000485223236, 40.73904022164566], [-74.00984114962975, 40.73904022164566], [-74.00983610919249, 40.7390855314324]], [[-74.0087690780083, 40.7424540949881], [-74.0087744428752, 40.742456328737504], [-74.008777562029, 40.7424606851532], [-74.0087777683086, 40.742462723885595], [-74.0087764216942, 40.742468375570915], [-74.00875190789621, 40.74258799719889], [-74.0086796203087, 40.74295069990612], [-74.0086855707959, 40.74295828172679], [-74.008690784889, 40.74296617067562], [-74.00869523535079, 40.742974325331524], [-74.00869889849588, 40.742982703372284], [-74.0087017553747, 40.74299126157538], [-74.00870379058918, 40.74299995401611], [-74.00870499466131, 40.7430087356698], [-74.0087053592969, 40.74301756061129], [-74.0087047405078, 40.74302087362351], [-74.00870466123628, 40.7430212959673], [-74.008701465537, 40.7430383932356], [-74.0086864898602, 40.743078567786384], [-74.0086848672969, 40.743083753028294], [-74.008684167855, 40.74308598904011], [-74.00868394535898, 40.7430866995569], [-74.0086830693764, 40.743087960332815], [-74.0086820749875, 40.743089158082206], [-74.00868093851119, 40.74309028380162], [-74.0086796954683, 40.743091346493614], [-74.0086783340154, 40.743092319143905], [-74.0086768778332, 40.74309321075562], [-74.0086753269196, 40.743094003318696], [-74.0086736931143, 40.74309469683221], [-74.0086720000957, 40.7430952822893], [-74.0086702360253, 40.7430957686959], [-74.00866843642008, 40.74309613803929], [-74.00866660128132, 40.74309639932451], [-74.0086505048386, 40.7430948444588], [-74.0086352963946, 40.74309337597301], [-74.00863385190219, 40.743093114934304], [-74.0086324310767, 40.74309275483801], [-74.0086310576, 40.74309231369248], [-74.008629743312, 40.7430917914969], [-74.0086284882114, 40.74309117924621], [-74.0086273041405, 40.74309049494959], [-74.0086261910992, 40.7430897386071], [-74.0086251727682, 40.74308891922199], [-74.00862423730679, 40.743088027790115], [-74.0086234083981, 40.743087091324824], [-74.0086226860406, 40.74308610082119], [-74.0086226209077, 40.74308599366571], [-74.0086220583972, 40.74308507429019], [-74.00862156098589, 40.743084002724096], [-74.00862117013078, 40.7430829131398], [-74.0086209095102, 40.74308179653061], [-74.0086225034699, 40.74307512095261], [-74.008624151863, 40.74306821754221], [-74.0086300464617, 40.7430282156772], [-74.0086336115876, 40.74301117061262], [-74.00863363998529, 40.7430110328329], [-74.0087027531356, 40.742680615377914], [-74.00872277812368, 40.7425843658633], [-74.0087315290959, 40.74254995952519], [-74.00875505668299, 40.7424574666532], [-74.008756346971, 40.742455637625206], [-74.0087593161825, 40.742454209194996], [-74.0087629117995, 40.742453427281305], [-74.0087690780083, 40.7424540949881]], [[-74.00887492944489, 40.74218523056729], [-74.0088741769176, 40.7421887975341], [-74.00887258432438, 40.7421964951919], [-74.0088632855136, 40.74224144292129], [-74.0088627080721, 40.74224395718172], [-74.00885449490998, 40.742279722355306], [-74.0088480563604, 40.74228764010899], [-74.0088448931799, 40.742290516571806], [-74.0088418898038, 40.74229316069141], [-74.0088352325073, 40.7422943390658], [-74.0088132448466, 40.74229291704919], [-74.00880545167239, 40.74229067808422], [-74.0088008836813, 40.74228884500101], [-74.00879639818139, 40.74228408346201], [-74.0087937901602, 40.74227708672068], [-74.00880060703558, 40.74224709120751], [-74.00880135960129, 40.74224377998531], [-74.0088036940164, 40.74223203629311], [-74.008811700591, 40.74219174518991], [-74.00881268381258, 40.74218679862881], [-74.0089038993147, 40.741817622391416], [-74.0089421281394, 40.74164969554611], [-74.00896681592059, 40.74154353823219], [-74.0089699717002, 40.74152996554139], [-74.00898577187989, 40.74146202554081], [-74.0089857801625, 40.7414619877188], [-74.0089868817843, 40.7414572527658], [-74.0091162802034, 40.740977312738806], [-74.0091198089422, 40.74096427941718], [-74.0091233460002, 40.7409514874307], [-74.00912695291579, 40.740938740463925], [-74.00913063797269, 40.74092601150079], [-74.00913441655469, 40.74091324560949], [-74.0091382507878, 40.7409005328435], [-74.0091421714511, 40.74088784708571], [-74.0091461726183, 40.74087514151019], [-74.00915024364268, 40.740862480954306], [-74.00915440700929, 40.7408497924752], [-74.0091586390452, 40.740837120199714], [-74.009162933836, 40.74082450375041], [-74.009167307953, 40.74081191340931], [-74.00917176612789, 40.74079932126031], [-74.0091763130954, 40.74078672009889], [-74.00918093109868, 40.740774126135804], [-74.0091856260589, 40.74076155017641], [-74.0091903695691, 40.74074904805462], [-74.0091952137119, 40.74073654232251], [-74.0092001501929, 40.74072398255232], [-74.0092008827982, 40.74072214635932], [-74.0092051257555, 40.74071152093409], [-74.00921019129689, 40.7406990683135], [-74.0092153503628, 40.7406865805654], [-74.00922056744568, 40.7406741351363], [-74.00922584965059, 40.74066174283153], [-74.0092312111798, 40.74064936762989], [-74.00923666150149, 40.74063698521672], [-74.0092421804933, 40.74062462981301], [-74.00924778472718, 40.74061227890471], [-74.0092534576298, 40.74059994510021], [-74.00925920393878, 40.740587641906785], [-74.0092650011633, 40.740575399042996], [-74.00927090612149, 40.74056313816001], [-74.0092768856645, 40.7405508691661], [-74.00928291612459, 40.7405386731089], [-74.0092890365613, 40.740526473442], [-74.0092952197497, 40.74051431249159], [-74.0093014881811, 40.740502164141006], [-74.0093078418513, 40.7404899995741], [-74.0093142476207, 40.74047789443598], [-74.00932071377568, 40.74046584062161], [-74.0093272699081, 40.74045379220261], [-74.00933392075, 40.74044172216331], [-74.00934062132198, 40.7404297034485], [-74.00934739293328, 40.74041772525029], [-74.0093542414994, 40.74040575785161], [-74.00936116110358, 40.740393821964396], [-74.0093681671327, 40.74038188787078], [-74.0093752228917, 40.740370004201104], [-74.0093823579766, 40.74035815564421], [-74.0093895889532, 40.7403462755613], [-74.0093968601915, 40.7403344702168], [-74.0094042107542, 40.740322690079616], [-74.00941165010829, 40.74031090273049], [-74.0094197842933, 40.74029815988569], [-74.00967096153, 40.7398904298264], [-74.0096816794461, 40.7398730320223], [-74.0097296987185, 40.7397950827511], [-74.00973745747, 40.73978230029231], [-74.00974512741598, 40.739769461108615], [-74.00975267068078, 40.739756631840606], [-74.0097601357968, 40.7397437557524], [-74.00976749080088, 40.73973085085671], [-74.0097747285975, 40.73971797028422], [-74.00978191665108, 40.739704985256616], [-74.0097889922251, 40.73969197052141], [-74.0097959553254, 40.739678967501796], [-74.0098028367245, 40.739665910458314], [-74.00980961866588, 40.7396528156016], [-74.0098163023365, 40.73963970184212], [-74.0098228912832, 40.73962653676131], [-74.009829374856, 40.73961335638062], [-74.0098357353017, 40.73960019672159], [-74.0098420318032, 40.739586969529604], [-74.0098482335777, 40.739573668503795], [-74.00985429565678, 40.73956043232621], [-74.0098602937907, 40.73954712051099], [-74.0098661747116, 40.73953379159591], [-74.00987196801749, 40.7395204446779], [-74.0098775577149, 40.739507285082524], [-74.00988312136519, 40.7394941344941], [-74.00988867904978, 40.739480687639016], [-74.0098941502949, 40.73946716604899], [-74.00989947946668, 40.739453637266706], [-74.00990353873898, 40.7394431090845], [-74.0099182278552, 40.7394448007741], [-74.00993439334259, 40.73944666253049], [-74.0099342264715, 40.73944707317631], [-74.0099290605332, 40.73945956366089], [-74.0099238129003, 40.73947203794321], [-74.00991850132559, 40.7394844582002], [-74.0099130985836, 40.73949685325069], [-74.00990761533039, 40.73950923029761], [-74.0099020409096, 40.73952158123738], [-74.00989637414239, 40.7395339420904], [-74.009890631597, 40.739546266929295], [-74.00988481682388, 40.7395585485498], [-74.009878899049, 40.7395708391838], [-74.00987291141679, 40.739583103708796], [-74.0098668456372, 40.739595325015806], [-74.0098607040792, 40.73960751030861], [-74.0098544583338, 40.73961969470958], [-74.00984814391488, 40.739631853901784], [-74.0098417513473, 40.73964396087091], [-74.0098352605133, 40.739656077753594], [-74.00982868916779, 40.73966817753311], [-74.0098220479614, 40.73968022959131], [-74.00981533689409, 40.7396922321272], [-74.0098085180886, 40.73970424367691], [-74.0098022650284, 40.739715118737614], [-74.0096994179314, 40.739879343987006], [-74.00968855438869, 40.73989669047599], [-74.0096732829224, 40.73992107480011], [-74.00941906784078, 40.740330425124], [-74.00941135981088, 40.74034276450661], [-74.00940355592718, 40.7403554415866], [-74.00939586333, 40.74036811595558], [-74.0093926544397, 40.7403734670322], [-74.00938825124199, 40.74038082363622], [-74.0093807220287, 40.7403935466181], [-74.00937325320568, 40.7404063587449], [-74.00936590632358, 40.74041916005509], [-74.0093586328478, 40.74043199737921], [-74.0093514552724, 40.74044486711318], [-74.0093443712258, 40.740457741341686], [-74.00933737242498, 40.74047065248371], [-74.00933045531698, 40.74048359153431], [-74.0093245952092, 40.74049472948421], [-74.0093244235795, 40.74049502306351], [-74.00931687802318, 40.740509584878396], [-74.0093102213885, 40.74052263286811], [-74.0093036807745, 40.740535663738314], [-74.0092972017304, 40.740548749534085], [-74.00929082687409, 40.7405618623363], [-74.00928453844429, 40.740574986837814], [-74.00927834473069, 40.74058813744601], [-74.00927224572969, 40.7406012889467], [-74.0092662142199, 40.7406145052781], [-74.0092602738773, 40.740627766627284], [-74.0092544436373, 40.740641018962215], [-74.00924871047819, 40.74065427309001], [-74.00924306256319, 40.740667546121315], [-74.00923747740589, 40.740680900193006], [-74.0092320189256, 40.74069423804498], [-74.0092266433178, 40.740707566885], [-74.0092213411234, 40.740720977665084], [-74.0092189847405, 40.7407270616814], [-74.0092161478495, 40.740734389336694], [-74.0092110433704, 40.7407478109065], [-74.009206037159, 40.74076125137879], [-74.00920111619189, 40.74077471075471], [-74.0091962899417, 40.740788195337], [-74.0091915536719, 40.7408017006236], [-74.0091869168517, 40.74081520860358], [-74.00918236290919, 40.740828742691505], [-74.00917789776679, 40.74084232269789], [-74.0091735403602, 40.74085589369051], [-74.009169269382, 40.74086948268618], [-74.0091650883874, 40.74088311219732], [-74.0091610127602, 40.74089672909271], [-74.0091570330299, 40.740910338776395], [-74.0091531219745, 40.74092400608679], [-74.0091493198452, 40.7409377076078], [-74.0091455165755, 40.74095173871429], [-74.00914206962041, 40.74096539698242], [-74.00913878241498, 40.740978461803316], [-74.0091354904772, 40.7409915599433], [-74.0091322210318, 40.741004649976794], [-74.00912895868659, 40.741017723800496], [-74.009125709363, 40.74103079312048], [-74.0091224600379, 40.741043861539886], [-74.0091192071679, 40.741056989392916], [-74.00911599335879, 40.741070058709695], [-74.0091127665256, 40.74108313253009], [-74.00910955627188, 40.74109624597129], [-74.0091063554828, 40.74110931798818], [-74.009103158248, 40.7411224170201], [-74.00909997048528, 40.74113552955861], [-74.00909680284448, 40.7411486123788], [-74.009093636387, 40.741161699701316], [-74.0090904746667, 40.74117480683441], [-74.009087324786, 40.741187923872], [-74.0090841938418, 40.74120100128579], [-74.0090810617146, 40.741214094008214], [-74.009077935509, 40.741227210143094], [-74.00907482232579, 40.74124032717751], [-74.0090717268965, 40.741253413593], [-74.0090686302828, 40.741266506312094], [-74.0090655395921, 40.74127963144901], [-74.00906246073849, 40.74129274848019], [-74.00905940082478, 40.74130584930062], [-74.00905615158689, 40.7413197524879], [-74.009029268562, 40.74144900890771], [-74.0090288000216, 40.74145125931209], [-74.0090114214223, 40.74153481783971], [-74.0090094727164, 40.74154418777001], [-74.0089627935316, 40.74176862392672], [-74.00887492944489, 40.74218523056729]]]}}, {"type": "Feature", "properties": {"layer": "road", "label": "bridges", "method": "official current vector data"}, "geometry": {"type": "Polygon", "coordinates": [[[-74.010127100562, 40.74259121363139], [-74.0102989467022, 40.742350606300604], [-74.0102951044592, 40.742348904685706], [-74.01025994291379, 40.7423333353543], [-74.010220937962, 40.7423160652955], [-74.0102171323215, 40.74232140023749], [-74.01009220872568, 40.742496524770615], [-74.0093675025806, 40.742197683380894], [-74.0093614888664, 40.74219520297281], [-74.009340183919, 40.7422242955865], [-74.0093188813205, 40.742253386394914], [-74.00932534379298, 40.742256088293594], [-74.010127100562, 40.74259121363139]]]}}, {"type": "Feature", "properties": {"layer": "road", "label": "bridges", "method": "official current vector data"}, "geometry": {"type": "Polygon", "coordinates": [[[-74.0095927788874, 40.741404740326914], [-74.00957003045589, 40.74143790249892], [-74.00957055497828, 40.741438120378085], [-74.0096575653748, 40.7414743072004], [-74.01016565460088, 40.741685610707904], [-74.0101710558598, 40.74167815493159], [-74.0101805207852, 40.7416650931385], [-74.01018523075598, 40.74165859286079], [-74.0101900224018, 40.741651980012406], [-74.010207264269, 40.74162818348232], [-74.01021438899419, 40.74161835021209], [-74.00993625586358, 40.74150374088011], [-74.0096173577947, 40.741372332622504], [-74.0096155261124, 40.7413715781504], [-74.0095927788874, 40.741404740326914]]]}}, {"type": "Feature", "properties": {"layer": "roof", "label": "buildings", "method": "official current vector data"}, "geometry": {"type": "Polygon", "coordinates": [[[-74.00859837441729, 40.74045601196299], [-74.0087889753198, 40.740539132410795], [-74.0087742733918, 40.7405586349195], [-74.00877288132469, 40.7405604810656], [-74.0088332216645, 40.74058567354831], [-74.0088348883291, 40.740583262762314], [-74.0088753984211, 40.74052465462779], [-74.0088980290957, 40.7403985161122], [-74.0088480993462, 40.74039200298831], [-74.008859679513, 40.740321585122], [-74.00888671637009, 40.7401571864078], [-74.0089691550019, 40.74006336515279], [-74.0090946165372, 40.739920580758394], [-74.0090970006705, 40.73989242440389], [-74.0091030715115, 40.7398207147152], [-74.0088646880042, 40.739809038426], [-74.0088629728261, 40.739829297274206], [-74.008765291334, 40.739824512251616], [-74.00875716801869, 40.73992044212672], [-74.00872523969818, 40.7399188776679], [-74.00871609143309, 40.740026916739914], [-74.00852568508809, 40.74001758967634], [-74.00852568508809, 40.7404243123935], [-74.00859837441729, 40.74045601196299]]]}}, {"type": "Feature", "properties": {"layer": "roof", "label": "buildings", "method": "official current vector data"}, "geometry": {"type": "Polygon", "coordinates": [[[-74.00860081958278, 40.7398168271181], [-74.00866884356469, 40.739820186312194], [-74.0087497830669, 40.7398241838455], [-74.00874987643789, 40.73982297355641], [-74.0087507699529, 40.739811314618514], [-74.0087599000976, 40.7396921758869], [-74.00852568508809, 40.73968334713902], [-74.00852568508809, 40.73981311635778], [-74.00860081958278, 40.7398168271181]]]}}, {"type": "Feature", "properties": {"layer": "roof", "label": "buildings", "method": "official current vector data"}, "geometry": {"type": "Polygon", "coordinates": [[[-74.0087599000976, 40.7396921758869], [-74.0087507699529, 40.739811314618514], [-74.00874987643789, 40.73982297355641], [-74.0087497830669, 40.7398241838455], [-74.008765291334, 40.739824512251616], [-74.0088148980823, 40.73982694253591], [-74.00885594382149, 40.73982895292071], [-74.0088629728261, 40.739829297274206], [-74.0088646880042, 40.739809038426], [-74.0089199361796, 40.73981174468629], [-74.0091030703276, 40.7398207147152], [-74.0091364678434, 40.7398221591853], [-74.00914034694588, 40.7398176617432], [-74.00921617161019, 40.7397424047931], [-74.0092277937664, 40.739730870162596], [-74.0092883482468, 40.73976763571439], [-74.0093282162484, 40.73973788963042], [-74.00933291691001, 40.739682227081985], [-74.0093771923357, 40.739684390105396], [-74.009391584188, 40.7396850931292], [-74.009440133605, 40.73968746559801], [-74.0094455917913, 40.73962283753011], [-74.00945214088969, 40.73954527718381], [-74.0094567965197, 40.73949013872791], [-74.0094495272107, 40.7394897836243], [-74.0094012869423, 40.73948742644281], [-74.0092589849187, 40.7394804743501], [-74.0088940930441, 40.739462646052786], [-74.00876658190542, 40.73945641621611], [-74.0086410514973, 40.73945028244389], [-74.0085918428355, 40.73944787816961], [-74.00852568508809, 40.73944464497064], [-74.00852568508809, 40.73968334713902], [-74.0087599000976, 40.7396921758869]]]}}, {"type": "Feature", "properties": {"layer": "roof", "label": "buildings", "method": "official current vector data"}, "geometry": {"type": "Polygon", "coordinates": [[[-74.00872297210108, 40.7390661935993], [-74.0087885915776, 40.7390664740699], [-74.00878878521492, 40.73904022164566], [-74.00872316378468, 40.73904022164566], [-74.00872297210108, 40.7390661935993]]]}}, {"type": "Feature", "properties": {"layer": "roof", "label": "buildings", "method": "official current vector data"}, "geometry": {"type": "Polygon", "coordinates": [[[-74.0094179218987, 40.74378101559769], [-74.0094894301111, 40.74370394974459], [-74.0095029646244, 40.743689364017605], [-74.0095043212718, 40.74368790238281], [-74.0095055666407, 40.743686559624095], [-74.0095510805818, 40.74363750884541], [-74.01192613642309, 40.74388770211969], [-74.0119852690586, 40.7435669399041], [-74.01197289966458, 40.7435655913309], [-74.0101108397411, 40.74336252816591], [-74.0095736208355, 40.74330393757301], [-74.00957289148859, 40.743303858389105], [-74.00956213007059, 40.74330268502221], [-74.00956178428778, 40.7433022753201], [-74.00951536062969, 40.7432473104169], [-74.0095710097733, 40.7429635227193], [-74.0090962477314, 40.742909667658715], [-74.0090938542078, 40.742921870618915], [-74.00890086222786, 40.743906024911084], [-74.00939340839837, 40.743906024911084], [-74.0094179218987, 40.74378101559769]]]}}, {"type": "Feature", "properties": {"layer": "roof", "label": "buildings", "method": "official current vector data"}, "geometry": {"type": "Polygon", "coordinates": [[[-74.0087885915776, 40.7390664740699], [-74.00872297210108, 40.7390661935993], [-74.00852568508809, 40.73906535189316], [-74.00852568508809, 40.7392971733455], [-74.0085499980297, 40.73929701115762], [-74.0090993707398, 40.739293343605794], [-74.0094711610796, 40.739290860639294], [-74.00949451008424, 40.73904022164566], [-74.00901244737406, 40.73904022164566], [-74.0090122908552, 40.73904404224311], [-74.0089465066646, 40.739042483192094], [-74.0089465993265, 40.73904022164566], [-74.00878878521492, 40.73904022164566], [-74.0087885915776, 40.7390664740699]]]}}, {"type": "Feature", "properties": {"layer": "roof", "label": "buildings", "method": "official current vector data"}, "geometry": {"type": "Polygon", "coordinates": [[[-74.0085309887462, 40.7409766651037], [-74.00852568508809, 40.74097442923824], [-74.00852568508809, 40.74098397154315], [-74.0085309887462, 40.7409766651037]]]}}, {"type": "Feature", "properties": {"layer": "roof", "label": "buildings", "method": "official current vector data"}, "geometry": {"type": "Polygon", "coordinates": [[[-74.00857569896272, 40.742151576076914], [-74.008582369789, 40.74215440047082], [-74.008630511048, 40.741880525626016], [-74.0086301072932, 40.74188033925131], [-74.00861892648298, 40.74187517387911], [-74.00852568508809, 40.742001295120545], [-74.00852568508809, 40.74213040183849], [-74.00857569896272, 40.742151576076914]]]}}, {"type": "Feature", "properties": {"layer": "roof", "label": "buildings", "method": "official current vector data"}, "geometry": {"type": "Polygon", "coordinates": [[[-74.00856640686898, 40.740666912268395], [-74.00852568508809, 40.740649812090346], [-74.00852568508809, 40.740723013395474], [-74.00856640686898, 40.740666912268395]]]}}, {"type": "Feature", "properties": {"layer": "roof", "label": "buildings", "method": "official current vector data"}, "geometry": {"type": "Polygon", "coordinates": [[[-74.0119159354218, 40.74071260235029], [-74.01192994024198, 40.74061340551331], [-74.01192152240449, 40.74058674146178], [-74.01162984416358, 40.74062196942278], [-74.0116298575715, 40.74069876558859], [-74.0119159354218, 40.74071260235029]]]}}, {"type": "Feature", "properties": {"layer": "roof", "label": "buildings", "method": "official current vector data"}, "geometry": {"type": "Polygon", "coordinates": [[[-74.01021395347928, 40.74040681809171], [-74.01023711258318, 40.7402691869883], [-74.0102582582322, 40.7400272088592], [-74.0102175886157, 40.7400161650503], [-74.0101954195987, 40.74000861716121], [-74.010177680021, 40.7400034381114], [-74.0101500825458, 40.73999483890059], [-74.01011446213269, 40.73998192785809], [-74.0101246283464, 40.7399808229425], [-74.01015643930619, 40.73997321535559], [-74.01016965140468, 40.739969771549404], [-74.0101955543432, 40.7399607488757], [-74.0102090064999, 40.73995551393449], [-74.01021903095679, 40.73994877724961], [-74.0102400577381, 40.739934982309], [-74.0102406894719, 40.73990103762479], [-74.0102515439486, 40.73981801977771], [-74.010227476749, 40.73981548338759], [-74.0102011994632, 40.739814894085306], [-74.010171630237, 40.7398179206054], [-74.0101405813922, 40.73982284641839], [-74.0101275101886, 40.73982616143629], [-74.01006362552039, 40.7399664669981], [-74.0100128282878, 40.7402128232414], [-74.0100462352379, 40.740228286545985], [-74.010094168029, 40.740244853490914], [-74.01012612267368, 40.740254793187205], [-74.010163886714, 40.740263627439404], [-74.0101301342883, 40.74027334328673], [-74.01010836280649, 40.74028014493151], [-74.0100881009832, 40.74028793069452], [-74.01006583048648, 40.74029879366329], [-74.01005205847669, 40.74031113992231], [-74.0100387230013, 40.74043126606921], [-74.0100636966212, 40.74043707666412], [-74.01008984044438, 40.74043817929859], [-74.01011017453068, 40.74043817751491], [-74.01014617340148, 40.740431310681096], [-74.0101800988292, 40.7404220513712], [-74.01021395347928, 40.74040681809171]]]}}, {"type": "Feature", "properties": {"layer": "water", "label": "shoreline", "method": "official current vector data"}, "geometry": {"type": "LineString", "coordinates": [[-74.01040615357073, 40.73904022164566], [-74.0104009501108, 40.739103687353314], [-74.0103944828707, 40.739182557088995], [-74.0105854154061, 40.73917105822251], [-74.01075895114299, 40.73917221910072], [-74.0110388340245, 40.7391936814184], [-74.0113292474416, 40.73919795943609], [-74.0114814403586, 40.73920308445741], [-74.01152614823359, 40.73921538092339], [-74.01157769910148, 40.739241043817906], [-74.01159842450168, 40.7392671132259], [-74.0115937478092, 40.739333810686794], [-74.0115923790486, 40.73935333382761], [-74.01159114591889, 40.73939709141259], [-74.0115886102425, 40.7394871307114], [-74.01156500635439, 40.739568330944586], [-74.01155779236659, 40.739641285382], [-74.011546743257, 40.739753018755884], [-74.011533291064, 40.7398871218731], [-74.01153326506629, 40.739887402833986], [-74.01153255013499, 40.739895163478806], [-74.0115287934951, 40.7399359514391], [-74.0115251562034, 40.7399754462583], [-74.01152464688889, 40.7399809835296], [-74.01152432310049, 40.739984495541], [-74.01151871955258, 40.74004599445549], [-74.01149966837649, 40.74027576262661], [-74.01148061854109, 40.740514072099415], [-74.0114750156373, 40.7405866751634], [-74.0114669256827, 40.74068921313931], [-74.0114660514719, 40.74070027776011], [-74.0114334874785, 40.7407156553601], [-74.0113627435974, 40.7407370160937], [-74.0112627942166, 40.74072335981442], [-74.0111454067805, 40.74071771064789], [-74.0109889686943, 40.74073606631738], [-74.0097511934623, 40.7406807551734], [-74.009753916458, 40.74065605492679], [-74.0096744869241, 40.7406543506644], [-74.0095561779496, 40.741180290133805], [-74.0095526697797, 40.7411958881114], [-74.00955146883769, 40.7412012291197], [-74.00953854005968, 40.7412586978641], [-74.0095568509715, 40.741266565878824], [-74.0095618688606, 40.741268721276505], [-74.0095685585907, 40.7412715960405], [-74.0095686402883, 40.741271631153495], [-74.0096608236426, 40.7413112385712], [-74.00961857820128, 40.741370617954814], [-74.0096173577947, 40.741372332622504], [-74.0095717090993, 40.741436497567996], [-74.00957055497828, 40.741438120378085], [-74.0095526749702, 40.7414632289053], [-74.0095517800851, 40.74146451040139], [-74.00953458307, 40.74148868144121], [-74.009529873065, 40.74149530236031], [-74.0095270503497, 40.741494120227905], [-74.00952442063048, 40.741493019125095], [-74.00951544217078, 40.74148925844869], [-74.0094909340475, 40.74147899378848], [-74.00940028191569, 40.7418875712544], [-74.009398580462, 40.74189524011261], [-74.00939816397239, 40.74189711590301], [-74.00935012672849, 40.7421136224503], [-74.00940990159232, 40.74213894614552], [-74.0093691029914, 40.742195466202006], [-74.0093675025806, 40.742197683380894], [-74.0093263937685, 40.7422546338895], [-74.00932534379298, 40.742256088293594], [-74.0092862437154, 40.742310256057586], [-74.0092699525837, 40.74230371788761], [-74.00916718583298, 40.74287522123979], [-74.0096346282858, 40.74292061275511], [-74.0096268413411, 40.742962174508506], [-74.00962666388088, 40.74296312095618], [-74.00961598195659, 40.7430201365522], [-74.0095698527253, 40.74326633991781], [-74.0095786747196, 40.7432671667502], [-74.0095797983218, 40.743267166656715], [-74.00957362083508, 40.74330393757329], [-74.009572638967, 40.743309784646904], [-74.00951359177189, 40.7436370184715], [-74.00950461471, 40.743686559703], [-74.0095043212714, 40.743687902383115], [-74.009503493016, 40.7436916845807], [-74.0094956376348, 40.743736100933404], [-74.00946675864397, 40.743906024911084]]}}, {"type": "Feature", "properties": {"layer": "water", "label": "shoreline", "method": "official current vector data"}, "geometry": {"type": "LineString", "coordinates": [[-74.0101706799073, 40.741720499515594], [-74.0101650295407, 40.74172485486741], [-74.0101585641471, 40.7417184114084], [-74.01013426532309, 40.74173876231111], [-74.0101284718093, 40.741759451073406], [-74.0101393967893, 40.7417633502087], [-74.01013382472108, 40.74176877625511], [-74.01012446035281, 40.74176589455529], [-74.0100963058881, 40.74179763090141], [-74.0100907219664, 40.741834268526304], [-74.0100971096758, 40.74183588707819], [-74.01009471510748, 40.74183973245388], [-74.01008646509, 40.74183851929321], [-74.01006677402619, 40.7418500574142], [-74.0100726296585, 40.7418563316362], [-74.0100667756475, 40.74186078515632], [-74.01005879277498, 40.7418567380741], [-74.0100391021337, 40.74187900213141], [-74.0100353790146, 40.74189762314359], [-74.0100422985104, 40.741900456436404], [-74.0100375088747, 40.7419049098622], [-74.010030855709, 40.74190167221809], [-74.0100002568743, 40.741929605911196], [-74.0099906834512, 40.74196968021239], [-74.0100005292216, 40.7419692750299], [-74.0099999971373, 40.74197392979771], [-74.0099856274761, 40.74197453798671], [-74.00996859802399, 40.74198688631619], [-74.00997338939769, 40.74199397019121], [-74.0099678015174, 40.741996804571194], [-74.0099595506654, 40.74199012532301], [-74.0099372032591, 40.7420132000487], [-74.0099337469487, 40.7420348575444], [-74.0099427949491, 40.742035868933506], [-74.0099409320854, 40.742040524716394], [-74.0099316188765, 40.74203951335001], [-74.00989915753118, 40.7420672436617], [-74.0098890507327, 40.7421038789626], [-74.00990315569608, 40.7421065090323], [-74.0098991639683, 40.7421105571552], [-74.00988718910719, 40.7421089390723], [-74.0098681788327, 40.74212131277099], [-74.0098783965039, 40.74212965059112], [-74.0098704231724, 40.742134200637096], [-74.0098644419251, 40.74212718799989], [-74.0098372838551, 40.74214936531221], [-74.0098265731607, 40.742177794337216], [-74.0098395313534, 40.74218366903972], [-74.00985024526629, 40.742177034987904], [-74.0098577216695, 40.74218272015021], [-74.00984850304978, 40.74218897496129], [-74.00988487037618, 40.74220909547821], [-74.00993651597699, 40.7422156377198], [-74.0099360729801, 40.7422064048582], [-74.0099444601993, 40.74220640413421], [-74.009944681971, 40.742216812176615], [-74.0099625621539, 40.74223208593361], [-74.0099733755537, 40.74222570670539], [-74.0099782316307, 40.74222990264798], [-74.00996410836099, 40.742239640154295], [-74.00999302348299, 40.7422572596727], [-74.0100223778414, 40.7422589356666], [-74.0100234799348, 40.74224987016531], [-74.0100294389689, 40.742250708919], [-74.01002723349418, 40.742260277900016], [-74.01006586025709, 40.74228260080319], [-74.01011419434849, 40.742288974859704], [-74.0101146339803, 40.74227588144719], [-74.01012346164428, 40.74227588067139], [-74.0101225820373, 40.742291996224495], [-74.0101404610717, 40.742307102459606], [-74.0101488472805, 40.74230038663901], [-74.0101517166752, 40.74230458364981], [-74.0101448755449, 40.742311298434004], [-74.0101680532338, 40.74232892201571], [-74.01019851018589, 40.742332444807516], [-74.01020005436551, 40.74232656976212], [-74.0101927706693, 40.74231935194201], [-74.01019894913308, 40.742314986636714], [-74.0102171323215, 40.74232140023749], [-74.0102951044592, 40.742348904685706], [-74.01030289540118, 40.742351653237094], [-74.0103036070744, 40.74236765698612], [-74.01031745918058, 40.742380771631986], [-74.01032688162988, 40.742375834207294], [-74.010332326263, 40.742380610909116], [-74.0103243697657, 40.74238682332101], [-74.0103536888142, 40.74240465883399], [-74.0103777699295, 40.742406886321696], [-74.01038509778589, 40.7424009927424], [-74.01039033342549, 40.7424017883184], [-74.0103863564782, 40.7424094330821], [-74.01042342322, 40.742433323788596], [-74.010473680122, 40.742439052756914], [-74.01047388833238, 40.7424304519945], [-74.0104833114037, 40.74242949569881], [-74.01048498892818, 40.74244351103891], [-74.0104990222249, 40.742456571616], [-74.0105090721759, 40.7424516332186], [-74.0105130520049, 40.74245481794899], [-74.0105055148172, 40.742462145162804], [-74.0105329477297, 40.74247902446349], [-74.01056017013099, 40.742482367354015], [-74.0105603782545, 40.742473288422204], [-74.0105647755746, 40.7424736067983], [-74.0105651966204, 40.74248571137628], [-74.01060184897649, 40.74250896090211], [-74.01065252533158, 40.74251628185021], [-74.0106521045245, 40.7425057702696], [-74.0106619450106, 40.74250146943741], [-74.0106629949164, 40.7425145293948], [-74.01067828334979, 40.7425280653014], [-74.01069000728158, 40.742522171295015], [-74.0106939865277, 40.74252901928201], [-74.0106833084258, 40.74253730223721], [-74.0107105331376, 40.7425548190737], [-74.010735870925, 40.742559594804796], [-74.01073796378098, 40.74254971964873], [-74.0107467584329, 40.7425503563872], [-74.0107450848585, 40.7425611860418], [-74.0107840366206, 40.74258459288348], [-74.0108384831958, 40.7426014704784], [-74.01086112392069, 40.7425699578006], [-74.0108511075668, 40.7425630464524], [-74.0108572279019, 40.74255810839501], [-74.0108659453915, 40.742564738006514], [-74.01088838323228, 40.742545267823694], [-74.01089431468, 40.7425219918555], [-74.0108828158501, 40.7425214292254], [-74.010883927401, 40.742512965254015], [-74.0108961686952, 40.7425142329108], [-74.01093122130949, 40.742499421649384], [-74.0109506894331, 40.74246387138069], [-74.0109812763223, 40.74243622470011], [-74.01099989871068, 40.74239864295931], [-74.01098986879299, 40.74239556598371], [-74.010992331751, 40.7423902122337], [-74.0110044737598, 40.74239261993049], [-74.01103860683789, 40.742366515464106], [-74.01102505653938, 40.74236076252178], [-74.0110285742768, 40.742354605417695], [-74.0110408930024, 40.742358887049086], [-74.0110539061316, 40.74232395332779], [-74.0110429947066, 40.74231699525559], [-74.01104686544019, 40.742311908820106], [-74.0110565442203, 40.742318064658406], [-74.0110905105735, 40.7422864896115], [-74.0111094908642, 40.742244493531686], [-74.0111330637015, 40.74222353465249], [-74.0111323768234, 40.74217996908351], [-74.01112188449248, 40.74217983051881], [-74.0111215150166, 40.7421722698965], [-74.0111338473466, 40.74217310887779], [-74.0111699213078, 40.742150145153], [-74.0111818845838, 40.74213894438431], [-74.0111907166365, 40.742115842816105], [-74.0111893627966, 40.74210541417418], [-74.01121753126908, 40.74208184065841], [-74.01123037162978, 40.74204129046941], [-74.01121949681229, 40.74204062965681], [-74.011220366524, 40.74203765159481], [-74.0112325459852, 40.74203781610061], [-74.0112532063655, 40.74202507550891], [-74.0112455936317, 40.742018955505394], [-74.01125102977629, 40.74201531602481], [-74.01125907804078, 40.742020442725995], [-74.0112830037317, 40.742000423009884], [-74.0112871318377, 40.7419772624612], [-74.01127690947759, 40.741977098670006], [-74.0112764740671, 40.741971804631014], [-74.0112886536566, 40.74197279579638], [-74.0113169292856, 40.7419463217117], [-74.0113297542559, 40.74190628660249], [-74.01131648661759, 40.7419052955483], [-74.0113167036515, 40.7419004985252], [-74.01133084124699, 40.741900000955276], [-74.011349760354, 40.741889576621816], [-74.0113421470635, 40.741880148161194], [-74.0113484532614, 40.7418756801237], [-74.0113569374117, 40.74188196572789], [-74.0113784666029, 40.74186145094901], [-74.0113915108113, 40.74182985266268], [-74.0113769374746, 40.74182307148339], [-74.01137106588139, 40.74182803475859], [-74.01136823909349, 40.74183101301501], [-74.01136280082692, 40.741829027933406], [-74.0113678020128, 40.74182290669231], [-74.01133408653648, 40.74180289264141], [-74.0112844973915, 40.74179479114621], [-74.01128406357209, 40.74180587463142], [-74.01127688624179, 40.74180488297561], [-74.0112790589344, 40.74179164890892], [-74.0112623094538, 40.741777588227905], [-74.01125252264329, 40.74178337944609], [-74.0112490406304, 40.741776432373214], [-74.01125839292729, 40.7417706411978], [-74.0112268514533, 40.741751784955106], [-74.0111987937824, 40.7417504648423], [-74.011197273214, 40.74176237509852], [-74.0111942279333, 40.741761548729016], [-74.01119422640419, 40.741752450004306], [-74.0111533227135, 40.74172949644291], [-74.01110901331249, 40.741723786107706], [-74.01110882201338, 40.741733896120586], [-74.0111007318319, 40.7417327253409], [-74.01110246314389, 40.74172070970629], [-74.01108627841678, 40.74170635177771], [-74.0110751065044, 40.741712946366604], [-74.01106739900328, 40.74170620771171], [-74.0110751074741, 40.74169741621909], [-74.01105006047382, 40.74168086189992], [-74.0110192369675, 40.741678666715686], [-74.0110188536357, 40.74168745840441], [-74.01101191791662, 40.7416868728377], [-74.0110146125486, 40.741672220427], [-74.0109766584872, 40.74165097838459], [-74.01092599133048, 40.74164541446691], [-74.0109263777988, 40.74165567120751], [-74.01091944336389, 40.741655671865296], [-74.01091886362359, 40.74164365735299], [-74.010907495433, 40.74163017783732], [-74.0108947819324, 40.741636333107394], [-74.010893046957, 40.74163340302099], [-74.0109038334168, 40.7416227057752], [-74.0108768599993, 40.741604978239685], [-74.0108456515573, 40.74160161148551], [-74.0108456528934, 40.741609816907186], [-74.0108522038508, 40.741617874929084], [-74.010847387899, 40.74162021940322], [-74.0108385257883, 40.74161172215109], [-74.0107957622539, 40.74163223882261], [-74.01079480010439, 40.741642056242604], [-74.0107813153612, 40.74164528132192], [-74.010781506852, 40.741636050204384], [-74.0107518372847, 40.741623744846], [-74.0107554970127, 40.741617150990315], [-74.0107857445383, 40.741630628754024], [-74.01083601948848, 40.741605274755216], [-74.0108360186066, 40.741599853701786], [-74.01083394291929, 40.741598545460214], [-74.0108011475444, 40.7415778782983], [-74.01074913055999, 40.74157114377002], [-74.01074855442118, 40.741581253818495], [-74.0107414269858, 40.741581108601416], [-74.0107418096445, 40.7415679206374], [-74.0107269735571, 40.74155356343271], [-74.0107158017054, 40.74156059743439], [-74.0107109846221, 40.741555908941486], [-74.0107200383075, 40.74154843568991], [-74.0106957621823, 40.74153173443881], [-74.01066358981008, 40.741526901699], [-74.01066320657308, 40.74153657228171], [-74.0106541515706, 40.74153584100758], [-74.0106553066301, 40.74152543734058], [-74.0106200495341, 40.741502438041024], [-74.01057015417939, 40.74149511700588], [-74.0105693853085, 40.74150698486142], [-74.0105605232957, 40.7415062535622], [-74.0105616780905, 40.741494092106], [-74.0105458782039, 40.741479001052795], [-74.0105356701766, 40.74148662117911], [-74.0105302752957, 40.74148164006652], [-74.0105414470377, 40.7414738730698], [-74.01051139183079, 40.741455411816986], [-74.0104834573846, 40.74145380245581], [-74.01048095507569, 40.741464938356195], [-74.0104732494001, 40.74146171524139], [-74.0104784482713, 40.7414475020625], [-74.01044261269209, 40.74142684588091], [-74.01038231344738, 40.74140824325211], [-74.01036069830678, 40.741440480657104], [-74.01037144842618, 40.74144696874462], [-74.0103642831093, 40.74145436705668], [-74.0103545572097, 40.741448528142314], [-74.01033101387019, 40.741468645788004], [-74.01032777793398, 40.741490319486616], [-74.01034074499948, 40.74149291358469], [-74.01033716324109, 40.7414986240227], [-74.01032300036108, 40.74149590035841], [-74.0102953625398, 40.741521469134], [-74.0102908168332, 40.74154118704681], [-74.01028632673258, 40.7415606636184], [-74.0102965646733, 40.7415624799269], [-74.0102946887063, 40.741566373887885], [-74.0102788198742, 40.74156455808212], [-74.01026022302152, 40.74157688858521], [-74.010269779706, 40.741583247115294], [-74.01026346783499, 40.74158960615961], [-74.01025305751838, 40.74158324860562], [-74.010207264269, 40.74162818348232], [-74.0101793081488, 40.7416556154072], [-74.01018523075598, 40.74165859286079], [-74.01019160803838, 40.741661799903206], [-74.0101862526712, 40.74166738352191], [-74.0101805207852, 40.7416650931385], [-74.0101745473578, 40.7416627073223], [-74.0101710558598, 40.74167815493159], [-74.01016285184008, 40.74171446230591], [-74.0101706799073, 40.741720499515594]]}}]}