{
  "type": "FeatureCollection",
  "features": [
    {
      "type": "Feature",
      "id": 264610554,
      "properties": {
        "osm_type": "way",
        "osm_id": 264610554,
        "tags": {
          "bridge": "viaduct",
          "highway": "footway",
          "layer": "2",
          "name": "中華路景觀陸橋",
          "surface": "paved"
        },
        "evidence_status": "candidate_only",
        "analysis_ready": false,
        "source": "OpenStreetMap official API tiles retrieved 2026-09-15",
        "geometry_warning": "area boundary, floor codes and access must be checked"
      },
      "geometry": {
        "type": "LineString",
        "coordinates": [
          [
            121.5090694,
            25.0461831
          ],
          [
            121.509092,
            25.0461774
          ],
          [
            121.5090993,
            25.0461755
          ],
          [
            121.5091131,
            25.046172
          ],
          [
            121.5096819,
            25.0460283
          ],
          [
            121.5097311,
            25.0460159
          ]
        ]
      }
    },
    {
      "type": "Feature",
      "id": 264610556,
      "properties": {
        "osm_type": "way",
        "osm_id": 264610556,
        "tags": {
          "handrail": "yes",
          "highway": "steps"
        },
        "evidence_status": "candidate_only",
        "analysis_ready": false,
        "source": "OpenStreetMap official API tiles retrieved 2026-09-15",
        "geometry_warning": "area boundary, floor codes and access must be checked"
      },
      "geometry": {
        "type": "LineString",
        "coordinates": [
          [
            121.5091396,
            25.0462089
          ],
          [
            121.509148,
            25.0462383
          ],
          [
            121.5091764,
            25.0463368
          ],
          [
            121.5091617,
            25.0463402
          ],
          [
            121.5091336,
            25.0462435
          ]
        ]
      }
    },
    {
      "type": "Feature",
      "id": 309191225,
      "properties": {
        "osm_type": "way",
        "osm_id": 309191225,
        "tags": {
          "highway": "footway",
          "tunnel": "building_passage"
        },
        "evidence_status": "candidate_only",
        "analysis_ready": false,
        "source": "OpenStreetMap official API tiles retrieved 2026-09-15",
        "geometry_warning": "area boundary, floor codes and access must be checked"
      },
      "geometry": {
        "type": "LineString",
        "coordinates": [
          [
            121.5112383,
            25.0477786
          ],
          [
            121.5112088,
            25.0476795
          ]
        ]
      }
    },
    {
      "type": "Feature",
      "id": 309191229,
      "properties": {
        "osm_type": "way",
        "osm_id": 309191229,
        "tags": {
          "footway": "sidewalk",
          "highway": "footway"
        },
        "evidence_status": "candidate_only",
        "analysis_ready": false,
        "source": "OpenStreetMap official API tiles retrieved 2026-09-15",
        "geometry_warning": "area boundary, floor codes and access must be checked"
      },
      "geometry": {
        "type": "LineString",
        "coordinates": [
          [
            121.5112088,
            25.0476795
          ],
          [
            121.5112103,
            25.0475234
          ],
          [
            121.511272,
            25.0474778
          ]
        ]
      }
    },
    {
      "type": "Feature",
      "id": 319875922,
      "properties": {
        "osm_type": "way",
        "osm_id": 319875922,
        "tags": {
          "area": "yes",
          "highway": "pedestrian",
          "smoothness": "good",
          "surface": "paving_stones"
        },
        "evidence_status": "candidate_only",
        "analysis_ready": false,
        "source": "OpenStreetMap official API tiles retrieved 2026-09-15",
        "geometry_warning": "area boundary, floor codes and access must be checked"
      },
      "geometry": {
        "type": "LineString",
        "coordinates": [
          [
            121.5095275,
            25.0483442
          ],
          [
            121.5095318,
            25.0483566
          ],
          [
            121.5096887,
            25.0488094
          ],
          [
            121.5100183,
            25.0487532
          ],
          [
            121.5099185,
            25.0484211
          ],
          [
            121.5098882,
            25.0483201
          ],
          [
            121.509604,
            25.0483391
          ],
          [
            121.5095275,
            25.0483442
          ]
        ]
      }
    },
    {
      "type": "Feature",
      "id": 319876236,
      "properties": {
        "osm_type": "way",
        "osm_id": 319876236,
        "tags": {
          "highway": "path",
          "name": "中華路一段21巷7弄",
          "name:en": "Alley 7, Lane 21, Section 1, Zhonghua Road",
          "name:nan": "Tiong-hôa-lō͘ 1-tōaⁿ 21-hāng 7-lōng",
          "name:nan-Hant": "中華路一段21巷7弄",
          "name:nan-Latn-pehoeji": "Tiong-hôa-lō͘ 1-tōaⁿ 21-hāng 7-lōng",
          "name:nan-Latn-tailo": "Tiong-huâ-lōo 1-tuānn 21-hāng 7-lōng",
          "name:zh": "中華路一段21巷7弄"
        },
        "evidence_status": "candidate_only",
        "analysis_ready": false,
        "source": "OpenStreetMap official API tiles retrieved 2026-09-15",
        "geometry_warning": "area boundary, floor codes and access must be checked"
      },
      "geometry": {
        "type": "LineString",
        "coordinates": [
          [
            121.5103575,
            25.0465006
          ],
          [
            121.5104171,
            25.0466849
          ],
          [
            121.5104524,
            25.0467942
          ],
          [
            121.5105123,
            25.0469986
          ]
        ]
      }
    },
    {
      "type": "Feature",
      "id": 361762995,
      "properties": {
        "osm_type": "way",
        "osm_id": 361762995,
        "tags": {
          "access": "private",
          "highway": "path",
          "name": "中華路一段13巷",
          "name:en": "Lane 13, Section 1, Zhonghua Road",
          "name:nan": "Tiong-hôa-lō͘ 1-tōaⁿ 13-hāng",
          "name:nan-Hant": "中華路一段13巷",
          "name:nan-Latn-pehoeji": "Tiong-hôa-lō͘ 1-tōaⁿ 13-hāng",
          "name:nan-Latn-tailo": "Tiong-huâ-lōo 1-tuānn 13-hāng",
          "name:zh": "中華路一段13巷"
        },
        "evidence_status": "candidate_only",
        "analysis_ready": false,
        "source": "OpenStreetMap official API tiles retrieved 2026-09-15",
        "geometry_warning": "area boundary, floor codes and access must be checked"
      },
      "geometry": {
        "type": "LineString",
        "coordinates": [
          [
            121.5098844,
            25.0469757
          ],
          [
            121.5099625,
            25.0469282
          ],
          [
            121.5100136,
            25.0469015
          ],
          [
            121.510115,
            25.0468526
          ],
          [
            121.5104524,
            25.0467942
          ]
        ]
      }
    },
    {
      "type": "Feature",
      "id": 364405008,
      "properties": {
        "osm_type": "way",
        "osm_id": 364405008,
        "tags": {
          "highway": "footway"
        },
        "evidence_status": "candidate_only",
        "analysis_ready": false,
        "source": "OpenStreetMap official API tiles retrieved 2026-09-15",
        "geometry_warning": "area boundary, floor codes and access must be checked"
      },
      "geometry": {
        "type": "LineString",
        "coordinates": [
          [
            121.5091396,
            25.0462089
          ],
          [
            121.5091707,
            25.0462002
          ]
        ]
      }
    },
    {
      "type": "Feature",
      "id": 421210591,
      "properties": {
        "osm_type": "way",
        "osm_id": 421210591,
        "tags": {
          "highway": "path"
        },
        "evidence_status": "candidate_only",
        "analysis_ready": false,
        "source": "OpenStreetMap official API tiles retrieved 2026-09-15",
        "geometry_warning": "area boundary, floor codes and access must be checked"
      },
      "geometry": {
        "type": "LineString",
        "coordinates": [
          [
            121.5124568,
            25.0451699
          ],
          [
            121.5124568,
            25.0459893
          ]
        ]
      }
    },
    {
      "type": "Feature",
      "id": 421210594,
      "properties": {
        "osm_type": "way",
        "osm_id": 421210594,
        "tags": {
          "highway": "path",
          "name": "延平南路56巷",
          "name:en": "Lane 56, Yanping South Road",
          "name:nan": "Iân-pêng Lâm-lō͘ 56-hāng",
          "name:nan-Hant": "延平南路56巷",
          "name:nan-Latn-pehoeji": "Iân-pêng Lâm-lō͘ 56-hāng",
          "name:nan-Latn-tailo": "Iân-pîng Lâm-lōo 56-hāng",
          "name:zh": "延平南路56巷"
        },
        "evidence_status": "candidate_only",
        "analysis_ready": false,
        "source": "OpenStreetMap official API tiles retrieved 2026-09-15",
        "geometry_warning": "area boundary, floor codes and access must be checked"
      },
      "geometry": {
        "type": "LineString",
        "coordinates": [
          [
            121.5105812,
            25.0455166
          ],
          [
            121.5103271,
            25.0455782
          ],
          [
            121.5102693,
            25.0455922
          ],
          [
            121.5102226,
            25.0456082
          ],
          [
            121.5100611,
            25.0456059
          ]
        ]
      }
    },
    {
      "type": "Feature",
      "id": 421210602,
      "properties": {
        "osm_type": "way",
        "osm_id": 421210602,
        "tags": {
          "highway": "path",
          "name": "開封街一段95巷",
          "name:en": "Lane 95, Kaifeng Street Section 1",
          "name:nan": "Khai-hong-ke 1-tōaⁿ 95-hāng",
          "name:nan-Hant": "開封街一段95巷",
          "name:nan-Latn-pehoeji": "Khai-hong-ke 1-tōaⁿ 95-hāng",
          "name:nan-Latn-tailo": "Khai-hong-ke 1-tuānn 95-hāng",
          "name:zh": "開封街一段95巷",
          "oneway": "yes"
        },
        "evidence_status": "candidate_only",
        "analysis_ready": false,
        "source": "OpenStreetMap official API tiles retrieved 2026-09-15",
        "geometry_warning": "area boundary, floor codes and access must be checked"
      },
      "geometry": {
        "type": "LineString",
        "coordinates": [
          [
            121.5103575,
            25.0465006
          ],
          [
            121.5103861,
            25.0460096
          ],
          [
            121.5103875,
            25.0459557
          ]
        ]
      }
    },
    {
      "type": "Feature",
      "id": 441378700,
      "properties": {
        "osm_type": "way",
        "osm_id": 441378700,
        "tags": {
          "highway": "path",
          "name": "中華路一段18巷"
        },
        "evidence_status": "candidate_only",
        "analysis_ready": false,
        "source": "OpenStreetMap official API tiles retrieved 2026-09-15",
        "geometry_warning": "area boundary, floor codes and access must be checked"
      },
      "geometry": {
        "type": "LineString",
        "coordinates": [
          [
            121.5095548,
            25.0472482
          ],
          [
            121.5094315,
            25.0472702
          ],
          [
            121.5090467,
            25.0473392
          ],
          [
            121.5086616,
            25.047417
          ],
          [
            121.5083656,
            25.0474771
          ]
        ]
      }
    },
    {
      "type": "Feature",
      "id": 443220103,
      "properties": {
        "osm_type": "way",
        "osm_id": 443220103,
        "tags": {
          "highway": "footway"
        },
        "evidence_status": "candidate_only",
        "analysis_ready": false,
        "source": "OpenStreetMap official API tiles retrieved 2026-09-15",
        "geometry_warning": "area boundary, floor codes and access must be checked"
      },
      "geometry": {
        "type": "LineString",
        "coordinates": [
          [
            121.5102651,
            25.0451611
          ],
          [
            121.5102679,
            25.0452097
          ],
          [
            121.5102673,
            25.0452467
          ],
          [
            121.5102717,
            25.0454156
          ],
          [
            121.5103192,
            25.045557
          ],
          [
            121.5103271,
            25.0455782
          ]
        ]
      }
    },
    {
      "type": "Feature",
      "id": 449290547,
      "properties": {
        "osm_type": "way",
        "osm_id": 449290547,
        "tags": {
          "footway": "sidewalk",
          "highway": "footway",
          "surface": "paving_stones"
        },
        "evidence_status": "candidate_only",
        "analysis_ready": false,
        "source": "OpenStreetMap official API tiles retrieved 2026-09-15",
        "geometry_warning": "area boundary, floor codes and access must be checked"
      },
      "geometry": {
        "type": "LineString",
        "coordinates": [
          [
            121.5077678,
            25.0487851
          ],
          [
            121.5077883,
            25.0487801
          ],
          [
            121.5088644,
            25.0485187
          ],
          [
            121.5095318,
            25.0483566
          ],
          [
            121.509604,
            25.0483391
          ],
          [
            121.5096431,
            25.0483296
          ]
        ]
      }
    },
    {
      "type": "Feature",
      "id": 456307463,
      "properties": {
        "osm_type": "way",
        "osm_id": 456307463,
        "tags": {
          "bicycle": "yes",
          "footway": "sidewalk",
          "highway": "footway"
        },
        "evidence_status": "candidate_only",
        "analysis_ready": false,
        "source": "OpenStreetMap official API tiles retrieved 2026-09-15",
        "geometry_warning": "area boundary, floor codes and access must be checked"
      },
      "geometry": {
        "type": "LineString",
        "coordinates": [
          [
            121.5116556,
            25.0480876
          ],
          [
            121.5117978,
            25.0479954
          ],
          [
            121.5119098,
            25.047918
          ],
          [
            121.5120155,
            25.0478185
          ],
          [
            121.5121598,
            25.0477331
          ],
          [
            121.5123564,
            25.0476459
          ],
          [
            121.5129148,
            25.0475014
          ],
          [
            121.513112,
            25.0474541
          ],
          [
            121.5131619,
            25.0474584
          ],
          [
            121.5131797,
            25.0474619
          ],
          [
            121.5131856,
            25.0474708
          ],
          [
            121.5131864,
            25.0475002
          ],
          [
            121.5131799,
            25.0476195
          ],
          [
            121.5132107,
            25.0476186
          ],
          [
            121.5131999,
            25.0478247
          ],
          [
            121.5132094,
            25.0481091
          ],
          [
            121.5131927,
            25.048165
          ],
          [
            121.5131455,
            25.0481775
          ]
        ]
      }
    },
    {
      "type": "Feature",
      "id": 456307464,
      "properties": {
        "osm_type": "way",
        "osm_id": 456307464,
        "tags": {
          "bicycle": "yes",
          "footway": "sidewalk",
          "highway": "footway"
        },
        "evidence_status": "candidate_only",
        "analysis_ready": false,
        "source": "OpenStreetMap official API tiles retrieved 2026-09-15",
        "geometry_warning": "area boundary, floor codes and access must be checked"
      },
      "geometry": {
        "type": "LineString",
        "coordinates": [
          [
            121.5114402,
            25.0473624
          ],
          [
            121.5115408,
            25.0474368
          ],
          [
            121.5115842,
            25.0474539
          ],
          [
            121.5116542,
            25.0474545
          ],
          [
            121.5117221,
            25.0474429
          ],
          [
            121.5122497,
            25.0473187
          ],
          [
            121.5130483,
            25.0471308
          ],
          [
            121.5131698,
            25.0470475
          ],
          [
            121.5131674,
            25.0467749
          ],
          [
            121.5131772,
            25.0460614
          ]
        ]
      }
    },
    {
      "type": "Feature",
      "id": 457830595,
      "properties": {
        "osm_type": "way",
        "osm_id": 457830595,
        "tags": {
          "bicycle": "yes",
          "footway": "sidewalk",
          "highway": "footway"
        },
        "evidence_status": "candidate_only",
        "analysis_ready": false,
        "source": "OpenStreetMap official API tiles retrieved 2026-09-15",
        "geometry_warning": "area boundary, floor codes and access must be checked"
      },
      "geometry": {
        "type": "LineString",
        "coordinates": [
          [
            121.5114402,
            25.0473624
          ],
          [
            121.5112614,
            25.0472368
          ],
          [
            121.5112631,
            25.0471455
          ],
          [
            121.511264,
            25.047043
          ],
          [
            121.5112598,
            25.046958
          ],
          [
            121.5112738,
            25.046872
          ],
          [
            121.5113041,
            25.0467872
          ],
          [
            121.511318,
            25.0467575
          ],
          [
            121.511323,
            25.0466599
          ],
          [
            121.5113273,
            25.0465778
          ],
          [
            121.5113304,
            25.0465321
          ],
          [
            121.511334,
            25.0464786
          ],
          [
            121.5113356,
            25.0464164
          ],
          [
            121.5113453,
            25.0462288
          ],
          [
            121.5113741,
            25.0460322
          ],
          [
            121.5114262,
            25.0460263
          ],
          [
            121.5114294,
            25.0459901
          ],
          [
            121.5114357,
            25.0459278
          ],
          [
            121.5114118,
            25.0459028
          ],
          [
            121.5114395,
            25.0455853
          ],
          [
            121.5114813,
            25.0452171
          ],
          [
            121.5114956,
            25.0451671
          ],
          [
            121.5114499,
            25.0450726
          ],
          [
            121.511578,
            25.0441836
          ],
          [
            121.511612,
            25.0441167
          ],
          [
            121.5115664,
            25.0428127
          ],
          [
            121.5115246,
            25.0425917
          ],
          [
            121.5115362,
            25.0423883
          ],
          [
            121.5116194,
            25.0423266
          ],
          [
            121.5116192,
            25.0422978
          ],
          [
            121.5116218,
            25.0422554
          ],
          [
            121.511614,
            25.0421986
          ],
          [
            121.511563,
            25.0421658
          ],
          [
            121.5115523,
            25.041806
          ],
          [
            121.51147,
            25.0412988
          ]
        ]
      }
    },
    {
      "type": "Feature",
      "id": 462478146,
      "properties": {
        "osm_type": "way",
        "osm_id": 462478146,
        "tags": {
          "bicycle": "yes",
          "footway": "sidewalk",
          "highway": "footway"
        },
        "evidence_status": "candidate_only",
        "analysis_ready": false,
        "source": "OpenStreetMap official API tiles retrieved 2026-09-15",
        "geometry_warning": "area boundary, floor codes and access must be checked"
      },
      "geometry": {
        "type": "LineString",
        "coordinates": [
          [
            121.5120492,
            25.0496405
          ],
          [
            121.5119715,
            25.0496285
          ],
          [
            121.5118963,
            25.0495777
          ],
          [
            121.5115377,
            25.04849
          ],
          [
            121.5115544,
            25.0484105
          ],
          [
            121.5116051,
            25.048359
          ]
        ]
      }
    },
    {
      "type": "Feature",
      "id": 513858505,
      "properties": {
        "osm_type": "way",
        "osm_id": 513858505,
        "tags": {
          "highway": "footway",
          "layer": "-1",
          "name": "北門機捷連通道",
          "tunnel": "yes"
        },
        "evidence_status": "candidate_only",
        "analysis_ready": false,
        "source": "OpenStreetMap official API tiles retrieved 2026-09-15",
        "geometry_warning": "area boundary, floor codes and access must be checked"
      },
      "geometry": {
        "type": "LineString",
        "coordinates": [
          [
            121.5105089,
            25.0497762
          ],
          [
            121.5115636,
            25.0495511
          ],
          [
            121.5117624,
            25.0495072
          ],
          [
            121.5119417,
            25.0494682
          ],
          [
            121.5131191,
            25.04921
          ],
          [
            121.5131147,
            25.0491495
          ],
          [
            121.5131075,
            25.0490494
          ],
          [
            121.5131036,
            25.0489959
          ],
          [
            121.5130981,
            25.0489193
          ],
          [
            121.5135129,
            25.0487972
          ]
        ]
      }
    },
    {
      "type": "Feature",
      "id": 529234040,
      "properties": {
        "osm_type": "way",
        "osm_id": 529234040,
        "tags": {
          "crossing": "zebra",
          "footway": "crossing",
          "highway": "footway"
        },
        "evidence_status": "candidate_only",
        "analysis_ready": false,
        "source": "OpenStreetMap official API tiles retrieved 2026-09-15",
        "geometry_warning": "area boundary, floor codes and access must be checked"
      },
      "geometry": {
        "type": "LineString",
        "coordinates": [
          [
            121.5088849,
            25.0452786
          ],
          [
            121.508995,
            25.0452824
          ],
          [
            121.5090403,
            25.0452841
          ],
          [
            121.5091166,
            25.0452839
          ],
          [
            121.5092552,
            25.0452767
          ],
          [
            121.5093078,
            25.0452648
          ],
          [
            121.5093752,
            25.0452515
          ],
          [
            121.5094599,
            25.0452348
          ]
        ]
      }
    },
    {
      "type": "Feature",
      "id": 529234041,
      "properties": {
        "osm_type": "way",
        "osm_id": 529234041,
        "tags": {
          "bicycle": "yes",
          "footway": "sidewalk",
          "highway": "footway"
        },
        "evidence_status": "candidate_only",
        "analysis_ready": false,
        "source": "OpenStreetMap official API tiles retrieved 2026-09-15",
        "geometry_warning": "area boundary, floor codes and access must be checked"
      },
      "geometry": {
        "type": "LineString",
        "coordinates": [
          [
            121.5094599,
            25.0452348
          ],
          [
            121.509428,
            25.045156
          ],
          [
            121.5094148,
            25.0450872
          ],
          [
            121.5094549,
            25.045093
          ],
          [
            121.5093327,
            25.0446808
          ],
          [
            121.5092586,
            25.0442733
          ],
          [
            121.509236,
            25.0441682
          ],
          [
            121.5092111,
            25.0440755
          ],
          [
            121.5091237,
            25.0437701
          ],
          [
            121.508889,
            25.0429674
          ],
          [
            121.50874,
            25.0424579
          ],
          [
            121.5086975,
            25.042305
          ],
          [
            121.5086612,
            25.0422666
          ]
        ]
      }
    },
    {
      "type": "Feature",
      "id": 529236379,
      "properties": {
        "osm_type": "way",
        "osm_id": 529236379,
        "tags": {
          "bicycle": "yes",
          "footway": "sidewalk",
          "highway": "footway",
          "surface": "paving_stones"
        },
        "evidence_status": "candidate_only",
        "analysis_ready": false,
        "source": "OpenStreetMap official API tiles retrieved 2026-09-15",
        "geometry_warning": "area boundary, floor codes and access must be checked"
      },
      "geometry": {
        "type": "LineString",
        "coordinates": [
          [
            121.5091707,
            25.0462002
          ],
          [
            121.509227,
            25.0463922
          ],
          [
            121.509395,
            25.0469647
          ],
          [
            121.5093661,
            25.0470125
          ],
          [
            121.5093889,
            25.0470951
          ],
          [
            121.5094315,
            25.0472702
          ],
          [
            121.5095855,
            25.0478107
          ],
          [
            121.5095686,
            25.0479562
          ],
          [
            121.50956,
            25.0479833
          ],
          [
            121.5086135,
            25.0482057
          ],
          [
            121.5085723,
            25.0482154
          ],
          [
            121.5085288,
            25.0482257
          ],
          [
            121.5076778,
            25.0484266
          ],
          [
            121.5076451,
            25.0484111
          ]
        ]
      }
    },
    {
      "type": "Feature",
      "id": 529236380,
      "properties": {
        "osm_type": "way",
        "osm_id": 529236380,
        "tags": {
          "bicycle": "yes",
          "footway": "sidewalk",
          "highway": "footway",
          "surface": "paving_stones"
        },
        "evidence_status": "candidate_only",
        "analysis_ready": false,
        "source": "OpenStreetMap official API tiles retrieved 2026-09-15",
        "geometry_warning": "area boundary, floor codes and access must be checked"
      },
      "geometry": {
        "type": "LineString",
        "coordinates": [
          [
            121.5096999,
            25.0458753
          ],
          [
            121.5096383,
            25.0456674
          ],
          [
            121.5096152,
            25.0455898
          ],
          [
            121.5095981,
            25.0455319
          ],
          [
            121.5095867,
            25.0454936
          ],
          [
            121.5095065,
            25.045223
          ],
          [
            121.5094599,
            25.0452348
          ]
        ]
      }
    },
    {
      "type": "Feature",
      "id": 529236381,
      "properties": {
        "osm_type": "way",
        "osm_id": 529236381,
        "tags": {
          "crossing": "zebra",
          "footway": "crossing",
          "highway": "footway",
          "surface": "asphalt"
        },
        "evidence_status": "candidate_only",
        "analysis_ready": false,
        "source": "OpenStreetMap official API tiles retrieved 2026-09-15",
        "geometry_warning": "area boundary, floor codes and access must be checked"
      },
      "geometry": {
        "type": "LineString",
        "coordinates": [
          [
            121.509076,
            25.0459985
          ],
          [
            121.509193,
            25.0459723
          ],
          [
            121.509241,
            25.0459615
          ],
          [
            121.5093052,
            25.0459471
          ],
          [
            121.5094241,
            25.0459201
          ],
          [
            121.5094877,
            25.0459059
          ],
          [
            121.5095571,
            25.0458905
          ],
          [
            121.5096185,
            25.0458718
          ],
          [
            121.5096999,
            25.0458753
          ]
        ]
      }
    },
    {
      "type": "Feature",
      "id": 529236382,
      "properties": {
        "osm_type": "way",
        "osm_id": 529236382,
        "tags": {
          "crossing": "zebra",
          "footway": "crossing",
          "highway": "footway"
        },
        "evidence_status": "candidate_only",
        "analysis_ready": false,
        "source": "OpenStreetMap official API tiles retrieved 2026-09-15",
        "geometry_warning": "area boundary, floor codes and access must be checked"
      },
      "geometry": {
        "type": "LineString",
        "coordinates": [
          [
            121.5088227,
            25.0450975
          ],
          [
            121.5089246,
            25.0450361
          ],
          [
            121.5090468,
            25.045041
          ],
          [
            121.5091915,
            25.0450602
          ],
          [
            121.5093193,
            25.045074
          ],
          [
            121.5094148,
            25.0450872
          ]
        ]
      }
    },
    {
      "type": "Feature",
      "id": 545610665,
      "properties": {
        "osm_type": "way",
        "osm_id": 545610665,
        "tags": {
          "bicycle": "yes",
          "crossing": "zebra",
          "footway": "crossing",
          "highway": "footway",
          "surface": "asphalt"
        },
        "evidence_status": "candidate_only",
        "analysis_ready": false,
        "source": "OpenStreetMap official API tiles retrieved 2026-09-15",
        "geometry_warning": "area boundary, floor codes and access must be checked"
      },
      "geometry": {
        "type": "LineString",
        "coordinates": [
          [
            121.509395,
            25.0469647
          ],
          [
            121.509472,
            25.0469543
          ],
          [
            121.5096101,
            25.0469359
          ],
          [
            121.5098563,
            25.0469032
          ]
        ]
      }
    },
    {
      "type": "Feature",
      "id": 545610666,
      "properties": {
        "osm_type": "way",
        "osm_id": 545610666,
        "tags": {
          "bicycle": "yes",
          "footway": "sidewalk",
          "highway": "footway",
          "surface": "paving_stones"
        },
        "evidence_status": "candidate_only",
        "analysis_ready": false,
        "source": "OpenStreetMap official API tiles retrieved 2026-09-15",
        "geometry_warning": "area boundary, floor codes and access must be checked"
      },
      "geometry": {
        "type": "LineString",
        "coordinates": [
          [
            121.5103165,
            25.0479306
          ],
          [
            121.5103339,
            25.0477823
          ],
          [
            121.5101858,
            25.0473106
          ],
          [
            121.510134,
            25.0472911
          ],
          [
            121.5101141,
            25.0472095
          ],
          [
            121.5100932,
            25.0471409
          ],
          [
            121.5100403,
            25.0469677
          ],
          [
            121.5100136,
            25.0469015
          ],
          [
            121.5100015,
            25.0468834
          ],
          [
            121.5098389,
            25.0465538
          ],
          [
            121.5098162,
            25.0464924
          ],
          [
            121.5097514,
            25.0462799
          ],
          [
            121.5097688,
            25.0462749
          ],
          [
            121.5097847,
            25.0462704
          ],
          [
            121.5098181,
            25.0462618
          ],
          [
            121.5097588,
            25.0460545
          ],
          [
            121.5097437,
            25.0460047
          ]
        ]
      }
    },
    {
      "type": "Feature",
      "id": 548623141,
      "properties": {
        "osm_type": "way",
        "osm_id": 548623141,
        "tags": {
          "footway": "sidewalk",
          "highway": "footway",
          "surface": "paving_stones"
        },
        "evidence_status": "candidate_only",
        "analysis_ready": false,
        "source": "OpenStreetMap official API tiles retrieved 2026-09-15",
        "geometry_warning": "area boundary, floor codes and access must be checked"
      },
      "geometry": {
        "type": "LineString",
        "coordinates": [
          [
            121.5113307,
            25.0479065
          ],
          [
            121.5113108,
            25.0478776
          ],
          [
            121.5112383,
            25.0477786
          ]
        ]
      }
    },
    {
      "type": "Feature",
      "id": 549779381,
      "properties": {
        "osm_type": "way",
        "osm_id": 549779381,
        "tags": {
          "area": "yes",
          "highway": "pedestrian"
        },
        "evidence_status": "candidate_only",
        "analysis_ready": false,
        "source": "OpenStreetMap official API tiles retrieved 2026-09-15",
        "geometry_warning": "area boundary, floor codes and access must be checked"
      },
      "geometry": {
        "type": "LineString",
        "coordinates": [
          [
            121.5103172,
            25.048667
          ],
          [
            121.5102643,
            25.0483818
          ],
          [
            121.510262,
            25.0483675
          ],
          [
            121.5102608,
            25.048354
          ],
          [
            121.5102604,
            25.0483435
          ],
          [
            121.510261,
            25.0483323
          ],
          [
            121.5102627,
            25.0483235
          ],
          [
            121.5102677,
            25.048314
          ],
          [
            121.5102775,
            25.0483052
          ],
          [
            121.5102979,
            25.0482973
          ],
          [
            121.5103012,
            25.0482932
          ],
          [
            121.5103123,
            25.048289
          ],
          [
            121.5103229,
            25.048286
          ],
          [
            121.5103358,
            25.0482832
          ],
          [
            121.510346,
            25.048282
          ],
          [
            121.5103569,
            25.0482813
          ],
          [
            121.5111824,
            25.0483056
          ],
          [
            121.5111934,
            25.0483047
          ],
          [
            121.5112044,
            25.0483026
          ],
          [
            121.5112148,
            25.0483004
          ],
          [
            121.5112252,
            25.0482985
          ],
          [
            121.5112346,
            25.0482977
          ],
          [
            121.511243,
            25.0482974
          ],
          [
            121.5112499,
            25.0482981
          ],
          [
            121.5112565,
            25.0482993
          ],
          [
            121.5112614,
            25.0483004
          ],
          [
            121.5112657,
            25.0483021
          ],
          [
            121.5112702,
            25.0483043
          ],
          [
            121.5112741,
            25.0483069
          ],
          [
            121.5112782,
            25.04831
          ],
          [
            121.511282,
            25.0483137
          ],
          [
            121.5112857,
            25.0483179
          ],
          [
            121.5112895,
            25.0483227
          ],
          [
            121.5112932,
            25.0483283
          ],
          [
            121.5112959,
            25.0483329
          ],
          [
            121.5112986,
            25.0483383
          ],
          [
            121.511301,
            25.0483442
          ],
          [
            121.5113037,
            25.0483512
          ],
          [
            121.5113066,
            25.0483592
          ],
          [
            121.5113093,
            25.0483673
          ],
          [
            121.5113992,
            25.0486276
          ],
          [
            121.5112852,
            25.0485725
          ],
          [
            121.5109105,
            25.0484543
          ],
          [
            121.5109247,
            25.0484144
          ],
          [
            121.5106082,
            25.0483858
          ],
          [
            121.5104548,
            25.0484409
          ],
          [
            121.5103172,
            25.048667
          ]
        ]
      }
    },
    {
      "type": "Feature",
      "id": 549779388,
      "properties": {
        "osm_type": "way",
        "osm_id": 549779388,
        "tags": {
          "crossing": "zebra",
          "footway": "crossing",
          "highway": "footway"
        },
        "evidence_status": "candidate_only",
        "analysis_ready": false,
        "source": "OpenStreetMap official API tiles retrieved 2026-09-15",
        "geometry_warning": "area boundary, floor codes and access must be checked"
      },
      "geometry": {
        "type": "LineString",
        "coordinates": [
          [
            121.5114875,
            25.048245
          ],
          [
            121.5114054,
            25.048281
          ],
          [
            121.5113201,
            25.0483132
          ]
        ]
      }
    },
    {
      "type": "Feature",
      "id": 549779390,
      "properties": {
        "osm_type": "way",
        "osm_id": 549779390,
        "tags": {
          "crossing": "zebra",
          "footway": "crossing",
          "highway": "footway"
        },
        "evidence_status": "candidate_only",
        "analysis_ready": false,
        "source": "OpenStreetMap official API tiles retrieved 2026-09-15",
        "geometry_warning": "area boundary, floor codes and access must be checked"
      },
      "geometry": {
        "type": "LineString",
        "coordinates": [
          [
            121.5115633,
            25.0482298
          ],
          [
            121.5115864,
            25.0482987
          ],
          [
            121.5116051,
            25.048359
          ]
        ]
      }
    },
    {
      "type": "Feature",
      "id": 549779395,
      "properties": {
        "osm_type": "way",
        "osm_id": 549779395,
        "tags": {
          "footway": "sidewalk",
          "highway": "footway",
          "surface": "paving_stones"
        },
        "evidence_status": "candidate_only",
        "analysis_ready": false,
        "source": "OpenStreetMap official API tiles retrieved 2026-09-15",
        "geometry_warning": "area boundary, floor codes and access must be checked"
      },
      "geometry": {
        "type": "LineString",
        "coordinates": [
          [
            121.5096431,
            25.0483296
          ],
          [
            121.5098745,
            25.0484273
          ],
          [
            121.5101171,
            25.0492203
          ],
          [
            121.5103187,
            25.049983
          ],
          [
            121.5103464,
            25.050095
          ],
          [
            121.5103987,
            25.0503064
          ],
          [
            121.5104092,
            25.0503394
          ]
        ]
      }
    },
    {
      "type": "Feature",
      "id": 549779398,
      "properties": {
        "osm_type": "way",
        "osm_id": 549779398,
        "tags": {
          "crossing": "zebra",
          "footway": "crossing",
          "highway": "footway",
          "smoothness": "excellent",
          "surface": "asphalt"
        },
        "evidence_status": "candidate_only",
        "analysis_ready": false,
        "source": "OpenStreetMap official API tiles retrieved 2026-09-15",
        "geometry_warning": "area boundary, floor codes and access must be checked"
      },
      "geometry": {
        "type": "LineString",
        "coordinates": [
          [
            121.50956,
            25.0479833
          ],
          [
            121.5095908,
            25.0481117
          ],
          [
            121.5096224,
            25.0482434
          ],
          [
            121.5096431,
            25.0483296
          ]
        ]
      }
    },
    {
      "type": "Feature",
      "id": 549779400,
      "properties": {
        "osm_type": "way",
        "osm_id": 549779400,
        "tags": {
          "crossing": "zebra",
          "footway": "crossing",
          "highway": "footway",
          "surface": "asphalt"
        },
        "evidence_status": "candidate_only",
        "analysis_ready": false,
        "source": "OpenStreetMap official API tiles retrieved 2026-09-15",
        "geometry_warning": "area boundary, floor codes and access must be checked"
      },
      "geometry": {
        "type": "LineString",
        "coordinates": [
          [
            121.5102236,
            25.0483485
          ],
          [
            121.5100584,
            25.0483958
          ],
          [
            121.5099185,
            25.0484211
          ],
          [
            121.5098745,
            25.0484273
          ]
        ]
      }
    },
    {
      "type": "Feature",
      "id": 549779403,
      "properties": {
        "osm_type": "way",
        "osm_id": 549779403,
        "tags": {
          "footway": "sidewalk",
          "highway": "footway"
        },
        "evidence_status": "candidate_only",
        "analysis_ready": false,
        "source": "OpenStreetMap official API tiles retrieved 2026-09-15",
        "geometry_warning": "area boundary, floor codes and access must be checked"
      },
      "geometry": {
        "type": "LineString",
        "coordinates": [
          [
            121.5102236,
            25.0483485
          ],
          [
            121.5102994,
            25.0483147
          ],
          [
            121.5111976,
            25.0482435
          ],
          [
            121.5112388,
            25.0482507
          ],
          [
            121.5112736,
            25.0482612
          ],
          [
            121.5112952,
            25.048271
          ],
          [
            121.5113201,
            25.0483132
          ],
          [
            121.5117968,
            25.049714
          ]
        ]
      }
    },
    {
      "type": "Feature",
      "id": 581526965,
      "properties": {
        "osm_type": "way",
        "osm_id": 581526965,
        "tags": {
          "highway": "path",
          "surface": "paving_stones"
        },
        "evidence_status": "candidate_only",
        "analysis_ready": false,
        "source": "OpenStreetMap official API tiles retrieved 2026-09-15",
        "geometry_warning": "area boundary, floor codes and access must be checked"
      },
      "geometry": {
        "type": "LineString",
        "coordinates": [
          [
            121.511014,
            25.0453651
          ],
          [
            121.5109073,
            25.0453828
          ],
          [
            121.5109066,
            25.0451632
          ]
        ]
      }
    },
    {
      "type": "Feature",
      "id": 581526966,
      "properties": {
        "osm_type": "way",
        "osm_id": 581526966,
        "tags": {
          "highway": "path",
          "name": "博愛路1巷",
          "name:en": "Lane 1, Bo’ai Road",
          "name:nan": "Phok-ài-lō͘ 1-hāng",
          "name:nan-Hant": "博愛路1巷",
          "name:nan-Latn-pehoeji": "Phok-ài-lō͘ 1-hāng",
          "name:nan-Latn-tailo": "Phok-ài-lōo 1-hāng",
          "name:zh": "博愛路1巷"
        },
        "evidence_status": "candidate_only",
        "analysis_ready": false,
        "source": "OpenStreetMap official API tiles retrieved 2026-09-15",
        "geometry_warning": "area boundary, floor codes and access must be checked"
      },
      "geometry": {
        "type": "LineString",
        "coordinates": [
          [
            121.5112883,
            25.0462264
          ],
          [
            121.5113453,
            25.0462288
          ],
          [
            121.5115594,
            25.0462354
          ]
        ]
      }
    },
    {
      "type": "Feature",
      "id": 581526967,
      "properties": {
        "osm_type": "way",
        "osm_id": 581526967,
        "tags": {
          "highway": "footway",
          "name": "開封街一段106巷",
          "name:en": "Lane 106, Kaifeng Street Section 1",
          "name:nan": "Khai-hong-ke 1-tōaⁿ 106-hāng",
          "name:nan-Hant": "開封街一段106巷",
          "name:nan-Latn-pehoeji": "Khai-hong-ke 1-tōaⁿ 106-hāng",
          "name:nan-Latn-tailo": "Khai-hong-ke 1-tuānn 106-hāng",
          "name:zh": "開封街一段106巷",
          "surface": "asphalt"
        },
        "evidence_status": "candidate_only",
        "analysis_ready": false,
        "source": "OpenStreetMap official API tiles retrieved 2026-09-15",
        "geometry_warning": "area boundary, floor codes and access must be checked"
      },
      "geometry": {
        "type": "LineString",
        "coordinates": [
          [
            121.5100611,
            25.0456059
          ],
          [
            121.5100542,
            25.0458961
          ],
          [
            121.510053,
            25.0459442
          ]
        ]
      }
    },
    {
      "type": "Feature",
      "id": 614592805,
      "properties": {
        "osm_type": "way",
        "osm_id": 614592805,
        "tags": {
          "highway": "footway",
          "surface": "paving_stones"
        },
        "evidence_status": "candidate_only",
        "analysis_ready": false,
        "source": "OpenStreetMap official API tiles retrieved 2026-09-15",
        "geometry_warning": "area boundary, floor codes and access must be checked"
      },
      "geometry": {
        "type": "LineString",
        "coordinates": [
          [
            121.5134336,
            25.0476327
          ],
          [
            121.5134846,
            25.0476194
          ],
          [
            121.5143287,
            25.0474123
          ],
          [
            121.5144767,
            25.047376
          ],
          [
            121.514552,
            25.0475798
          ],
          [
            121.5149115,
            25.0475262
          ]
        ]
      }
    },
    {
      "type": "Feature",
      "id": 614595741,
      "properties": {
        "osm_type": "way",
        "osm_id": 614595741,
        "tags": {
          "bicycle": "yes",
          "crossing": "zebra",
          "footway": "crossing",
          "highway": "footway",
          "surface": "asphalt"
        },
        "evidence_status": "candidate_only",
        "analysis_ready": false,
        "source": "OpenStreetMap official API tiles retrieved 2026-09-15",
        "geometry_warning": "area boundary, floor codes and access must be checked"
      },
      "geometry": {
        "type": "LineString",
        "coordinates": [
          [
            121.5131698,
            25.0470475
          ],
          [
            121.5132759,
            25.0470286
          ],
          [
            121.5133709,
            25.0470117
          ]
        ]
      }
    },
    {
      "type": "Feature",
      "id": 614595742,
      "properties": {
        "osm_type": "way",
        "osm_id": 614595742,
        "tags": {
          "crossing": "zebra",
          "footway": "crossing",
          "highway": "footway",
          "surface": "asphalt"
        },
        "evidence_status": "candidate_only",
        "analysis_ready": false,
        "source": "OpenStreetMap official API tiles retrieved 2026-09-15",
        "geometry_warning": "area boundary, floor codes and access must be checked"
      },
      "geometry": {
        "type": "LineString",
        "coordinates": [
          [
            121.5130483,
            25.0471308
          ],
          [
            121.5130763,
            25.0472334
          ],
          [
            121.5131116,
            25.0473628
          ],
          [
            121.513112,
            25.0474541
          ]
        ]
      }
    },
    {
      "type": "Feature",
      "id": 614595743,
      "properties": {
        "osm_type": "way",
        "osm_id": 614595743,
        "tags": {
          "crossing": "zebra",
          "footway": "crossing",
          "highway": "footway",
          "surface": "asphalt"
        },
        "evidence_status": "candidate_only",
        "analysis_ready": false,
        "source": "OpenStreetMap official API tiles retrieved 2026-09-15",
        "geometry_warning": "area boundary, floor codes and access must be checked"
      },
      "geometry": {
        "type": "LineString",
        "coordinates": [
          [
            121.5134149,
            25.0470424
          ],
          [
            121.5134455,
            25.0471453
          ],
          [
            121.5134821,
            25.0472687
          ],
          [
            121.5135011,
            25.0473328
          ]
        ]
      }
    },
    {
      "type": "Feature",
      "id": 614595744,
      "properties": {
        "osm_type": "way",
        "osm_id": 614595744,
        "tags": {
          "bicycle": "yes",
          "crossing": "zebra",
          "footway": "crossing",
          "highway": "footway",
          "surface": "asphalt"
        },
        "evidence_status": "candidate_only",
        "analysis_ready": false,
        "source": "OpenStreetMap official API tiles retrieved 2026-09-15",
        "geometry_warning": "area boundary, floor codes and access must be checked"
      },
      "geometry": {
        "type": "LineString",
        "coordinates": [
          [
            121.5131856,
            25.0474708
          ],
          [
            121.5132904,
            25.0474669
          ],
          [
            121.5134404,
            25.0474644
          ]
        ]
      }
    },
    {
      "type": "Feature",
      "id": 614595745,
      "properties": {
        "osm_type": "way",
        "osm_id": 614595745,
        "tags": {
          "bicycle": "yes",
          "footway": "sidewalk",
          "highway": "footway",
          "surface": "paving_stones"
        },
        "evidence_status": "candidate_only",
        "analysis_ready": false,
        "source": "OpenStreetMap official API tiles retrieved 2026-09-15",
        "geometry_warning": "area boundary, floor codes and access must be checked"
      },
      "geometry": {
        "type": "LineString",
        "coordinates": [
          [
            121.5134417,
            25.0474434
          ],
          [
            121.5134404,
            25.0474644
          ],
          [
            121.5134336,
            25.0476327
          ],
          [
            121.5134359,
            25.0477761
          ],
          [
            121.5135017,
            25.0477736
          ],
          [
            121.5135087,
            25.0479859
          ]
        ]
      }
    },
    {
      "type": "Feature",
      "id": 614595747,
      "properties": {
        "osm_type": "way",
        "osm_id": 614595747,
        "tags": {
          "footway": "sidewalk",
          "highway": "footway",
          "surface": "asphalt"
        },
        "evidence_status": "candidate_only",
        "analysis_ready": false,
        "source": "OpenStreetMap official API tiles retrieved 2026-09-15",
        "geometry_warning": "area boundary, floor codes and access must be checked"
      },
      "geometry": {
        "type": "LineString",
        "coordinates": [
          [
            121.5149145,
            25.0465998
          ],
          [
            121.5149058,
            25.0466744
          ],
          [
            121.5148751,
            25.0466867
          ],
          [
            121.5147127,
            25.0467253
          ],
          [
            121.514217,
            25.0468431
          ],
          [
            121.5138601,
            25.0469327
          ],
          [
            121.5138096,
            25.0469453
          ],
          [
            121.5136611,
            25.0469826
          ],
          [
            121.5134149,
            25.0470424
          ],
          [
            121.5133709,
            25.0470117
          ],
          [
            121.5133342,
            25.0469788
          ],
          [
            121.5133321,
            25.0464712
          ],
          [
            121.5133321,
            25.0460595
          ],
          [
            121.5133441,
            25.0459865
          ],
          [
            121.5133455,
            25.0459581
          ],
          [
            121.5133213,
            25.045915
          ],
          [
            121.5133207,
            25.0456672
          ],
          [
            121.5133166,
            25.0454973
          ],
          [
            121.5133274,
            25.0452516
          ],
          [
            121.5133582,
            25.0452254
          ],
          [
            121.5133549,
            25.0451704
          ],
          [
            121.5133528,
            25.0451361
          ],
          [
            121.5132908,
            25.0450862
          ],
          [
            121.5132786,
            25.0441246
          ],
          [
            121.5133143,
            25.0440923
          ],
          [
            121.5133146,
            25.0440628
          ],
          [
            121.5133142,
            25.0440404
          ],
          [
            121.5132824,
            25.0440158
          ],
          [
            121.5132751,
            25.0435082
          ]
        ]
      }
    },
    {
      "type": "Feature",
      "id": 618963494,
      "properties": {
        "osm_type": "way",
        "osm_id": 618963494,
        "tags": {
          "crossing": "zebra",
          "footway": "crossing",
          "highway": "footway",
          "surface": "asphalt"
        },
        "evidence_status": "candidate_only",
        "analysis_ready": false,
        "source": "OpenStreetMap official API tiles retrieved 2026-09-15",
        "geometry_warning": "area boundary, floor codes and access must be checked"
      },
      "geometry": {
        "type": "LineString",
        "coordinates": [
          [
            121.5115209,
            25.0481819
          ],
          [
            121.5114606,
            25.0480943
          ],
          [
            121.5113781,
            25.0479749
          ],
          [
            121.5113307,
            25.0479065
          ]
        ]
      }
    },
    {
      "type": "Feature",
      "id": 618963495,
      "properties": {
        "osm_type": "way",
        "osm_id": 618963495,
        "tags": {
          "footway": "sidewalk",
          "highway": "footway",
          "surface": "paving_stones"
        },
        "evidence_status": "candidate_only",
        "analysis_ready": false,
        "source": "OpenStreetMap official API tiles retrieved 2026-09-15",
        "geometry_warning": "area boundary, floor codes and access must be checked"
      },
      "geometry": {
        "type": "LineString",
        "coordinates": [
          [
            121.5102236,
            25.0483485
          ],
          [
            121.5102401,
            25.0484543
          ],
          [
            121.5106345,
            25.0499195
          ],
          [
            121.5106626,
            25.0499341
          ],
          [
            121.5107256,
            25.0499669
          ],
          [
            121.5117777,
            25.0497485
          ],
          [
            121.5117968,
            25.049714
          ]
        ]
      }
    },
    {
      "type": "Feature",
      "id": 618963496,
      "properties": {
        "osm_type": "way",
        "osm_id": 618963496,
        "tags": {
          "crossing": "zebra",
          "footway": "crossing",
          "highway": "footway",
          "surface": "asphalt"
        },
        "evidence_status": "candidate_only",
        "analysis_ready": false,
        "source": "OpenStreetMap official API tiles retrieved 2026-09-15",
        "geometry_warning": "area boundary, floor codes and access must be checked"
      },
      "geometry": {
        "type": "LineString",
        "coordinates": [
          [
            121.5103165,
            25.0479306
          ],
          [
            121.5103107,
            25.0480744
          ],
          [
            121.5103024,
            25.0482195
          ],
          [
            121.5102979,
            25.0482973
          ],
          [
            121.5102994,
            25.0483147
          ]
        ]
      }
    },
    {
      "type": "Feature",
      "id": 618963497,
      "properties": {
        "osm_type": "way",
        "osm_id": 618963497,
        "tags": {
          "crossing": "zebra",
          "footway": "crossing",
          "highway": "footway",
          "surface": "asphalt"
        },
        "evidence_status": "candidate_only",
        "analysis_ready": false,
        "source": "OpenStreetMap official API tiles retrieved 2026-09-15",
        "geometry_warning": "area boundary, floor codes and access must be checked"
      },
      "geometry": {
        "type": "LineString",
        "coordinates": [
          [
            121.5095686,
            25.0479562
          ],
          [
            121.5097972,
            25.047903
          ],
          [
            121.5100552,
            25.047837
          ],
          [
            121.5101973,
            25.0478028
          ],
          [
            121.5102438,
            25.0477944
          ]
        ]
      }
    },
    {
      "type": "Feature",
      "id": 631253964,
      "properties": {
        "osm_type": "way",
        "osm_id": 631253964,
        "tags": {
          "highway": "footway",
          "name": "開封街一段94巷",
          "name:en": "Lane 94, Kaifeng Street Section 1",
          "name:nan": "Khai-hong-ke 1-tōaⁿ 94-hāng",
          "name:nan-Hant": "開封街一段94巷",
          "name:nan-Latn-pehoeji": "Khai-hong-ke 1-tōaⁿ 94-hāng",
          "name:nan-Latn-tailo": "Khai-hong-ke 1-tuānn 94-hāng",
          "name:zh": "開封街一段94巷"
        },
        "evidence_status": "candidate_only",
        "analysis_ready": false,
        "source": "OpenStreetMap official API tiles retrieved 2026-09-15",
        "geometry_warning": "area boundary, floor codes and access must be checked"
      },
      "geometry": {
        "type": "LineString",
        "coordinates": [
          [
            121.5103251,
            25.0459547
          ],
          [
            121.5103267,
            25.0459011
          ],
          [
            121.5103313,
            25.0457461
          ],
          [
            121.5102693,
            25.0455922
          ]
        ]
      }
    },
    {
      "type": "Feature",
      "id": 681395582,
      "properties": {
        "osm_type": "way",
        "osm_id": 681395582,
        "tags": {
          "highway": "footway"
        },
        "evidence_status": "candidate_only",
        "analysis_ready": false,
        "source": "OpenStreetMap official API tiles retrieved 2026-09-15",
        "geometry_warning": "area boundary, floor codes and access must be checked"
      },
      "geometry": {
        "type": "LineString",
        "coordinates": [
          [
            121.5112103,
            25.0475234
          ],
          [
            121.5110555,
            25.0475686
          ],
          [
            121.5109759,
            25.0476859
          ],
          [
            121.5105223,
            25.0478001
          ],
          [
            121.5103339,
            25.0477823
          ],
          [
            121.5102438,
            25.0477944
          ]
        ]
      }
    },
    {
      "type": "Feature",
      "id": 708160131,
      "properties": {
        "osm_type": "way",
        "osm_id": 708160131,
        "tags": {
          "footway": "crossing",
          "highway": "footway"
        },
        "evidence_status": "candidate_only",
        "analysis_ready": false,
        "source": "OpenStreetMap official API tiles retrieved 2026-09-15",
        "geometry_warning": "area boundary, floor codes and access must be checked"
      },
      "geometry": {
        "type": "LineString",
        "coordinates": [
          [
            121.5133274,
            25.0452516
          ],
          [
            121.5132436,
            25.0452333
          ],
          [
            121.5131852,
            25.0452297
          ]
        ]
      }
    },
    {
      "type": "Feature",
      "id": 708160132,
      "properties": {
        "osm_type": "way",
        "osm_id": 708160132,
        "tags": {
          "footway": "crossing",
          "highway": "footway"
        },
        "evidence_status": "candidate_only",
        "analysis_ready": false,
        "source": "OpenStreetMap official API tiles retrieved 2026-09-15",
        "geometry_warning": "area boundary, floor codes and access must be checked"
      },
      "geometry": {
        "type": "LineString",
        "coordinates": [
          [
            121.5132908,
            25.0450862
          ],
          [
            121.5132422,
            25.0450863
          ],
          [
            121.5131919,
            25.0450912
          ]
        ]
      }
    },
    {
      "type": "Feature",
      "id": 708160133,
      "properties": {
        "osm_type": "way",
        "osm_id": 708160133,
        "tags": {
          "footway": "crossing",
          "highway": "footway",
          "surface": "asphalt"
        },
        "evidence_status": "candidate_only",
        "analysis_ready": false,
        "source": "OpenStreetMap official API tiles retrieved 2026-09-15",
        "geometry_warning": "area boundary, floor codes and access must be checked"
      },
      "geometry": {
        "type": "LineString",
        "coordinates": [
          [
            121.5133213,
            25.045915
          ],
          [
            121.5132481,
            25.0459174
          ],
          [
            121.5131839,
            25.0459137
          ]
        ]
      }
    },
    {
      "type": "Feature",
      "id": 708160134,
      "properties": {
        "osm_type": "way",
        "osm_id": 708160134,
        "tags": {
          "footway": "crossing",
          "highway": "footway",
          "surface": "asphalt"
        },
        "evidence_status": "candidate_only",
        "analysis_ready": false,
        "source": "OpenStreetMap official API tiles retrieved 2026-09-15",
        "geometry_warning": "area boundary, floor codes and access must be checked"
      },
      "geometry": {
        "type": "LineString",
        "coordinates": [
          [
            121.5133321,
            25.0460595
          ],
          [
            121.51325,
            25.0460608
          ],
          [
            121.5131772,
            25.0460614
          ],
          [
            121.5131577,
            25.0460352
          ],
          [
            121.5131544,
            25.0459867
          ]
        ]
      }
    },
    {
      "type": "Feature",
      "id": 708160137,
      "properties": {
        "osm_type": "way",
        "osm_id": 708160137,
        "tags": {
          "footway": "sidewalk",
          "highway": "footway"
        },
        "evidence_status": "candidate_only",
        "analysis_ready": false,
        "source": "OpenStreetMap official API tiles retrieved 2026-09-15",
        "geometry_warning": "area boundary, floor codes and access must be checked"
      },
      "geometry": {
        "type": "LineString",
        "coordinates": [
          [
            121.5131321,
            25.04411
          ],
          [
            121.5131664,
            25.0441359
          ],
          [
            121.5131719,
            25.0445342
          ],
          [
            121.5131919,
            25.0450912
          ],
          [
            121.5131624,
            25.0451264
          ],
          [
            121.5131624,
            25.0451708
          ],
          [
            121.5131597,
            25.045209
          ],
          [
            121.5131852,
            25.0452297
          ],
          [
            121.5131839,
            25.0459137
          ],
          [
            121.5131597,
            25.0459271
          ],
          [
            121.5131544,
            25.0459867
          ]
        ]
      }
    },
    {
      "type": "Feature",
      "id": 810538635,
      "properties": {
        "osm_type": "way",
        "osm_id": 810538635,
        "tags": {
          "bicycle": "yes",
          "footway": "sidewalk",
          "highway": "footway",
          "surface": "asphalt"
        },
        "evidence_status": "candidate_only",
        "analysis_ready": false,
        "source": "OpenStreetMap official API tiles retrieved 2026-09-15",
        "geometry_warning": "area boundary, floor codes and access must be checked"
      },
      "geometry": {
        "type": "LineString",
        "coordinates": [
          [
            121.5113665,
            25.0413077
          ],
          [
            121.5114264,
            25.0417359
          ],
          [
            121.5114381,
            25.0421873
          ],
          [
            121.5114434,
            25.0422507
          ],
          [
            121.5114447,
            25.0423067
          ],
          [
            121.5114451,
            25.0423233
          ],
          [
            121.5114631,
            25.0430765
          ],
          [
            121.5114874,
            25.0441243
          ],
          [
            121.5113465,
            25.0450613
          ],
          [
            121.5113306,
            25.045167
          ],
          [
            121.5113257,
            25.0452109
          ],
          [
            121.5112835,
            25.0455851
          ],
          [
            121.5112401,
            25.0459931
          ],
          [
            121.5112319,
            25.046063
          ],
          [
            121.5111896,
            25.0465085
          ],
          [
            121.5111437,
            25.046914
          ],
          [
            121.5111108,
            25.0469137
          ],
          [
            121.511111,
            25.0469556
          ]
        ]
      }
    },
    {
      "type": "Feature",
      "id": 827117108,
      "properties": {
        "osm_type": "way",
        "osm_id": 827117108,
        "tags": {
          "footway": "crossing",
          "highway": "footway",
          "surface": "asphalt"
        },
        "evidence_status": "candidate_only",
        "analysis_ready": false,
        "source": "OpenStreetMap official API tiles retrieved 2026-09-15",
        "geometry_warning": "area boundary, floor codes and access must be checked"
      },
      "geometry": {
        "type": "LineString",
        "coordinates": [
          [
            121.5113465,
            25.0450613
          ],
          [
            121.5114222,
            25.0450704
          ],
          [
            121.5114499,
            25.0450726
          ]
        ]
      }
    },
    {
      "type": "Feature",
      "id": 827117109,
      "properties": {
        "osm_type": "way",
        "osm_id": 827117109,
        "tags": {
          "footway": "crossing",
          "highway": "footway",
          "surface": "asphalt"
        },
        "evidence_status": "candidate_only",
        "analysis_ready": false,
        "source": "OpenStreetMap official API tiles retrieved 2026-09-15",
        "geometry_warning": "area boundary, floor codes and access must be checked"
      },
      "geometry": {
        "type": "LineString",
        "coordinates": [
          [
            121.5113257,
            25.0452109
          ],
          [
            121.511405,
            25.0452162
          ],
          [
            121.5114813,
            25.0452171
          ]
        ]
      }
    },
    {
      "type": "Feature",
      "id": 827117110,
      "properties": {
        "osm_type": "way",
        "osm_id": 827117110,
        "tags": {
          "crossing": "traffic_signals",
          "crossing:markings": "yes",
          "footway": "crossing",
          "highway": "footway",
          "surface": "asphalt"
        },
        "evidence_status": "candidate_only",
        "analysis_ready": false,
        "source": "OpenStreetMap official API tiles retrieved 2026-09-15",
        "geometry_warning": "area boundary, floor codes and access must be checked"
      },
      "geometry": {
        "type": "LineString",
        "coordinates": [
          [
            121.5104215,
            25.0452094
          ],
          [
            121.5104896,
            25.0452084
          ],
          [
            121.5105717,
            25.0452071
          ]
        ]
      }
    },
    {
      "type": "Feature",
      "id": 832911599,
      "properties": {
        "osm_type": "way",
        "osm_id": 832911599,
        "tags": {
          "bicycle": "yes",
          "footway": "sidewalk",
          "highway": "footway",
          "surface": "asphalt"
        },
        "evidence_status": "candidate_only",
        "analysis_ready": false,
        "source": "OpenStreetMap official API tiles retrieved 2026-09-15",
        "geometry_warning": "area boundary, floor codes and access must be checked"
      },
      "geometry": {
        "type": "LineString",
        "coordinates": [
          [
            121.5091397,
            25.0461645
          ],
          [
            121.5091215,
            25.0461436
          ],
          [
            121.5091118,
            25.0461186
          ],
          [
            121.5090936,
            25.0460637
          ],
          [
            121.509076,
            25.0459985
          ]
        ]
      }
    },
    {
      "type": "Feature",
      "id": 837377224,
      "properties": {
        "osm_type": "way",
        "osm_id": 837377224,
        "tags": {
          "bicycle": "yes",
          "footway": "sidewalk",
          "highway": "footway",
          "surface": "paving_stones"
        },
        "evidence_status": "candidate_only",
        "analysis_ready": false,
        "source": "OpenStreetMap official API tiles retrieved 2026-09-15",
        "geometry_warning": "area boundary, floor codes and access must be checked"
      },
      "geometry": {
        "type": "LineString",
        "coordinates": [
          [
            121.5135275,
            25.048095
          ],
          [
            121.5134951,
            25.0481333
          ],
          [
            121.513488,
            25.0482289
          ]
        ]
      }
    },
    {
      "type": "Feature",
      "id": 948996428,
      "properties": {
        "osm_type": "way",
        "osm_id": 948996428,
        "tags": {
          "highway": "footway"
        },
        "evidence_status": "candidate_only",
        "analysis_ready": false,
        "source": "OpenStreetMap official API tiles retrieved 2026-09-15",
        "geometry_warning": "area boundary, floor codes and access must be checked"
      },
      "geometry": {
        "type": "LineString",
        "coordinates": [
          [
            121.5093078,
            25.0452648
          ],
          [
            121.5094003,
            25.0455723
          ],
          [
            121.5094877,
            25.0459059
          ]
        ]
      }
    },
    {
      "type": "Feature",
      "id": 948996430,
      "properties": {
        "osm_type": "way",
        "osm_id": 948996430,
        "tags": {
          "highway": "footway"
        },
        "evidence_status": "candidate_only",
        "analysis_ready": false,
        "source": "OpenStreetMap official API tiles retrieved 2026-09-15",
        "geometry_warning": "area boundary, floor codes and access must be checked"
      },
      "geometry": {
        "type": "LineString",
        "coordinates": [
          [
            121.5090403,
            25.0452841
          ],
          [
            121.509241,
            25.0459615
          ]
        ]
      }
    },
    {
      "type": "Feature",
      "id": 949088517,
      "properties": {
        "osm_type": "way",
        "osm_id": 949088517,
        "tags": {
          "highway": "footway",
          "surface": "paving_stones"
        },
        "evidence_status": "candidate_only",
        "analysis_ready": false,
        "source": "OpenStreetMap official API tiles retrieved 2026-09-15",
        "geometry_warning": "area boundary, floor codes and access must be checked"
      },
      "geometry": {
        "type": "LineString",
        "coordinates": [
          [
            121.5093661,
            25.0470125
          ],
          [
            121.5073916,
            25.0474811
          ],
          [
            121.5071471,
            25.0465965
          ],
          [
            121.5090173,
            25.0461416
          ],
          [
            121.5091118,
            25.0461186
          ]
        ]
      }
    },
    {
      "type": "Feature",
      "id": 1105170977,
      "properties": {
        "osm_type": "way",
        "osm_id": 1105170977,
        "tags": {
          "crossing:markings": "zebra",
          "footway": "crossing",
          "highway": "footway"
        },
        "evidence_status": "candidate_only",
        "analysis_ready": false,
        "source": "OpenStreetMap official API tiles retrieved 2026-09-15",
        "geometry_warning": "area boundary, floor codes and access must be checked"
      },
      "geometry": {
        "type": "LineString",
        "coordinates": [
          [
            121.5131927,
            25.048165
          ],
          [
            121.5131981,
            25.0482632
          ],
          [
            121.5132034,
            25.048347
          ]
        ]
      }
    },
    {
      "type": "Feature",
      "id": 1105170978,
      "properties": {
        "osm_type": "way",
        "osm_id": 1105170978,
        "tags": {
          "footway": "sidewalk",
          "highway": "footway"
        },
        "evidence_status": "candidate_only",
        "analysis_ready": false,
        "source": "OpenStreetMap official API tiles retrieved 2026-09-15",
        "geometry_warning": "area boundary, floor codes and access must be checked"
      },
      "geometry": {
        "type": "LineString",
        "coordinates": [
          [
            121.5116556,
            25.0480876
          ],
          [
            121.5115209,
            25.0481819
          ],
          [
            121.5114875,
            25.048245
          ],
          [
            121.5115633,
            25.0482298
          ],
          [
            121.5116821,
            25.0481672
          ],
          [
            121.5131021,
            25.0481787
          ],
          [
            121.5131455,
            25.0481775
          ]
        ]
      }
    },
    {
      "type": "Feature",
      "id": 1105170979,
      "properties": {
        "osm_type": "way",
        "osm_id": 1105170979,
        "tags": {
          "highway": "steps"
        },
        "evidence_status": "candidate_only",
        "analysis_ready": false,
        "source": "OpenStreetMap official API tiles retrieved 2026-09-15",
        "geometry_warning": "area boundary, floor codes and access must be checked"
      },
      "geometry": {
        "type": "LineString",
        "coordinates": [
          [
            121.5132107,
            25.0476186
          ],
          [
            121.5132202,
            25.0475501
          ]
        ]
      }
    },
    {
      "type": "Feature",
      "id": 1105170982,
      "properties": {
        "osm_type": "way",
        "osm_id": 1105170982,
        "tags": {
          "crossing:markings": "zebra",
          "footway": "crossing",
          "highway": "footway"
        },
        "evidence_status": "candidate_only",
        "analysis_ready": false,
        "source": "OpenStreetMap official API tiles retrieved 2026-09-15",
        "geometry_warning": "area boundary, floor codes and access must be checked"
      },
      "geometry": {
        "type": "LineString",
        "coordinates": [
          [
            121.5132034,
            25.048347
          ],
          [
            121.5132808,
            25.0483461
          ],
          [
            121.5133783,
            25.0483451
          ],
          [
            121.513468,
            25.0483442
          ],
          [
            121.5134804,
            25.0482729
          ],
          [
            121.513488,
            25.0482289
          ]
        ]
      }
    },
    {
      "type": "Feature",
      "id": 1105170985,
      "properties": {
        "osm_type": "way",
        "osm_id": 1105170985,
        "tags": {
          "crossing": "marked",
          "footway": "crossing",
          "highway": "footway"
        },
        "evidence_status": "candidate_only",
        "analysis_ready": false,
        "source": "OpenStreetMap official API tiles retrieved 2026-09-15",
        "geometry_warning": "area boundary, floor codes and access must be checked"
      },
      "geometry": {
        "type": "LineString",
        "coordinates": [
          [
            121.5110437,
            25.0473736
          ],
          [
            121.5110768,
            25.0473919
          ],
          [
            121.511113,
            25.0474124
          ]
        ]
      }
    },
    {
      "type": "Feature",
      "id": 1161996827,
      "properties": {
        "osm_type": "way",
        "osm_id": 1161996827,
        "tags": {
          "foot": "yes",
          "highway": "footway"
        },
        "evidence_status": "candidate_only",
        "analysis_ready": false,
        "source": "OpenStreetMap official API tiles retrieved 2026-09-15",
        "geometry_warning": "area boundary, floor codes and access must be checked"
      },
      "geometry": {
        "type": "LineString",
        "coordinates": [
          [
            121.5104215,
            25.0452094
          ],
          [
            121.5102679,
            25.0452097
          ],
          [
            121.5096065,
            25.0452151
          ],
          [
            121.5095802,
            25.0452172
          ],
          [
            121.5095065,
            25.045223
          ]
        ]
      }
    },
    {
      "type": "Feature",
      "id": 1161996828,
      "properties": {
        "osm_type": "way",
        "osm_id": 1161996828,
        "tags": {
          "foot": "yes",
          "highway": "footway"
        },
        "evidence_status": "candidate_only",
        "analysis_ready": false,
        "source": "OpenStreetMap official API tiles retrieved 2026-09-15",
        "geometry_warning": "area boundary, floor codes and access must be checked"
      },
      "geometry": {
        "type": "LineString",
        "coordinates": [
          [
            121.5095065,
            25.045223
          ],
          [
            121.5096286,
            25.0452479
          ],
          [
            121.5097824,
            25.0452472
          ],
          [
            121.5102673,
            25.0452467
          ]
        ]
      }
    },
    {
      "type": "Feature",
      "id": 1161996829,
      "properties": {
        "osm_type": "way",
        "osm_id": 1161996829,
        "tags": {
          "foot": "yes",
          "highway": "footway"
        },
        "evidence_status": "candidate_only",
        "analysis_ready": false,
        "source": "OpenStreetMap official API tiles retrieved 2026-09-15",
        "geometry_warning": "area boundary, floor codes and access must be checked"
      },
      "geometry": {
        "type": "LineString",
        "coordinates": [
          [
            121.510388,
            25.0450925
          ],
          [
            121.5095528,
            25.0450985
          ],
          [
            121.5094549,
            25.045093
          ]
        ]
      }
    },
    {
      "type": "Feature",
      "id": 1161999344,
      "properties": {
        "osm_type": "way",
        "osm_id": 1161999344,
        "tags": {
          "crossing": "traffic_signals",
          "footway": "crossing",
          "highway": "footway"
        },
        "evidence_status": "candidate_only",
        "analysis_ready": false,
        "source": "OpenStreetMap official API tiles retrieved 2026-09-15",
        "geometry_warning": "area boundary, floor codes and access must be checked"
      },
      "geometry": {
        "type": "LineString",
        "coordinates": [
          [
            121.5107732,
            25.0459046
          ],
          [
            121.5107996,
            25.0459738
          ],
          [
            121.5108245,
            25.0460392
          ]
        ]
      }
    },
    {
      "type": "Feature",
      "id": 1161999345,
      "properties": {
        "osm_type": "way",
        "osm_id": 1161999345,
        "tags": {
          "footway": "sidewalk",
          "highway": "footway"
        },
        "evidence_status": "candidate_only",
        "analysis_ready": false,
        "source": "OpenStreetMap official API tiles retrieved 2026-09-15",
        "geometry_warning": "area boundary, floor codes and access must be checked"
      },
      "geometry": {
        "type": "LineString",
        "coordinates": [
          [
            121.5106532,
            25.0460146
          ],
          [
            121.5103861,
            25.0460096
          ],
          [
            121.5098153,
            25.0459924
          ],
          [
            121.5097437,
            25.0460047
          ]
        ]
      }
    },
    {
      "type": "Feature",
      "id": 1161999346,
      "properties": {
        "osm_type": "way",
        "osm_id": 1161999346,
        "tags": {
          "footway": "sidewalk",
          "highway": "footway"
        },
        "evidence_status": "candidate_only",
        "analysis_ready": false,
        "source": "OpenStreetMap official API tiles retrieved 2026-09-15",
        "geometry_warning": "area boundary, floor codes and access must be checked"
      },
      "geometry": {
        "type": "LineString",
        "coordinates": [
          [
            121.5096999,
            25.0458753
          ],
          [
            121.5097677,
            25.0458864
          ],
          [
            121.5100542,
            25.0458961
          ],
          [
            121.5103267,
            25.0459011
          ],
          [
            121.5106217,
            25.0459065
          ]
        ]
      }
    },
    {
      "type": "Feature",
      "id": 1162009924,
      "properties": {
        "osm_type": "way",
        "osm_id": 1162009924,
        "tags": {
          "footway": "sidewalk",
          "highway": "footway"
        },
        "evidence_status": "candidate_only",
        "analysis_ready": false,
        "source": "OpenStreetMap official API tiles retrieved 2026-09-15",
        "geometry_warning": "area boundary, floor codes and access must be checked"
      },
      "geometry": {
        "type": "LineString",
        "coordinates": [
          [
            121.5108245,
            25.0460392
          ],
          [
            121.5108148,
            25.0460504
          ],
          [
            121.5107913,
            25.0460869
          ],
          [
            121.5110327,
            25.0469052
          ],
          [
            121.5111108,
            25.0469137
          ]
        ]
      }
    },
    {
      "type": "Feature",
      "id": 1162009925,
      "properties": {
        "osm_type": "way",
        "osm_id": 1162009925,
        "tags": {
          "footway": "sidewalk",
          "highway": "footway"
        },
        "evidence_status": "candidate_only",
        "analysis_ready": false,
        "source": "OpenStreetMap official API tiles retrieved 2026-09-15",
        "geometry_warning": "area boundary, floor codes and access must be checked"
      },
      "geometry": {
        "type": "LineString",
        "coordinates": [
          [
            121.5108245,
            25.0460392
          ],
          [
            121.5108403,
            25.046024
          ],
          [
            121.5111836,
            25.0460325
          ],
          [
            121.5112319,
            25.046063
          ]
        ]
      }
    },
    {
      "type": "Feature",
      "id": 1162016881,
      "properties": {
        "osm_type": "way",
        "osm_id": 1162016881,
        "tags": {
          "footway": "sidewalk",
          "highway": "footway"
        },
        "evidence_status": "candidate_only",
        "analysis_ready": false,
        "source": "OpenStreetMap official API tiles retrieved 2026-09-15",
        "geometry_warning": "area boundary, floor codes and access must be checked"
      },
      "geometry": {
        "type": "LineString",
        "coordinates": [
          [
            121.5108201,
            25.0464324
          ],
          [
            121.5108718,
            25.0466063
          ],
          [
            121.5109704,
            25.0469343
          ],
          [
            121.5109576,
            25.0469945
          ],
          [
            121.5109612,
            25.0470308
          ]
        ]
      }
    },
    {
      "type": "Feature",
      "id": 1162016882,
      "properties": {
        "osm_type": "way",
        "osm_id": 1162016882,
        "tags": {
          "footway": "sidewalk",
          "highway": "footway"
        },
        "evidence_status": "candidate_only",
        "analysis_ready": false,
        "source": "OpenStreetMap official API tiles retrieved 2026-09-15",
        "geometry_warning": "area boundary, floor codes and access must be checked"
      },
      "geometry": {
        "type": "LineString",
        "coordinates": [
          [
            121.5109612,
            25.0470308
          ],
          [
            121.5109726,
            25.0470682
          ],
          [
            121.5110512,
            25.0473259
          ],
          [
            121.5110492,
            25.0473472
          ],
          [
            121.5110437,
            25.0473736
          ],
          [
            121.5110183,
            25.0474179
          ],
          [
            121.5109804,
            25.0474543
          ],
          [
            121.5109389,
            25.0474786
          ],
          [
            121.5108785,
            25.0474954
          ],
          [
            121.5107769,
            25.0475018
          ],
          [
            121.5107383,
            25.0474949
          ],
          [
            121.5107012,
            25.0474883
          ],
          [
            121.510623,
            25.0474969
          ],
          [
            121.510554,
            25.0474969
          ],
          [
            121.5105137,
            25.0474926
          ],
          [
            121.5102656,
            25.0472502
          ],
          [
            121.5101282,
            25.0471615
          ],
          [
            121.5100932,
            25.0471409
          ]
        ]
      }
    },
    {
      "type": "Feature",
      "id": 1214402174,
      "properties": {
        "osm_type": "way",
        "osm_id": 1214402174,
        "tags": {
          "footway": "sidewalk",
          "highway": "footway"
        },
        "evidence_status": "candidate_only",
        "analysis_ready": false,
        "source": "OpenStreetMap official API tiles retrieved 2026-09-15",
        "geometry_warning": "area boundary, floor codes and access must be checked"
      },
      "geometry": {
        "type": "LineString",
        "coordinates": [
          [
            121.511329,
            25.0474377
          ],
          [
            121.5114402,
            25.0473624
          ]
        ]
      }
    },
    {
      "type": "Feature",
      "id": 1214402175,
      "properties": {
        "osm_type": "way",
        "osm_id": 1214402175,
        "tags": {
          "crossing": "marked",
          "crossing:markings": "yes",
          "footway": "crossing",
          "highway": "footway"
        },
        "evidence_status": "candidate_only",
        "analysis_ready": false,
        "source": "OpenStreetMap official API tiles retrieved 2026-09-15",
        "geometry_warning": "area boundary, floor codes and access must be checked"
      },
      "geometry": {
        "type": "LineString",
        "coordinates": [
          [
            121.511272,
            25.0474778
          ],
          [
            121.5112958,
            25.0474602
          ],
          [
            121.511329,
            25.0474377
          ]
        ]
      }
    },
    {
      "type": "Feature",
      "id": 1274524760,
      "properties": {
        "osm_type": "way",
        "osm_id": 1274524760,
        "tags": {
          "bicycle": "yes",
          "footway": "sidewalk",
          "highway": "footway"
        },
        "evidence_status": "candidate_only",
        "analysis_ready": false,
        "source": "OpenStreetMap official API tiles retrieved 2026-09-15",
        "geometry_warning": "area boundary, floor codes and access must be checked"
      },
      "geometry": {
        "type": "LineString",
        "coordinates": [
          [
            121.5091707,
            25.0462002
          ],
          [
            121.5091397,
            25.0461645
          ]
        ]
      }
    },
    {
      "type": "Feature",
      "id": 1274524761,
      "properties": {
        "osm_type": "way",
        "osm_id": 1274524761,
        "tags": {
          "bicycle": "yes",
          "footway": "sidewalk",
          "highway": "footway",
          "surface": "paving_stones"
        },
        "evidence_status": "candidate_only",
        "analysis_ready": false,
        "source": "OpenStreetMap official API tiles retrieved 2026-09-15",
        "geometry_warning": "area boundary, floor codes and access must be checked"
      },
      "geometry": {
        "type": "LineString",
        "coordinates": [
          [
            121.509076,
            25.0459985
          ],
          [
            121.5089849,
            25.0456312
          ],
          [
            121.5089184,
            25.0453924
          ],
          [
            121.5088849,
            25.0452786
          ]
        ]
      }
    },
    {
      "type": "Feature",
      "id": 1305198567,
      "properties": {
        "osm_type": "way",
        "osm_id": 1305198567,
        "tags": {
          "highway": "steps",
          "incline": "up",
          "indoor": "yes",
          "layer": "-1",
          "level": "-2--0"
        },
        "evidence_status": "candidate_only",
        "analysis_ready": false,
        "source": "OpenStreetMap official API tiles retrieved 2026-09-15",
        "geometry_warning": "area boundary, floor codes and access must be checked"
      },
      "geometry": {
        "type": "LineString",
        "coordinates": [
          [
            121.5131664,
            25.0473997
          ],
          [
            121.5132024,
            25.0475797
          ]
        ]
      }
    },
    {
      "type": "Feature",
      "id": 1305198568,
      "properties": {
        "osm_type": "way",
        "osm_id": 1305198568,
        "tags": {
          "highway": "steps",
          "incline": "up",
          "indoor": "yes",
          "layer": "-1",
          "level": "-2--0"
        },
        "evidence_status": "candidate_only",
        "analysis_ready": false,
        "source": "OpenStreetMap official API tiles retrieved 2026-09-15",
        "geometry_warning": "area boundary, floor codes and access must be checked"
      },
      "geometry": {
        "type": "LineString",
        "coordinates": [
          [
            121.5130039,
            25.047188
          ],
          [
            121.5129619,
            25.0470385
          ],
          [
            121.5130667,
            25.0470144
          ]
        ]
      }
    },
    {
      "type": "Feature",
      "id": 1305198571,
      "properties": {
        "osm_type": "way",
        "osm_id": 1305198571,
        "tags": {
          "highway": "steps",
          "incline": "up",
          "indoor": "yes",
          "layer": "-1",
          "level": "-2--0"
        },
        "evidence_status": "candidate_only",
        "analysis_ready": false,
        "source": "OpenStreetMap official API tiles retrieved 2026-09-15",
        "geometry_warning": "area boundary, floor codes and access must be checked"
      },
      "geometry": {
        "type": "LineString",
        "coordinates": [
          [
            121.5134669,
            25.047319
          ],
          [
            121.5134659,
            25.0475295
          ]
        ]
      }
    },
    {
      "type": "Feature",
      "id": 1342161679,
      "properties": {
        "osm_type": "way",
        "osm_id": 1342161679,
        "tags": {
          "highway": "footway",
          "name": "台北郵局"
        },
        "evidence_status": "candidate_only",
        "analysis_ready": false,
        "source": "OpenStreetMap official API tiles retrieved 2026-09-15",
        "geometry_warning": "area boundary, floor codes and access must be checked"
      },
      "geometry": {
        "type": "LineString",
        "coordinates": [
          [
            121.5114238,
            25.0472544
          ],
          [
            121.5114094,
            25.047236
          ],
          [
            121.5113949,
            25.0472177
          ],
          [
            121.5113971,
            25.0471954
          ],
          [
            121.5113987,
            25.0471763
          ],
          [
            121.5114009,
            25.0471542
          ],
          [
            121.5114064,
            25.0471034
          ],
          [
            121.5114091,
            25.0470786
          ],
          [
            121.5114118,
            25.0470532
          ],
          [
            121.5114147,
            25.0470313
          ],
          [
            121.5114177,
            25.0470086
          ],
          [
            121.5114207,
            25.0469841
          ],
          [
            121.5114221,
            25.0469604
          ],
          [
            121.5114255,
            25.0469375
          ],
          [
            121.5114272,
            25.0469151
          ],
          [
            121.5114303,
            25.0468836
          ],
          [
            121.5114331,
            25.0468575
          ],
          [
            121.5114359,
            25.0468313
          ],
          [
            121.5114393,
            25.0468002
          ],
          [
            121.5113559,
            25.046795
          ],
          [
            121.5113041,
            25.0467872
          ],
          [
            121.5112738,
            25.046872
          ],
          [
            121.5113568,
            25.0468761
          ],
          [
            121.5114303,
            25.0468836
          ],
          [
            121.5114393,
            25.0468002
          ],
          [
            121.5115204,
            25.0468112
          ]
        ]
      }
    },
    {
      "type": "Feature",
      "id": 1342161680,
      "properties": {
        "osm_type": "way",
        "osm_id": 1342161680,
        "tags": {
          "highway": "footway",
          "name": "台北郵局"
        },
        "evidence_status": "candidate_only",
        "analysis_ready": false,
        "source": "OpenStreetMap official API tiles retrieved 2026-09-15",
        "geometry_warning": "area boundary, floor codes and access must be checked"
      },
      "geometry": {
        "type": "LineString",
        "coordinates": [
          [
            121.5114118,
            25.0470532
          ],
          [
            121.5113394,
            25.0470461
          ],
          [
            121.511264,
            25.047043
          ],
          [
            121.5112631,
            25.0471455
          ],
          [
            121.511318,
            25.0471497
          ],
          [
            121.5114009,
            25.0471542
          ]
        ]
      }
    },
    {
      "type": "Feature",
      "id": 1344821328,
      "properties": {
        "osm_type": "way",
        "osm_id": 1344821328,
        "tags": {
          "footway": "sidewalk",
          "highway": "footway"
        },
        "evidence_status": "candidate_only",
        "analysis_ready": false,
        "source": "OpenStreetMap official API tiles retrieved 2026-09-15",
        "geometry_warning": "area boundary, floor codes and access must be checked"
      },
      "geometry": {
        "type": "LineString",
        "coordinates": [
          [
            121.511113,
            25.0474124
          ],
          [
            121.5111866,
            25.0474337
          ]
        ]
      }
    },
    {
      "type": "Feature",
      "id": 1344821329,
      "properties": {
        "osm_type": "way",
        "osm_id": 1344821329,
        "tags": {
          "bicycle": "yes",
          "highway": "footway"
        },
        "evidence_status": "candidate_only",
        "analysis_ready": false,
        "source": "OpenStreetMap official API tiles retrieved 2026-09-15",
        "geometry_warning": "area boundary, floor codes and access must be checked"
      },
      "geometry": {
        "type": "LineString",
        "coordinates": [
          [
            121.5111635,
            25.0469526
          ],
          [
            121.5111545,
            25.0473128
          ],
          [
            121.5111859,
            25.0474312
          ],
          [
            121.5111866,
            25.0474337
          ],
          [
            121.5112103,
            25.0475234
          ],
          [
            121.51138,
            25.047553
          ],
          [
            121.5114171,
            25.0476856
          ],
          [
            121.5114498,
            25.0478188
          ],
          [
            121.5113108,
            25.0478776
          ]
        ]
      }
    },
    {
      "type": "Feature",
      "id": 1346858467,
      "properties": {
        "osm_type": "way",
        "osm_id": 1346858467,
        "tags": {
          "bridge": "yes",
          "handrail": "yes",
          "highway": "footway",
          "layer": "1"
        },
        "evidence_status": "candidate_only",
        "analysis_ready": false,
        "source": "OpenStreetMap official API tiles retrieved 2026-09-15",
        "geometry_warning": "area boundary, floor codes and access must be checked"
      },
      "geometry": {
        "type": "LineString",
        "coordinates": [
          [
            121.5090779,
            25.0462549
          ],
          [
            121.5090892,
            25.0462522
          ],
          [
            121.5090694,
            25.0461831
          ]
        ]
      }
    },
    {
      "type": "Feature",
      "id": 1346858468,
      "properties": {
        "osm_type": "way",
        "osm_id": 1346858468,
        "tags": {
          "highway": "footway"
        },
        "evidence_status": "candidate_only",
        "analysis_ready": false,
        "source": "OpenStreetMap official API tiles retrieved 2026-09-15",
        "geometry_warning": "area boundary, floor codes and access must be checked"
      },
      "geometry": {
        "type": "LineString",
        "coordinates": [
          [
            121.5090779,
            25.0462549
          ],
          [
            121.509094,
            25.0463121
          ]
        ]
      }
    },
    {
      "type": "Feature",
      "id": 1346858469,
      "properties": {
        "osm_type": "way",
        "osm_id": 1346858469,
        "tags": {
          "bridge": "yes",
          "highway": "footway",
          "layer": "1"
        },
        "evidence_status": "candidate_only",
        "analysis_ready": false,
        "source": "OpenStreetMap official API tiles retrieved 2026-09-15",
        "geometry_warning": "area boundary, floor codes and access must be checked"
      },
      "geometry": {
        "type": "LineString",
        "coordinates": [
          [
            121.5091336,
            25.0462435
          ],
          [
            121.5091131,
            25.046172
          ]
        ]
      }
    },
    {
      "type": "Feature",
      "id": 1346858470,
      "properties": {
        "osm_type": "way",
        "osm_id": 1346858470,
        "tags": {
          "bridge": "yes",
          "highway": "footway",
          "layer": "1"
        },
        "evidence_status": "candidate_only",
        "analysis_ready": false,
        "source": "OpenStreetMap official API tiles retrieved 2026-09-15",
        "geometry_warning": "area boundary, floor codes and access must be checked"
      },
      "geometry": {
        "type": "LineString",
        "coordinates": [
          [
            121.509092,
            25.0461774
          ],
          [
            121.5091115,
            25.0462469
          ]
        ]
      }
    },
    {
      "type": "Feature",
      "id": 1346858471,
      "properties": {
        "osm_type": "way",
        "osm_id": 1346858471,
        "tags": {
          "conveying": "forward",
          "highway": "steps",
          "incline": "up"
        },
        "evidence_status": "candidate_only",
        "analysis_ready": false,
        "source": "OpenStreetMap official API tiles retrieved 2026-09-15",
        "geometry_warning": "area boundary, floor codes and access must be checked"
      },
      "geometry": {
        "type": "LineString",
        "coordinates": [
          [
            121.5091564,
            25.046407
          ],
          [
            121.5091115,
            25.0462469
          ]
        ]
      }
    },
    {
      "type": "Feature",
      "id": 1346858472,
      "properties": {
        "osm_type": "way",
        "osm_id": 1346858472,
        "tags": {
          "bridge": "yes",
          "highway": "footway",
          "layer": "1"
        },
        "evidence_status": "candidate_only",
        "analysis_ready": false,
        "source": "OpenStreetMap official API tiles retrieved 2026-09-15",
        "geometry_warning": "area boundary, floor codes and access must be checked"
      },
      "geometry": {
        "type": "LineString",
        "coordinates": [
          [
            121.5090993,
            25.0461755
          ],
          [
            121.5091191,
            25.0462451
          ]
        ]
      }
    },
    {
      "type": "Feature",
      "id": 1346858473,
      "properties": {
        "osm_type": "way",
        "osm_id": 1346858473,
        "tags": {
          "conveying": "forward",
          "highway": "steps",
          "incline": "down"
        },
        "evidence_status": "candidate_only",
        "analysis_ready": false,
        "source": "OpenStreetMap official API tiles retrieved 2026-09-15",
        "geometry_warning": "area boundary, floor codes and access must be checked"
      },
      "geometry": {
        "type": "LineString",
        "coordinates": [
          [
            121.5091191,
            25.0462451
          ],
          [
            121.5091635,
            25.0464056
          ]
        ]
      }
    },
    {
      "type": "Feature",
      "id": 1346858474,
      "properties": {
        "osm_type": "way",
        "osm_id": 1346858474,
        "tags": {
          "highway": "footway"
        },
        "evidence_status": "candidate_only",
        "analysis_ready": false,
        "source": "OpenStreetMap official API tiles retrieved 2026-09-15",
        "geometry_warning": "area boundary, floor codes and access must be checked"
      },
      "geometry": {
        "type": "LineString",
        "coordinates": [
          [
            121.509227,
            25.0463922
          ],
          [
            121.5091635,
            25.0464056
          ],
          [
            121.5091564,
            25.046407
          ],
          [
            121.5091222,
            25.046413
          ],
          [
            121.509094,
            25.0463121
          ],
          [
            121.509068,
            25.0463177
          ],
          [
            121.5090173,
            25.0461416
          ]
        ]
      }
    },
    {
      "type": "Feature",
      "id": 1346858475,
      "properties": {
        "osm_type": "way",
        "osm_id": 1346858475,
        "tags": {
          "highway": "footway"
        },
        "evidence_status": "candidate_only",
        "analysis_ready": false,
        "source": "OpenStreetMap official API tiles retrieved 2026-09-15",
        "geometry_warning": "area boundary, floor codes and access must be checked"
      },
      "geometry": {
        "type": "LineString",
        "coordinates": [
          [
            121.5097514,
            25.0462799
          ],
          [
            121.5097404,
            25.0462403
          ]
        ]
      }
    },
    {
      "type": "Feature",
      "id": 1346858476,
      "properties": {
        "osm_type": "way",
        "osm_id": 1346858476,
        "tags": {
          "handrail": "yes",
          "highway": "steps"
        },
        "evidence_status": "candidate_only",
        "analysis_ready": false,
        "source": "OpenStreetMap official API tiles retrieved 2026-09-15",
        "geometry_warning": "area boundary, floor codes and access must be checked"
      },
      "geometry": {
        "type": "LineString",
        "coordinates": [
          [
            121.5096932,
            25.0460676
          ],
          [
            121.5097404,
            25.0462403
          ]
        ]
      }
    },
    {
      "type": "Feature",
      "id": 1346858477,
      "properties": {
        "osm_type": "way",
        "osm_id": 1346858477,
        "tags": {
          "highway": "footway"
        },
        "evidence_status": "candidate_only",
        "analysis_ready": false,
        "source": "OpenStreetMap official API tiles retrieved 2026-09-15",
        "geometry_warning": "area boundary, floor codes and access must be checked"
      },
      "geometry": {
        "type": "LineString",
        "coordinates": [
          [
            121.5097311,
            25.0460159
          ],
          [
            121.5097435,
            25.0460576
          ]
        ]
      }
    },
    {
      "type": "Feature",
      "id": 1346858478,
      "properties": {
        "osm_type": "way",
        "osm_id": 1346858478,
        "tags": {
          "bridge": "yes",
          "highway": "footway",
          "layer": "1"
        },
        "evidence_status": "candidate_only",
        "analysis_ready": false,
        "source": "OpenStreetMap official API tiles retrieved 2026-09-15",
        "geometry_warning": "area boundary, floor codes and access must be checked"
      },
      "geometry": {
        "type": "LineString",
        "coordinates": [
          [
            121.5096932,
            25.0460676
          ],
          [
            121.5096819,
            25.0460283
          ]
        ]
      }
    },
    {
      "type": "Feature",
      "id": 1346858479,
      "properties": {
        "osm_type": "way",
        "osm_id": 1346858479,
        "tags": {
          "conveying": "forward",
          "highway": "steps",
          "incline": "up"
        },
        "evidence_status": "candidate_only",
        "analysis_ready": false,
        "source": "OpenStreetMap official API tiles retrieved 2026-09-15",
        "geometry_warning": "area boundary, floor codes and access must be checked"
      },
      "geometry": {
        "type": "LineString",
        "coordinates": [
          [
            121.5097521,
            25.0462196
          ],
          [
            121.5097061,
            25.046065
          ]
        ]
      }
    },
    {
      "type": "Feature",
      "id": 1346858480,
      "properties": {
        "osm_type": "way",
        "osm_id": 1346858480,
        "tags": {
          "highway": "footway"
        },
        "evidence_status": "candidate_only",
        "analysis_ready": false,
        "source": "OpenStreetMap official API tiles retrieved 2026-09-15",
        "geometry_warning": "area boundary, floor codes and access must be checked"
      },
      "geometry": {
        "type": "LineString",
        "coordinates": [
          [
            121.5097435,
            25.0460576
          ],
          [
            121.5097588,
            25.0460545
          ]
        ]
      }
    },
    {
      "type": "Feature",
      "id": 1346858481,
      "properties": {
        "osm_type": "way",
        "osm_id": 1346858481,
        "tags": {
          "conveying": "forward",
          "highway": "steps",
          "incline": "down"
        },
        "evidence_status": "candidate_only",
        "analysis_ready": false,
        "source": "OpenStreetMap official API tiles retrieved 2026-09-15",
        "geometry_warning": "area boundary, floor codes and access must be checked"
      },
      "geometry": {
        "type": "LineString",
        "coordinates": [
          [
            121.509722,
            25.0460616
          ],
          [
            121.5097672,
            25.046216
          ]
        ]
      }
    },
    {
      "type": "Feature",
      "id": 1346858482,
      "properties": {
        "osm_type": "way",
        "osm_id": 1346858482,
        "tags": {
          "bridge": "yes",
          "highway": "footway",
          "layer": "1"
        },
        "evidence_status": "candidate_only",
        "analysis_ready": false,
        "source": "OpenStreetMap official API tiles retrieved 2026-09-15",
        "geometry_warning": "area boundary, floor codes and access must be checked"
      },
      "geometry": {
        "type": "LineString",
        "coordinates": [
          [
            121.5096932,
            25.0460676
          ],
          [
            121.5097061,
            25.046065
          ],
          [
            121.509722,
            25.0460616
          ]
        ]
      }
    },
    {
      "type": "Feature",
      "id": 1346858483,
      "properties": {
        "osm_type": "way",
        "osm_id": 1346858483,
        "tags": {
          "highway": "footway"
        },
        "evidence_status": "candidate_only",
        "analysis_ready": false,
        "source": "OpenStreetMap official API tiles retrieved 2026-09-15",
        "geometry_warning": "area boundary, floor codes and access must be checked"
      },
      "geometry": {
        "type": "LineString",
        "coordinates": [
          [
            121.5097672,
            25.046216
          ],
          [
            121.5097847,
            25.0462704
          ]
        ]
      }
    },
    {
      "type": "Feature",
      "id": 1346858484,
      "properties": {
        "osm_type": "way",
        "osm_id": 1346858484,
        "tags": {
          "highway": "footway"
        },
        "evidence_status": "candidate_only",
        "analysis_ready": false,
        "source": "OpenStreetMap official API tiles retrieved 2026-09-15",
        "geometry_warning": "area boundary, floor codes and access must be checked"
      },
      "geometry": {
        "type": "LineString",
        "coordinates": [
          [
            121.5097688,
            25.0462749
          ],
          [
            121.5097521,
            25.0462196
          ]
        ]
      }
    },
    {
      "type": "Feature",
      "id": 1346858493,
      "properties": {
        "osm_type": "way",
        "osm_id": 1346858493,
        "tags": {
          "crossing": "uncontrolled",
          "crossing:markings": "yes",
          "footway": "crossing",
          "highway": "footway"
        },
        "evidence_status": "candidate_only",
        "analysis_ready": false,
        "source": "OpenStreetMap official API tiles retrieved 2026-09-15",
        "geometry_warning": "area boundary, floor codes and access must be checked"
      },
      "geometry": {
        "type": "LineString",
        "coordinates": [
          [
            121.5134768,
            25.0474333
          ],
          [
            121.5134806,
            25.0474081
          ],
          [
            121.5134826,
            25.0473978
          ]
        ]
      }
    },
    {
      "type": "Feature",
      "id": 1346858494,
      "properties": {
        "osm_type": "way",
        "osm_id": 1346858494,
        "tags": {
          "highway": "footway",
          "surface": "paving_stones"
        },
        "evidence_status": "candidate_only",
        "analysis_ready": false,
        "source": "OpenStreetMap official API tiles retrieved 2026-09-15",
        "geometry_warning": "area boundary, floor codes and access must be checked"
      },
      "geometry": {
        "type": "LineString",
        "coordinates": [
          [
            121.5134826,
            25.0473978
          ],
          [
            121.5135011,
            25.0473328
          ]
        ]
      }
    },
    {
      "type": "Feature",
      "id": 1346858495,
      "properties": {
        "osm_type": "way",
        "osm_id": 1346858495,
        "tags": {
          "highway": "footway"
        },
        "evidence_status": "candidate_only",
        "analysis_ready": false,
        "source": "OpenStreetMap official API tiles retrieved 2026-09-15",
        "geometry_warning": "area boundary, floor codes and access must be checked"
      },
      "geometry": {
        "type": "LineString",
        "coordinates": [
          [
            121.5134417,
            25.0474434
          ],
          [
            121.513474,
            25.047447
          ],
          [
            121.5134768,
            25.0474333
          ]
        ]
      }
    },
    {
      "type": "Feature",
      "id": 1357783065,
      "properties": {
        "osm_type": "way",
        "osm_id": 1357783065,
        "tags": {
          "bicycle": "yes",
          "crossing": "traffic_signals",
          "footway": "crossing",
          "highway": "footway"
        },
        "evidence_status": "candidate_only",
        "analysis_ready": false,
        "source": "OpenStreetMap official API tiles retrieved 2026-09-15",
        "geometry_warning": "area boundary, floor codes and access must be checked"
      },
      "geometry": {
        "type": "LineString",
        "coordinates": [
          [
            121.5097437,
            25.0460047
          ],
          [
            121.5097214,
            25.0459314
          ],
          [
            121.5096999,
            25.0458753
          ]
        ]
      }
    },
    {
      "type": "Feature",
      "id": 1357783066,
      "properties": {
        "osm_type": "way",
        "osm_id": 1357783066,
        "tags": {
          "footway": "sidewalk",
          "highway": "footway"
        },
        "evidence_status": "candidate_only",
        "analysis_ready": false,
        "source": "OpenStreetMap official API tiles retrieved 2026-09-15",
        "geometry_warning": "area boundary, floor codes and access must be checked"
      },
      "geometry": {
        "type": "LineString",
        "coordinates": [
          [
            121.5106736,
            25.0460331
          ],
          [
            121.5106532,
            25.0460146
          ]
        ]
      }
    },
    {
      "type": "Feature",
      "id": 1357783067,
      "properties": {
        "osm_type": "way",
        "osm_id": 1357783067,
        "tags": {
          "crossing": "traffic_signals",
          "footway": "crossing",
          "highway": "footway"
        },
        "evidence_status": "candidate_only",
        "analysis_ready": false,
        "source": "OpenStreetMap official API tiles retrieved 2026-09-15",
        "geometry_warning": "area boundary, floor codes and access must be checked"
      },
      "geometry": {
        "type": "LineString",
        "coordinates": [
          [
            121.5106532,
            25.0460146
          ],
          [
            121.5106392,
            25.0459664
          ],
          [
            121.5106217,
            25.0459065
          ]
        ]
      }
    },
    {
      "type": "Feature",
      "id": 1357783068,
      "properties": {
        "osm_type": "way",
        "osm_id": 1357783068,
        "tags": {
          "crossing": "traffic_signals",
          "footway": "crossing",
          "highway": "footway"
        },
        "evidence_status": "candidate_only",
        "analysis_ready": false,
        "source": "OpenStreetMap official API tiles retrieved 2026-09-15",
        "geometry_warning": "area boundary, floor codes and access must be checked"
      },
      "geometry": {
        "type": "LineString",
        "coordinates": [
          [
            121.5106217,
            25.0459065
          ],
          [
            121.5106985,
            25.0459055
          ],
          [
            121.5107732,
            25.0459046
          ]
        ]
      }
    },
    {
      "type": "Feature",
      "id": 1357783069,
      "properties": {
        "osm_type": "way",
        "osm_id": 1357783069,
        "tags": {
          "crossing": "traffic_signals",
          "footway": "crossing",
          "highway": "footway"
        },
        "evidence_status": "candidate_only",
        "analysis_ready": false,
        "source": "OpenStreetMap official API tiles retrieved 2026-09-15",
        "geometry_warning": "area boundary, floor codes and access must be checked"
      },
      "geometry": {
        "type": "LineString",
        "coordinates": [
          [
            121.5108245,
            25.0460392
          ],
          [
            121.5107379,
            25.0460357
          ],
          [
            121.5106736,
            25.0460331
          ]
        ]
      }
    },
    {
      "type": "Feature",
      "id": 1357785210,
      "properties": {
        "osm_type": "way",
        "osm_id": 1357785210,
        "tags": {
          "crossing": "traffic_signals",
          "footway": "crossing",
          "highway": "footway",
          "surface": "asphalt"
        },
        "evidence_status": "candidate_only",
        "analysis_ready": false,
        "source": "OpenStreetMap official API tiles retrieved 2026-09-15",
        "geometry_warning": "area boundary, floor codes and access must be checked"
      },
      "geometry": {
        "type": "LineString",
        "coordinates": [
          [
            121.5105363,
            25.0450896
          ],
          [
            121.5104558,
            25.0450912
          ],
          [
            121.510388,
            25.0450925
          ]
        ]
      }
    },
    {
      "type": "Feature",
      "id": 1357785211,
      "properties": {
        "osm_type": "way",
        "osm_id": 1357785211,
        "tags": {
          "crossing": "traffic_signals",
          "footway": "crossing",
          "highway": "footway",
          "surface": "asphalt"
        },
        "evidence_status": "candidate_only",
        "analysis_ready": false,
        "source": "OpenStreetMap official API tiles retrieved 2026-09-15",
        "geometry_warning": "area boundary, floor codes and access must be checked"
      },
      "geometry": {
        "type": "LineString",
        "coordinates": [
          [
            121.510388,
            25.0450925
          ],
          [
            121.510408,
            25.0451625
          ],
          [
            121.5104215,
            25.0452094
          ]
        ]
      }
    },
    {
      "type": "Feature",
      "id": 1357785212,
      "properties": {
        "osm_type": "way",
        "osm_id": 1357785212,
        "tags": {
          "crossing": "traffic_signals",
          "footway": "crossing",
          "highway": "footway",
          "surface": "asphalt"
        },
        "evidence_status": "candidate_only",
        "analysis_ready": false,
        "source": "OpenStreetMap official API tiles retrieved 2026-09-15",
        "geometry_warning": "area boundary, floor codes and access must be checked"
      },
      "geometry": {
        "type": "LineString",
        "coordinates": [
          [
            121.5105717,
            25.0452071
          ],
          [
            121.5105579,
            25.0451617
          ],
          [
            121.5105363,
            25.0450896
          ]
        ]
      }
    },
    {
      "type": "Feature",
      "id": 1416292811,
      "properties": {
        "osm_type": "way",
        "osm_id": 1416292811,
        "tags": {
          "bicycle": "yes",
          "crossing": "zebra",
          "footway": "crossing",
          "highway": "footway",
          "surface": "asphalt"
        },
        "evidence_status": "candidate_only",
        "analysis_ready": false,
        "source": "OpenStreetMap official API tiles retrieved 2026-09-15",
        "geometry_warning": "area boundary, floor codes and access must be checked"
      },
      "geometry": {
        "type": "LineString",
        "coordinates": [
          [
            121.5098563,
            25.0469032
          ],
          [
            121.5100015,
            25.0468834
          ]
        ]
      }
    },
    {
      "type": "Feature",
      "id": 1476157532,
      "properties": {
        "osm_type": "way",
        "osm_id": 1476157532,
        "tags": {
          "bicycle": "yes",
          "footway": "sidewalk",
          "highway": "footway",
          "surface": "asphalt"
        },
        "evidence_status": "candidate_only",
        "analysis_ready": false,
        "source": "OpenStreetMap official API tiles retrieved 2026-09-15",
        "geometry_warning": "area boundary, floor codes and access must be checked"
      },
      "geometry": {
        "type": "LineString",
        "coordinates": [
          [
            121.513468,
            25.0483442
          ],
          [
            121.5134738,
            25.0484207
          ]
        ]
      }
    },
    {
      "type": "Feature",
      "id": 1476157533,
      "properties": {
        "osm_type": "way",
        "osm_id": 1476157533,
        "tags": {
          "bicycle": "yes",
          "footway": "sidewalk",
          "highway": "footway",
          "surface": "asphalt"
        },
        "evidence_status": "candidate_only",
        "analysis_ready": false,
        "source": "OpenStreetMap official API tiles retrieved 2026-09-15",
        "geometry_warning": "area boundary, floor codes and access must be checked"
      },
      "geometry": {
        "type": "LineString",
        "coordinates": [
          [
            121.5134738,
            25.0484207
          ],
          [
            121.5134969,
            25.0490297
          ],
          [
            121.5135004,
            25.0491213
          ],
          [
            121.5135115,
            25.0491794
          ]
        ]
      }
    },
    {
      "type": "Feature",
      "id": 1495321755,
      "properties": {
        "osm_type": "way",
        "osm_id": 1495321755,
        "tags": {
          "access": "no",
          "footway": "sidewalk",
          "highway": "footway"
        },
        "evidence_status": "candidate_only",
        "analysis_ready": false,
        "source": "OpenStreetMap official API tiles retrieved 2026-09-15",
        "geometry_warning": "area boundary, floor codes and access must be checked"
      },
      "geometry": {
        "type": "LineString",
        "coordinates": [
          [
            121.5116051,
            25.048359
          ],
          [
            121.5116637,
            25.0483501
          ],
          [
            121.5118043,
            25.0483429
          ],
          [
            121.5131529,
            25.0483294
          ],
          [
            121.5132034,
            25.048347
          ]
        ]
      }
    },
    {
      "type": "Feature",
      "id": 1495321756,
      "properties": {
        "osm_type": "way",
        "osm_id": 1495321756,
        "tags": {
          "bicycle": "yes",
          "footway": "sidewalk",
          "highway": "footway"
        },
        "evidence_status": "candidate_only",
        "analysis_ready": false,
        "source": "OpenStreetMap official API tiles retrieved 2026-09-15",
        "geometry_warning": "area boundary, floor codes and access must be checked"
      },
      "geometry": {
        "type": "LineString",
        "coordinates": [
          [
            121.5132296,
            25.0491793
          ],
          [
            121.5132107,
            25.0489257
          ],
          [
            121.5132038,
            25.0486815
          ],
          [
            121.5131986,
            25.0484956
          ],
          [
            121.5132026,
            25.0484106
          ],
          [
            121.5132004,
            25.0483732
          ],
          [
            121.5132034,
            25.048347
          ]
        ]
      }
    },
    {
      "type": "Feature",
      "id": 421210609,
      "properties": {
        "osm_type": "way",
        "osm_id": 421210609,
        "tags": {
          "highway": "path"
        },
        "evidence_status": "candidate_only",
        "analysis_ready": false,
        "source": "OpenStreetMap official API tiles retrieved 2026-09-15",
        "geometry_warning": "area boundary, floor codes and access must be checked"
      },
      "geometry": {
        "type": "LineString",
        "coordinates": [
          [
            121.5079306,
            25.0496873
          ],
          [
            121.5080214,
            25.0496629
          ],
          [
            121.5082442,
            25.0496212
          ],
          [
            121.5084622,
            25.0496915
          ],
          [
            121.5090016,
            25.0496823
          ]
        ]
      }
    },
    {
      "type": "Feature",
      "id": 421210611,
      "properties": {
        "osm_type": "way",
        "osm_id": 421210611,
        "tags": {
          "highway": "path"
        },
        "evidence_status": "candidate_only",
        "analysis_ready": false,
        "source": "OpenStreetMap official API tiles retrieved 2026-09-15",
        "geometry_warning": "area boundary, floor codes and access must be checked"
      },
      "geometry": {
        "type": "LineString",
        "coordinates": [
          [
            121.5090394,
            25.0499745
          ],
          [
            121.5084272,
            25.049987
          ],
          [
            121.508126,
            25.0500456
          ],
          [
            121.5080398,
            25.0500692
          ]
        ]
      }
    },
    {
      "type": "Feature",
      "id": 449290536,
      "properties": {
        "osm_type": "way",
        "osm_id": 449290536,
        "tags": {
          "footway": "sidewalk",
          "highway": "footway"
        },
        "evidence_status": "candidate_only",
        "analysis_ready": false,
        "source": "OpenStreetMap official API tiles retrieved 2026-09-15",
        "geometry_warning": "area boundary, floor codes and access must be checked"
      },
      "geometry": {
        "type": "LineString",
        "coordinates": [
          [
            121.5081983,
            25.0503099
          ],
          [
            121.5082526,
            25.0503336
          ],
          [
            121.508287,
            25.0503284
          ],
          [
            121.50907,
            25.0502112
          ]
        ]
      }
    },
    {
      "type": "Feature",
      "id": 754983490,
      "properties": {
        "osm_type": "way",
        "osm_id": 754983490,
        "tags": {
          "bicycle": "yes",
          "footway": "crossing",
          "highway": "footway",
          "surface": "asphalt"
        },
        "evidence_status": "candidate_only",
        "analysis_ready": false,
        "source": "OpenStreetMap official API tiles retrieved 2026-09-15",
        "geometry_warning": "area boundary, floor codes and access must be checked"
      },
      "geometry": {
        "type": "LineString",
        "coordinates": [
          [
            121.5131579,
            25.0492828
          ],
          [
            121.5131907,
            25.0493633
          ],
          [
            121.5132207,
            25.0495392
          ],
          [
            121.5132246,
            25.0495726
          ],
          [
            121.5132482,
            25.0496425
          ]
        ]
      }
    },
    {
      "type": "Feature",
      "id": 810546438,
      "properties": {
        "osm_type": "way",
        "osm_id": 810546438,
        "tags": {
          "crossing": "zebra",
          "footway": "crossing",
          "highway": "footway",
          "surface": "asphalt"
        },
        "evidence_status": "candidate_only",
        "analysis_ready": false,
        "source": "OpenStreetMap official API tiles retrieved 2026-09-15",
        "geometry_warning": "area boundary, floor codes and access must be checked"
      },
      "geometry": {
        "type": "LineString",
        "coordinates": [
          [
            121.5106345,
            25.0499195
          ],
          [
            121.5104695,
            25.0499592
          ],
          [
            121.5103187,
            25.049983
          ]
        ]
      }
    },
    {
      "type": "Feature",
      "id": 810546439,
      "properties": {
        "osm_type": "way",
        "osm_id": 810546439,
        "tags": {
          "crossing": "zebra",
          "footway": "crossing",
          "highway": "footway",
          "surface": "asphalt"
        },
        "evidence_status": "candidate_only",
        "analysis_ready": false,
        "source": "OpenStreetMap official API tiles retrieved 2026-09-15",
        "geometry_warning": "area boundary, floor codes and access must be checked"
      },
      "geometry": {
        "type": "LineString",
        "coordinates": [
          [
            121.5106383,
            25.0503453
          ],
          [
            121.5106366,
            25.0502712
          ],
          [
            121.5106365,
            25.050266
          ],
          [
            121.5106354,
            25.0501917
          ],
          [
            121.5106333,
            25.0500508
          ],
          [
            121.5106318,
            25.0499516
          ],
          [
            121.5106626,
            25.0499341
          ]
        ]
      }
    },
    {
      "type": "Feature",
      "id": 810546440,
      "properties": {
        "osm_type": "way",
        "osm_id": 810546440,
        "tags": {
          "crossing": "zebra",
          "footway": "crossing",
          "highway": "footway",
          "surface": "asphalt"
        },
        "evidence_status": "candidate_only",
        "analysis_ready": false,
        "source": "OpenStreetMap official API tiles retrieved 2026-09-15",
        "geometry_warning": "area boundary, floor codes and access must be checked"
      },
      "geometry": {
        "type": "LineString",
        "coordinates": [
          [
            121.5104092,
            25.0503394
          ],
          [
            121.5104306,
            25.0503818
          ],
          [
            121.510468,
            25.0503803
          ],
          [
            121.5105518,
            25.0503608
          ],
          [
            121.5106383,
            25.0503453
          ]
        ]
      }
    },
    {
      "type": "Feature",
      "id": 824790905,
      "properties": {
        "osm_type": "way",
        "osm_id": 824790905,
        "tags": {
          "footway": "crossing",
          "highway": "footway"
        },
        "evidence_status": "candidate_only",
        "analysis_ready": false,
        "source": "OpenStreetMap official API tiles retrieved 2026-09-15",
        "geometry_warning": "area boundary, floor codes and access must be checked"
      },
      "geometry": {
        "type": "LineString",
        "coordinates": [
          [
            121.5117968,
            25.049714
          ],
          [
            121.5119,
            25.049675
          ],
          [
            121.5120492,
            25.0496405
          ]
        ]
      }
    },
    {
      "type": "Feature",
      "id": 837377226,
      "properties": {
        "osm_type": "way",
        "osm_id": 837377226,
        "tags": {
          "bicycle": "yes",
          "footway": "sidewalk",
          "highway": "footway",
          "surface": "paving_stones"
        },
        "evidence_status": "candidate_only",
        "analysis_ready": false,
        "source": "OpenStreetMap official API tiles retrieved 2026-09-15",
        "geometry_warning": "area boundary, floor codes and access must be checked"
      },
      "geometry": {
        "type": "LineString",
        "coordinates": [
          [
            121.5132482,
            25.0496425
          ],
          [
            121.5134293,
            25.0502889
          ],
          [
            121.5135271,
            25.0506265
          ],
          [
            121.513709,
            25.0512503
          ],
          [
            121.5137967,
            25.0515227
          ]
        ]
      }
    },
    {
      "type": "Feature",
      "id": 837377227,
      "properties": {
        "osm_type": "way",
        "osm_id": 837377227,
        "tags": {
          "bicycle": "yes",
          "footway": "crossing",
          "highway": "footway",
          "surface": "asphalt"
        },
        "evidence_status": "candidate_only",
        "analysis_ready": false,
        "source": "OpenStreetMap official API tiles retrieved 2026-09-15",
        "geometry_warning": "area boundary, floor codes and access must be checked"
      },
      "geometry": {
        "type": "LineString",
        "coordinates": [
          [
            121.5132296,
            25.0491793
          ],
          [
            121.5132626,
            25.0491793
          ],
          [
            121.5133872,
            25.0491736
          ],
          [
            121.5135115,
            25.0491794
          ]
        ]
      }
    },
    {
      "type": "Feature",
      "id": 837377228,
      "properties": {
        "osm_type": "way",
        "osm_id": 837377228,
        "tags": {
          "bicycle": "yes",
          "footway": "sidewalk",
          "highway": "footway"
        },
        "evidence_status": "candidate_only",
        "analysis_ready": false,
        "source": "OpenStreetMap official API tiles retrieved 2026-09-15",
        "geometry_warning": "area boundary, floor codes and access must be checked"
      },
      "geometry": {
        "type": "LineString",
        "coordinates": [
          [
            121.5122528,
            25.0496191
          ],
          [
            121.5120492,
            25.0496405
          ],
          [
            121.5131579,
            25.0492828
          ],
          [
            121.5132067,
            25.049244
          ],
          [
            121.5132296,
            25.0491793
          ]
        ]
      }
    },
    {
      "type": "Feature",
      "id": 1303200024,
      "properties": {
        "osm_type": "way",
        "osm_id": 1303200024,
        "tags": {
          "highway": "pedestrian",
          "layer": "-1",
          "surface": "paved"
        },
        "evidence_status": "candidate_only",
        "analysis_ready": false,
        "source": "OpenStreetMap official API tiles retrieved 2026-09-15",
        "geometry_warning": "area boundary, floor codes and access must be checked"
      },
      "geometry": {
        "type": "LineString",
        "coordinates": [
          [
            121.5121174,
            25.0500108
          ],
          [
            121.5120886,
            25.049938
          ]
        ]
      }
    },
    {
      "type": "Feature",
      "id": 1303200025,
      "properties": {
        "osm_type": "way",
        "osm_id": 1303200025,
        "tags": {
          "covered": "yes",
          "handrail": "yes",
          "highway": "steps",
          "indoor": "yes",
          "layer": "-1",
          "step_count": "17",
          "surface": "paved"
        },
        "evidence_status": "candidate_only",
        "analysis_ready": false,
        "source": "OpenStreetMap official API tiles retrieved 2026-09-15",
        "geometry_warning": "area boundary, floor codes and access must be checked"
      },
      "geometry": {
        "type": "LineString",
        "coordinates": [
          [
            121.5121708,
            25.0499964
          ],
          [
            121.51215,
            25.050002
          ]
        ]
      }
    },
    {
      "type": "Feature",
      "id": 1303200026,
      "properties": {
        "osm_type": "way",
        "osm_id": 1303200026,
        "tags": {
          "covered": "yes",
          "handrail": "yes",
          "highway": "steps",
          "indoor": "yes",
          "lit": "yes",
          "step_count": "14",
          "surface": "paved"
        },
        "evidence_status": "candidate_only",
        "analysis_ready": false,
        "source": "OpenStreetMap official API tiles retrieved 2026-09-15",
        "geometry_warning": "area boundary, floor codes and access must be checked"
      },
      "geometry": {
        "type": "LineString",
        "coordinates": [
          [
            121.5122219,
            25.0499827
          ],
          [
            121.5122075,
            25.0499865
          ]
        ]
      }
    },
    {
      "type": "Feature",
      "id": 1303200027,
      "properties": {
        "osm_type": "way",
        "osm_id": 1303200027,
        "tags": {
          "covered": "yes",
          "highway": "pedestrian",
          "surface": "paved"
        },
        "evidence_status": "candidate_only",
        "analysis_ready": false,
        "source": "OpenStreetMap official API tiles retrieved 2026-09-15",
        "geometry_warning": "area boundary, floor codes and access must be checked"
      },
      "geometry": {
        "type": "LineString",
        "coordinates": [
          [
            121.5122335,
            25.0499795
          ],
          [
            121.5122219,
            25.0499827
          ]
        ]
      }
    },
    {
      "type": "Feature",
      "id": 1303200028,
      "properties": {
        "osm_type": "way",
        "osm_id": 1303200028,
        "tags": {
          "covered": "yes",
          "handrail": "yes",
          "highway": "steps",
          "indoor": "yes",
          "layer": "-1",
          "lit": "yes",
          "step_count": "17",
          "surface": "paved"
        },
        "evidence_status": "candidate_only",
        "analysis_ready": false,
        "source": "OpenStreetMap official API tiles retrieved 2026-09-15",
        "geometry_warning": "area boundary, floor codes and access must be checked"
      },
      "geometry": {
        "type": "LineString",
        "coordinates": [
          [
            121.5121379,
            25.0500053
          ],
          [
            121.5121174,
            25.0500108
          ]
        ]
      }
    },
    {
      "type": "Feature",
      "id": 1303200029,
      "properties": {
        "osm_type": "way",
        "osm_id": 1303200029,
        "tags": {
          "covered": "yes",
          "handrail": "yes",
          "highway": "steps",
          "indoor": "yes",
          "layer": "-1",
          "step_count": "14",
          "surface": "paved",
          "tactile_paving": "no"
        },
        "evidence_status": "candidate_only",
        "analysis_ready": false,
        "source": "OpenStreetMap official API tiles retrieved 2026-09-15",
        "geometry_warning": "area boundary, floor codes and access must be checked"
      },
      "geometry": {
        "type": "LineString",
        "coordinates": [
          [
            121.5122005,
            25.0499884
          ],
          [
            121.5121806,
            25.0499938
          ]
        ]
      }
    },
    {
      "type": "Feature",
      "id": 1303200030,
      "properties": {
        "osm_type": "way",
        "osm_id": 1303200030,
        "tags": {
          "covered": "yes",
          "handrail": "yes",
          "highway": "steps",
          "indoor": "no",
          "level": "0",
          "step_count": "9",
          "surface": "paved"
        },
        "evidence_status": "candidate_only",
        "analysis_ready": false,
        "source": "OpenStreetMap official API tiles retrieved 2026-09-15",
        "geometry_warning": "area boundary, floor codes and access must be checked"
      },
      "geometry": {
        "type": "LineString",
        "coordinates": [
          [
            121.5122444,
            25.0499766
          ],
          [
            121.5122335,
            25.0499795
          ]
        ]
      }
    },
    {
      "type": "Feature",
      "id": 1303200031,
      "properties": {
        "osm_type": "way",
        "osm_id": 1303200031,
        "tags": {
          "highway": "pedestrian",
          "layer": "-1",
          "surface": "paved"
        },
        "evidence_status": "candidate_only",
        "analysis_ready": false,
        "source": "OpenStreetMap official API tiles retrieved 2026-09-15",
        "geometry_warning": "area boundary, floor codes and access must be checked"
      },
      "geometry": {
        "type": "LineString",
        "coordinates": [
          [
            121.5121806,
            25.0499938
          ],
          [
            121.5121708,
            25.0499964
          ]
        ]
      }
    },
    {
      "type": "Feature",
      "id": 1303200032,
      "properties": {
        "osm_type": "way",
        "osm_id": 1303200032,
        "tags": {
          "highway": "pedestrian",
          "layer": "-1",
          "surface": "paved"
        },
        "evidence_status": "candidate_only",
        "analysis_ready": false,
        "source": "OpenStreetMap official API tiles retrieved 2026-09-15",
        "geometry_warning": "area boundary, floor codes and access must be checked"
      },
      "geometry": {
        "type": "LineString",
        "coordinates": [
          [
            121.51215,
            25.050002
          ],
          [
            121.5121379,
            25.0500053
          ]
        ]
      }
    },
    {
      "type": "Feature",
      "id": 1303200033,
      "properties": {
        "osm_type": "way",
        "osm_id": 1303200033,
        "tags": {
          "highway": "pedestrian",
          "layer": "-1",
          "surface": "paved"
        },
        "evidence_status": "candidate_only",
        "analysis_ready": false,
        "source": "OpenStreetMap official API tiles retrieved 2026-09-15",
        "geometry_warning": "area boundary, floor codes and access must be checked"
      },
      "geometry": {
        "type": "LineString",
        "coordinates": [
          [
            121.5122075,
            25.0499865
          ],
          [
            121.5122005,
            25.0499884
          ]
        ]
      }
    },
    {
      "type": "Feature",
      "id": 1306286389,
      "properties": {
        "osm_type": "way",
        "osm_id": 1306286389,
        "tags": {
          "covered": "yes",
          "handrail": "yes",
          "highway": "steps",
          "step_count": "7",
          "surface": "paved"
        },
        "evidence_status": "candidate_only",
        "analysis_ready": false,
        "source": "OpenStreetMap official API tiles retrieved 2026-09-15",
        "geometry_warning": "area boundary, floor codes and access must be checked"
      },
      "geometry": {
        "type": "LineString",
        "coordinates": [
          [
            121.5107324,
            25.0502878
          ],
          [
            121.510663,
            25.0503037
          ]
        ]
      }
    },
    {
      "type": "Feature",
      "id": 1306286390,
      "properties": {
        "osm_type": "way",
        "osm_id": 1306286390,
        "tags": {
          "highway": "pedestrian",
          "lit": "yes",
          "surface": "paved"
        },
        "evidence_status": "candidate_only",
        "analysis_ready": false,
        "source": "OpenStreetMap official API tiles retrieved 2026-09-15",
        "geometry_warning": "area boundary, floor codes and access must be checked"
      },
      "geometry": {
        "type": "LineString",
        "coordinates": [
          [
            121.5107879,
            25.050275
          ],
          [
            121.5107324,
            25.0502878
          ]
        ]
      }
    },
    {
      "type": "Feature",
      "id": 1306286391,
      "properties": {
        "osm_type": "way",
        "osm_id": 1306286391,
        "tags": {
          "highway": "pedestrian"
        },
        "evidence_status": "candidate_only",
        "analysis_ready": false,
        "source": "OpenStreetMap official API tiles retrieved 2026-09-15",
        "geometry_warning": "area boundary, floor codes and access must be checked"
      },
      "geometry": {
        "type": "LineString",
        "coordinates": [
          [
            121.5109874,
            25.0501657
          ],
          [
            121.5110032,
            25.0502284
          ],
          [
            121.5107879,
            25.050275
          ]
        ]
      }
    },
    {
      "type": "Feature",
      "id": 1346858497,
      "properties": {
        "osm_type": "way",
        "osm_id": 1346858497,
        "tags": {
          "highway": "footway",
          "surface": "asphalt"
        },
        "evidence_status": "candidate_only",
        "analysis_ready": false,
        "source": "OpenStreetMap official API tiles retrieved 2026-09-15",
        "geometry_warning": "area boundary, floor codes and access must be checked"
      },
      "geometry": {
        "type": "LineString",
        "coordinates": [
          [
            121.5136831,
            25.0489815
          ],
          [
            121.5134969,
            25.0490297
          ]
        ]
      }
    },
    {
      "type": "Feature",
      "id": 1393241276,
      "properties": {
        "osm_type": "way",
        "osm_id": 1393241276,
        "tags": {
          "highway": "footway",
          "surface": "paving_stones"
        },
        "evidence_status": "candidate_only",
        "analysis_ready": false,
        "source": "OpenStreetMap official API tiles retrieved 2026-09-15",
        "geometry_warning": "area boundary, floor codes and access must be checked"
      },
      "geometry": {
        "type": "LineString",
        "coordinates": [
          [
            121.5098638,
            25.0509558
          ],
          [
            121.5105366,
            25.0509209
          ]
        ]
      }
    },
    {
      "type": "Feature",
      "id": 204711168,
      "properties": {
        "osm_type": "way",
        "osm_id": 204711168,
        "tags": {
          "bridge": "yes",
          "highway": "footway",
          "layer": "1"
        },
        "evidence_status": "candidate_only",
        "analysis_ready": false,
        "source": "OpenStreetMap official API tiles retrieved 2026-09-15",
        "geometry_warning": "area boundary, floor codes and access must be checked"
      },
      "geometry": {
        "type": "LineString",
        "coordinates": [
          [
            121.5165803,
            25.0484614
          ],
          [
            121.5166007,
            25.0485588
          ],
          [
            121.5167068,
            25.0489255
          ]
        ]
      }
    },
    {
      "type": "Feature",
      "id": 204711170,
      "properties": {
        "osm_type": "way",
        "osm_id": 204711170,
        "tags": {
          "highway": "steps"
        },
        "evidence_status": "candidate_only",
        "analysis_ready": false,
        "source": "OpenStreetMap official API tiles retrieved 2026-09-15",
        "geometry_warning": "area boundary, floor codes and access must be checked"
      },
      "geometry": {
        "type": "LineString",
        "coordinates": [
          [
            121.5165688,
            25.0484002
          ],
          [
            121.5165803,
            25.0484614
          ]
        ]
      }
    },
    {
      "type": "Feature",
      "id": 204711171,
      "properties": {
        "osm_type": "way",
        "osm_id": 204711171,
        "tags": {
          "highway": "steps"
        },
        "evidence_status": "candidate_only",
        "analysis_ready": false,
        "source": "OpenStreetMap official API tiles retrieved 2026-09-15",
        "geometry_warning": "area boundary, floor codes and access must be checked"
      },
      "geometry": {
        "type": "LineString",
        "coordinates": [
          [
            121.5166007,
            25.0485588
          ],
          [
            121.5167624,
            25.0485346
          ]
        ]
      }
    },
    {
      "type": "Feature",
      "id": 259080301,
      "properties": {
        "osm_type": "way",
        "osm_id": 259080301,
        "tags": {
          "highway": "path",
          "name": "公園路28巷",
          "name:en": "Lane 28, Gongyuan Road",
          "name:nan": "Kong-hn̂g-lō͘ 28-hāng",
          "name:nan-Hant": "公園路28巷",
          "name:nan-Latn-pehoeji": "Kong-hn̂g-lō͘ 28-hāng",
          "name:nan-Latn-tailo": "Kong-hn̂g-lōo 28-hāng",
          "name:zh": "公園路20巷"
        },
        "evidence_status": "candidate_only",
        "analysis_ready": false,
        "source": "OpenStreetMap official API tiles retrieved 2026-09-15",
        "geometry_warning": "area boundary, floor codes and access must be checked"
      },
      "geometry": {
        "type": "LineString",
        "coordinates": [
          [
            121.5171227,
            25.0449009
          ],
          [
            121.5170065,
            25.0449139
          ],
          [
            121.516623,
            25.0449206
          ],
          [
            121.5166276,
            25.0449615
          ],
          [
            121.5166295,
            25.0450657
          ],
          [
            121.5166143,
            25.0451044
          ]
        ]
      }
    },
    {
      "type": "Feature",
      "id": 259759588,
      "properties": {
        "osm_type": "way",
        "osm_id": 259759588,
        "tags": {
          "highway": "footway",
          "name": "華陰街24巷2弄",
          "service": "alley"
        },
        "evidence_status": "candidate_only",
        "analysis_ready": false,
        "source": "OpenStreetMap official API tiles retrieved 2026-09-15",
        "geometry_warning": "area boundary, floor codes and access must be checked"
      },
      "geometry": {
        "type": "LineString",
        "coordinates": [
          [
            121.5194002,
            25.0487641
          ],
          [
            121.5194285,
            25.048857
          ],
          [
            121.5194665,
            25.0489814
          ]
        ]
      }
    },
    {
      "type": "Feature",
      "id": 259759590,
      "properties": {
        "osm_type": "way",
        "osm_id": 259759590,
        "tags": {
          "highway": "footway"
        },
        "evidence_status": "candidate_only",
        "analysis_ready": false,
        "source": "OpenStreetMap official API tiles retrieved 2026-09-15",
        "geometry_warning": "area boundary, floor codes and access must be checked"
      },
      "geometry": {
        "type": "LineString",
        "coordinates": [
          [
            121.5190502,
            25.0485812
          ],
          [
            121.5191523,
            25.0485628
          ],
          [
            121.5191275,
            25.0485258
          ]
        ]
      }
    },
    {
      "type": "Feature",
      "id": 328691507,
      "properties": {
        "osm_type": "way",
        "osm_id": 328691507,
        "tags": {
          "highway": "footway",
          "layer": "-1",
          "tunnel": "yes"
        },
        "evidence_status": "candidate_only",
        "analysis_ready": false,
        "source": "OpenStreetMap official API tiles retrieved 2026-09-15",
        "geometry_warning": "area boundary, floor codes and access must be checked"
      },
      "geometry": {
        "type": "LineString",
        "coordinates": [
          [
            121.5194406,
            25.045957
          ],
          [
            121.5199321,
            25.045817
          ]
        ]
      }
    },
    {
      "type": "Feature",
      "id": 328691508,
      "properties": {
        "osm_type": "way",
        "osm_id": 328691508,
        "tags": {
          "handrail": "yes",
          "highway": "steps",
          "incline": "up"
        },
        "evidence_status": "candidate_only",
        "analysis_ready": false,
        "source": "OpenStreetMap official API tiles retrieved 2026-09-15",
        "geometry_warning": "area boundary, floor codes and access must be checked"
      },
      "geometry": {
        "type": "LineString",
        "coordinates": [
          [
            121.5193825,
            25.045932
          ],
          [
            121.5194406,
            25.045957
          ],
          [
            121.5194854,
            25.0459791
          ]
        ]
      }
    },
    {
      "type": "Feature",
      "id": 328691509,
      "properties": {
        "osm_type": "way",
        "osm_id": 328691509,
        "tags": {
          "handrail": "yes",
          "highway": "steps",
          "incline": "up"
        },
        "evidence_status": "candidate_only",
        "analysis_ready": false,
        "source": "OpenStreetMap official API tiles retrieved 2026-09-15",
        "geometry_warning": "area boundary, floor codes and access must be checked"
      },
      "geometry": {
        "type": "LineString",
        "coordinates": [
          [
            121.5199103,
            25.0458541
          ],
          [
            121.5199321,
            25.045817
          ],
          [
            121.5199636,
            25.0457766
          ]
        ]
      }
    },
    {
      "type": "Feature",
      "id": 343713254,
      "properties": {
        "osm_type": "way",
        "osm_id": 343713254,
        "tags": {
          "handrail": "yes",
          "highway": "steps",
          "ramp": "no"
        },
        "evidence_status": "candidate_only",
        "analysis_ready": false,
        "source": "OpenStreetMap official API tiles retrieved 2026-09-15",
        "geometry_warning": "area boundary, floor codes and access must be checked"
      },
      "geometry": {
        "type": "LineString",
        "coordinates": [
          [
            121.5189687,
            25.0468412
          ],
          [
            121.5189482,
            25.0468683
          ],
          [
            121.5189182,
            25.046908
          ]
        ]
      }
    },
    {
      "type": "Feature",
      "id": 347274974,
      "properties": {
        "osm_type": "way",
        "osm_id": 347274974,
        "tags": {
          "highway": "path",
          "name": "中山北路一段34巷",
          "name:en": "Lane 34, Zhongshan North Road Section 1",
          "name:zh": "中山北路一段34巷"
        },
        "evidence_status": "candidate_only",
        "analysis_ready": false,
        "source": "OpenStreetMap official API tiles retrieved 2026-09-15",
        "geometry_warning": "area boundary, floor codes and access must be checked"
      },
      "geometry": {
        "type": "LineString",
        "coordinates": [
          [
            121.5200231,
            25.0468497
          ],
          [
            121.5199621,
            25.0468678
          ],
          [
            121.519706,
            25.0469205
          ],
          [
            121.5194299,
            25.0469309
          ]
        ]
      }
    },
    {
      "type": "Feature",
      "id": 348476060,
      "properties": {
        "osm_type": "way",
        "osm_id": 348476060,
        "tags": {
          "highway": "footway"
        },
        "evidence_status": "candidate_only",
        "analysis_ready": false,
        "source": "OpenStreetMap official API tiles retrieved 2026-09-15",
        "geometry_warning": "area boundary, floor codes and access must be checked"
      },
      "geometry": {
        "type": "LineString",
        "coordinates": [
          [
            121.519706,
            25.0469205
          ],
          [
            121.5197532,
            25.0470981
          ]
        ]
      }
    },
    {
      "type": "Feature",
      "id": 348476063,
      "properties": {
        "osm_type": "way",
        "osm_id": 348476063,
        "tags": {
          "footway": "sidewalk",
          "highway": "footway"
        },
        "evidence_status": "candidate_only",
        "analysis_ready": false,
        "source": "OpenStreetMap official API tiles retrieved 2026-09-15",
        "geometry_warning": "area boundary, floor codes and access must be checked"
      },
      "geometry": {
        "type": "LineString",
        "coordinates": [
          [
            121.5200418,
            25.0470492
          ],
          [
            121.5197532,
            25.0470981
          ],
          [
            121.5195825,
            25.047127
          ],
          [
            121.5193379,
            25.0471684
          ],
          [
            121.5189182,
            25.046908
          ],
          [
            121.5188236,
            25.0468493
          ],
          [
            121.5181043,
            25.0469712
          ]
        ]
      }
    },
    {
      "type": "Feature",
      "id": 360855812,
      "properties": {
        "osm_type": "way",
        "osm_id": 360855812,
        "tags": {
          "description": "防火巷",
          "highway": "path"
        },
        "evidence_status": "candidate_only",
        "analysis_ready": false,
        "source": "OpenStreetMap official API tiles retrieved 2026-09-15",
        "geometry_warning": "area boundary, floor codes and access must be checked"
      },
      "geometry": {
        "type": "LineString",
        "coordinates": [
          [
            121.519727,
            25.0487878
          ],
          [
            121.5199128,
            25.0487363
          ]
        ]
      }
    },
    {
      "type": "Feature",
      "id": 366766269,
      "properties": {
        "osm_type": "way",
        "osm_id": 366766269,
        "tags": {
          "bicycle": "yes",
          "footway": "crossing",
          "highway": "footway"
        },
        "evidence_status": "candidate_only",
        "analysis_ready": false,
        "source": "OpenStreetMap official API tiles retrieved 2026-09-15",
        "geometry_warning": "area boundary, floor codes and access must be checked"
      },
      "geometry": {
        "type": "LineString",
        "coordinates": [
          [
            121.5173342,
            25.0460635
          ],
          [
            121.5174335,
            25.0460228
          ],
          [
            121.5176511,
            25.0459599
          ]
        ]
      }
    },
    {
      "type": "Feature",
      "id": 366766271,
      "properties": {
        "osm_type": "way",
        "osm_id": 366766271,
        "tags": {
          "highway": "steps",
          "incline": "down",
          "indoor": "yes",
          "level": "-1;0"
        },
        "evidence_status": "candidate_only",
        "analysis_ready": false,
        "source": "OpenStreetMap official API tiles retrieved 2026-09-15",
        "geometry_warning": "area boundary, floor codes and access must be checked"
      },
      "geometry": {
        "type": "LineString",
        "coordinates": [
          [
            121.5161736,
            25.046288
          ],
          [
            121.5162365,
            25.0462523
          ]
        ]
      }
    },
    {
      "type": "Feature",
      "id": 366766277,
      "properties": {
        "osm_type": "way",
        "osm_id": 366766277,
        "tags": {
          "highway": "steps",
          "incline": "up",
          "indoor": "yes",
          "layer": "-1",
          "level": "-1"
        },
        "evidence_status": "candidate_only",
        "analysis_ready": false,
        "source": "OpenStreetMap official API tiles retrieved 2026-09-15",
        "geometry_warning": "area boundary, floor codes and access must be checked"
      },
      "geometry": {
        "type": "LineString",
        "coordinates": [
          [
            121.5167618,
            25.0461691
          ],
          [
            121.5167378,
            25.0460996
          ]
        ]
      }
    },
    {
      "type": "Feature",
      "id": 384785618,
      "properties": {
        "osm_type": "way",
        "osm_id": 384785618,
        "tags": {
          "bicycle": "yes",
          "footway": "sidewalk",
          "highway": "footway"
        },
        "evidence_status": "candidate_only",
        "analysis_ready": false,
        "source": "OpenStreetMap official API tiles retrieved 2026-09-15",
        "geometry_warning": "area boundary, floor codes and access must be checked"
      },
      "geometry": {
        "type": "LineString",
        "coordinates": [
          [
            121.5176511,
            25.0459599
          ],
          [
            121.5178193,
            25.0459215
          ],
          [
            121.518284,
            25.0458074
          ],
          [
            121.5186967,
            25.0457066
          ],
          [
            121.5190411,
            25.0456225
          ],
          [
            121.5190401,
            25.0456149
          ],
          [
            121.5190987,
            25.0455961
          ],
          [
            121.5191236,
            25.0455881
          ],
          [
            121.5191524,
            25.0455551
          ],
          [
            121.5192281,
            25.0454656
          ],
          [
            121.5192685,
            25.0453305
          ],
          [
            121.5192443,
            25.0451556
          ],
          [
            121.5190915,
            25.0446258
          ]
        ]
      }
    },
    {
      "type": "Feature",
      "id": 384785619,
      "properties": {
        "osm_type": "way",
        "osm_id": 384785619,
        "tags": {
          "footway": "sidewalk",
          "highway": "footway"
        },
        "evidence_status": "candidate_only",
        "analysis_ready": false,
        "source": "OpenStreetMap official API tiles retrieved 2026-09-15",
        "geometry_warning": "area boundary, floor codes and access must be checked"
      },
      "geometry": {
        "type": "LineString",
        "coordinates": [
          [
            121.5161728,
            25.0463584
          ],
          [
            121.5161736,
            25.046288
          ],
          [
            121.5161779,
            25.0455859
          ],
          [
            121.5161853,
            25.0455464
          ],
          [
            121.516458,
            25.0455463
          ],
          [
            121.5167304,
            25.0455461
          ],
          [
            121.5168504,
            25.045546
          ],
          [
            121.5171712,
            25.0455442
          ]
        ]
      }
    },
    {
      "type": "Feature",
      "id": 435677302,
      "properties": {
        "osm_type": "way",
        "osm_id": 435677302,
        "tags": {
          "highway": "path"
        },
        "evidence_status": "candidate_only",
        "analysis_ready": false,
        "source": "OpenStreetMap official API tiles retrieved 2026-09-15",
        "geometry_warning": "area boundary, floor codes and access must be checked"
      },
      "geometry": {
        "type": "LineString",
        "coordinates": [
          [
            121.5199759,
            25.0488473
          ],
          [
            121.5200562,
            25.0491461
          ]
        ]
      }
    },
    {
      "type": "Feature",
      "id": 443226900,
      "properties": {
        "osm_type": "way",
        "osm_id": 443226900,
        "tags": {
          "footway": "sidewalk",
          "highway": "footway",
          "layer": "1"
        },
        "evidence_status": "candidate_only",
        "analysis_ready": false,
        "source": "OpenStreetMap official API tiles retrieved 2026-09-15",
        "geometry_warning": "area boundary, floor codes and access must be checked"
      },
      "geometry": {
        "type": "LineString",
        "coordinates": [
          [
            121.51907,
            25.0485334
          ],
          [
            121.5191275,
            25.0485258
          ],
          [
            121.5200386,
            25.0483775
          ],
          [
            121.5206232,
            25.0482824
          ],
          [
            121.520668,
            25.0483218
          ],
          [
            121.5207229,
            25.0484151
          ],
          [
            121.52098,
            25.0489248
          ],
          [
            121.5212106,
            25.0494052
          ],
          [
            121.5212158,
            25.0494166
          ],
          [
            121.5213962,
            25.0497961
          ]
        ]
      }
    },
    {
      "type": "Feature",
      "id": 448227621,
      "properties": {
        "osm_type": "way",
        "osm_id": 448227621,
        "tags": {
          "highway": "footway"
        },
        "evidence_status": "candidate_only",
        "analysis_ready": false,
        "source": "OpenStreetMap official API tiles retrieved 2026-09-15",
        "geometry_warning": "area boundary, floor codes and access must be checked"
      },
      "geometry": {
        "type": "LineString",
        "coordinates": [
          [
            121.519229,
            25.0486887
          ],
          [
            121.5191816,
            25.0487027
          ],
          [
            121.519313,
            25.0488743
          ]
        ]
      }
    },
    {
      "type": "Feature",
      "id": 449290514,
      "properties": {
        "osm_type": "way",
        "osm_id": 449290514,
        "tags": {
          "handrail": "yes",
          "highway": "steps",
          "incline": "down",
          "indoor": "yes",
          "layer": "-1",
          "level": "-2--0"
        },
        "evidence_status": "candidate_only",
        "analysis_ready": false,
        "source": "OpenStreetMap official API tiles retrieved 2026-09-15",
        "geometry_warning": "area boundary, floor codes and access must be checked"
      },
      "geometry": {
        "type": "LineString",
        "coordinates": [
          [
            121.5152884,
            25.0465883
          ],
          [
            121.5149984,
            25.046661
          ]
        ]
      }
    },
    {
      "type": "Feature",
      "id": 449290516,
      "properties": {
        "osm_type": "way",
        "osm_id": 449290516,
        "tags": {
          "highway": "steps",
          "incline": "up",
          "indoor": "yes",
          "layer": "-1",
          "level": "-2--0"
        },
        "evidence_status": "candidate_only",
        "analysis_ready": false,
        "source": "OpenStreetMap official API tiles retrieved 2026-09-15",
        "geometry_warning": "area boundary, floor codes and access must be checked"
      },
      "geometry": {
        "type": "LineString",
        "coordinates": [
          [
            121.5159878,
            25.0464143
          ],
          [
            121.5157272,
            25.0464818
          ]
        ]
      }
    },
    {
      "type": "Feature",
      "id": 456295581,
      "properties": {
        "osm_type": "way",
        "osm_id": 456295581,
        "tags": {
          "bicycle": "yes",
          "footway": "sidewalk",
          "highway": "footway"
        },
        "evidence_status": "candidate_only",
        "analysis_ready": false,
        "source": "OpenStreetMap official API tiles retrieved 2026-09-15",
        "geometry_warning": "area boundary, floor codes and access must be checked"
      },
      "geometry": {
        "type": "LineString",
        "coordinates": [
          [
            121.5162511,
            25.0486106
          ],
          [
            121.5162992,
            25.0486031
          ],
          [
            121.516425,
            25.0485775
          ],
          [
            121.5164537,
            25.0485732
          ],
          [
            121.5164825,
            25.0485689
          ],
          [
            121.5167739,
            25.0485251
          ],
          [
            121.5190653,
            25.0481808
          ],
          [
            121.5196785,
            25.048098
          ],
          [
            121.5204701,
            25.0479513
          ],
          [
            121.5205277,
            25.0479318
          ]
        ]
      }
    },
    {
      "type": "Feature",
      "id": 492117320,
      "properties": {
        "osm_type": "way",
        "osm_id": 492117320,
        "tags": {
          "bridge": "yes",
          "handrail": "yes",
          "highway": "steps",
          "incline": "down",
          "layer": "1"
        },
        "evidence_status": "candidate_only",
        "analysis_ready": false,
        "source": "OpenStreetMap official API tiles retrieved 2026-09-15",
        "geometry_warning": "area boundary, floor codes and access must be checked"
      },
      "geometry": {
        "type": "LineString",
        "coordinates": [
          [
            121.5167068,
            25.0489255
          ],
          [
            121.5168049,
            25.0489087
          ],
          [
            121.5168339,
            25.0490397
          ]
        ]
      }
    },
    {
      "type": "Feature",
      "id": 503495807,
      "properties": {
        "osm_type": "way",
        "osm_id": 503495807,
        "tags": {
          "bench": "yes",
          "check_date:shelter": "2026-07-07",
          "highway": "footway",
          "public_transport": "platform",
          "shelter": "yes"
        },
        "evidence_status": "candidate_only",
        "analysis_ready": false,
        "source": "OpenStreetMap official API tiles retrieved 2026-09-15",
        "geometry_warning": "area boundary, floor codes and access must be checked"
      },
      "geometry": {
        "type": "LineString",
        "coordinates": [
          [
            121.5142542,
            25.0471516
          ],
          [
            121.5138585,
            25.0472444
          ]
        ]
      }
    },
    {
      "type": "Feature",
      "id": 506236924,
      "properties": {
        "osm_type": "way",
        "osm_id": 506236924,
        "tags": {
          "footway": "crossing",
          "highway": "footway",
          "level": "0"
        },
        "evidence_status": "candidate_only",
        "analysis_ready": false,
        "source": "OpenStreetMap official API tiles retrieved 2026-09-15",
        "geometry_warning": "area boundary, floor codes and access must be checked"
      },
      "geometry": {
        "type": "LineString",
        "coordinates": [
          [
            121.5179517,
            25.0471505
          ],
          [
            121.5179767,
            25.0471393
          ],
          [
            121.5179962,
            25.0471305
          ],
          [
            121.5180288,
            25.0471159
          ],
          [
            121.5180614,
            25.0471013
          ],
          [
            121.518074,
            25.0470956
          ],
          [
            121.5180946,
            25.0470864
          ],
          [
            121.5181163,
            25.0470767
          ]
        ]
      }
    },
    {
      "type": "Feature",
      "id": 506236925,
      "properties": {
        "osm_type": "way",
        "osm_id": 506236925,
        "tags": {
          "highway": "steps",
          "incline": "up",
          "indoor": "yes",
          "layer": "-1",
          "level": "-1",
          "ramp:wheelchair": "yes"
        },
        "evidence_status": "candidate_only",
        "analysis_ready": false,
        "source": "OpenStreetMap official API tiles retrieved 2026-09-15",
        "geometry_warning": "area boundary, floor codes and access must be checked"
      },
      "geometry": {
        "type": "LineString",
        "coordinates": [
          [
            121.5188091,
            25.0482711
          ],
          [
            121.5187854,
            25.0482391
          ]
        ]
      }
    },
    {
      "type": "Feature",
      "id": 537360186,
      "properties": {
        "osm_type": "way",
        "osm_id": 537360186,
        "tags": {
          "bicycle": "yes",
          "footway": "sidewalk",
          "highway": "footway",
          "surface": "paving_stones"
        },
        "evidence_status": "candidate_only",
        "analysis_ready": false,
        "source": "OpenStreetMap official API tiles retrieved 2026-09-15",
        "geometry_warning": "area boundary, floor codes and access must be checked"
      },
      "geometry": {
        "type": "LineString",
        "coordinates": [
          [
            121.5161568,
            25.0434605
          ],
          [
            121.5165626,
            25.0434572
          ],
          [
            121.516612,
            25.043476
          ],
          [
            121.5166231,
            25.0434868
          ],
          [
            121.5166989,
            25.0437849
          ],
          [
            121.5167681,
            25.0440274
          ],
          [
            121.5168557,
            25.0443451
          ],
          [
            121.5169266,
            25.0446412
          ],
          [
            121.5170065,
            25.0449139
          ],
          [
            121.5170207,
            25.0449645
          ],
          [
            121.5170381,
            25.0450275
          ],
          [
            121.51707,
            25.0451727
          ],
          [
            121.5170759,
            25.0451931
          ],
          [
            121.5171629,
            25.0455113
          ],
          [
            121.5171712,
            25.0455442
          ],
          [
            121.5173342,
            25.0460635
          ]
        ]
      }
    },
    {
      "type": "Feature",
      "id": 537360189,
      "properties": {
        "osm_type": "way",
        "osm_id": 537360189,
        "tags": {
          "highway": "path",
          "name": "許昌街8巷",
          "name:en": "Lane 8, Xuchang Street",
          "name:nan": "Hí-chhiong-koe 8-hāng",
          "name:nan-Hant": "許昌街8巷",
          "name:nan-Latn-pehoeji": "Hí-chhiong-koe 8-hāng",
          "name:nan-Latn-tailo": "Hí-tshiong-kue 8-hāng",
          "name:zh": "許昌街8巷"
        },
        "evidence_status": "candidate_only",
        "analysis_ready": false,
        "source": "OpenStreetMap official API tiles retrieved 2026-09-15",
        "geometry_warning": "area boundary, floor codes and access must be checked"
      },
      "geometry": {
        "type": "LineString",
        "coordinates": [
          [
            121.5169388,
            25.0455116
          ],
          [
            121.5169257,
            25.045196
          ]
        ]
      }
    },
    {
      "type": "Feature",
      "id": 541487645,
      "properties": {
        "osm_type": "way",
        "osm_id": 541487645,
        "tags": {
          "bicycle": "yes",
          "footway": "sidewalk",
          "highway": "footway",
          "surface": "paving_stones"
        },
        "evidence_status": "candidate_only",
        "analysis_ready": false,
        "source": "OpenStreetMap official API tiles retrieved 2026-09-15",
        "geometry_warning": "area boundary, floor codes and access must be checked"
      },
      "geometry": {
        "type": "LineString",
        "coordinates": [
          [
            121.5167914,
            25.0508793
          ],
          [
            121.5168326,
            25.0508314
          ],
          [
            121.5167322,
            25.050489
          ],
          [
            121.5165969,
            25.0500343
          ],
          [
            121.5165829,
            25.0499436
          ],
          [
            121.5165018,
            25.0496133
          ],
          [
            121.5163634,
            25.049041
          ],
          [
            121.5162952,
            25.0490119
          ],
          [
            121.5162268,
            25.0489828
          ],
          [
            121.5162225,
            25.0489579
          ]
        ]
      }
    },
    {
      "type": "Feature",
      "id": 542687055,
      "properties": {
        "osm_type": "way",
        "osm_id": 542687055,
        "tags": {
          "bicycle": "yes",
          "footway": "sidewalk",
          "highway": "footway"
        },
        "evidence_status": "candidate_only",
        "analysis_ready": false,
        "source": "OpenStreetMap official API tiles retrieved 2026-09-15",
        "geometry_warning": "area boundary, floor codes and access must be checked"
      },
      "geometry": {
        "type": "LineString",
        "coordinates": [
          [
            121.5199491,
            25.0457679
          ],
          [
            121.5199636,
            25.0457766
          ],
          [
            121.52002,
            25.0457957
          ],
          [
            121.5201374,
            25.0457636
          ],
          [
            121.5213157,
            25.045464
          ],
          [
            121.5215396,
            25.045404
          ],
          [
            121.5216087,
            25.0454089
          ]
        ]
      }
    },
    {
      "type": "Feature",
      "id": 542687061,
      "properties": {
        "osm_type": "way",
        "osm_id": 542687061,
        "tags": {
          "bicycle": "yes",
          "footway": "sidewalk",
          "highway": "footway"
        },
        "evidence_status": "candidate_only",
        "analysis_ready": false,
        "source": "OpenStreetMap official API tiles retrieved 2026-09-15",
        "geometry_warning": "area boundary, floor codes and access must be checked"
      },
      "geometry": {
        "type": "LineString",
        "coordinates": [
          [
            121.5194803,
            25.0445226
          ],
          [
            121.5202182,
            25.0443518
          ],
          [
            121.5206232,
            25.044258
          ],
          [
            121.5211111,
            25.0441471
          ],
          [
            121.5212265,
            25.0441471
          ],
          [
            121.5214067,
            25.0447217
          ],
          [
            121.521517,
            25.0450733
          ],
          [
            121.5215109,
            25.0450891
          ],
          [
            121.5212276,
            25.0451573
          ],
          [
            121.5200437,
            25.0454423
          ],
          [
            121.5198639,
            25.0454849
          ],
          [
            121.519813,
            25.0454582
          ],
          [
            121.5197123,
            25.0454056
          ],
          [
            121.5196761,
            25.045277
          ],
          [
            121.5194643,
            25.0445724
          ],
          [
            121.5194803,
            25.0445226
          ]
        ]
      }
    },
    {
      "type": "Feature",
      "id": 542687063,
      "properties": {
        "osm_type": "way",
        "osm_id": 542687063,
        "tags": {
          "bicycle": "yes",
          "crossing": "zebra",
          "footway": "crossing",
          "highway": "footway"
        },
        "evidence_status": "candidate_only",
        "analysis_ready": false,
        "source": "OpenStreetMap official API tiles retrieved 2026-09-15",
        "geometry_warning": "area boundary, floor codes and access must be checked"
      },
      "geometry": {
        "type": "LineString",
        "coordinates": [
          [
            121.519813,
            25.0454582
          ],
          [
            121.5198306,
            25.0455572
          ],
          [
            121.5198512,
            25.0456495
          ],
          [
            121.5199058,
            25.0457116
          ],
          [
            121.5199491,
            25.0457679
          ]
        ]
      }
    },
    {
      "type": "Feature",
      "id": 542687066,
      "properties": {
        "osm_type": "way",
        "osm_id": 542687066,
        "tags": {
          "bicycle": "yes",
          "crossing": "zebra",
          "footway": "crossing",
          "highway": "footway",
          "surface": "asphalt"
        },
        "evidence_status": "candidate_only",
        "analysis_ready": false,
        "source": "OpenStreetMap official API tiles retrieved 2026-09-15",
        "geometry_warning": "area boundary, floor codes and access must be checked"
      },
      "geometry": {
        "type": "LineString",
        "coordinates": [
          [
            121.5172678,
            25.0451169
          ],
          [
            121.5171907,
            25.0451398
          ],
          [
            121.51707,
            25.0451727
          ]
        ]
      }
    },
    {
      "type": "Feature",
      "id": 542687068,
      "properties": {
        "osm_type": "way",
        "osm_id": 542687068,
        "tags": {
          "bicycle": "yes",
          "crossing": "zebra",
          "footway": "crossing",
          "highway": "footway",
          "surface": "asphalt"
        },
        "evidence_status": "candidate_only",
        "analysis_ready": false,
        "source": "OpenStreetMap official API tiles retrieved 2026-09-15",
        "geometry_warning": "area boundary, floor codes and access must be checked"
      },
      "geometry": {
        "type": "LineString",
        "coordinates": [
          [
            121.5172916,
            25.0450718
          ],
          [
            121.51727,
            25.0449969
          ],
          [
            121.5172379,
            25.0449017
          ]
        ]
      }
    },
    {
      "type": "Feature",
      "id": 542687069,
      "properties": {
        "osm_type": "way",
        "osm_id": 542687069,
        "tags": {
          "bicycle": "yes",
          "footway": "sidewalk",
          "highway": "footway"
        },
        "evidence_status": "candidate_only",
        "analysis_ready": false,
        "source": "OpenStreetMap official API tiles retrieved 2026-09-15",
        "geometry_warning": "area boundary, floor codes and access must be checked"
      },
      "geometry": {
        "type": "LineString",
        "coordinates": [
          [
            121.519133,
            25.0446526
          ],
          [
            121.5190915,
            25.0446258
          ],
          [
            121.519075,
            25.0446294
          ],
          [
            121.5180628,
            25.0449017
          ],
          [
            121.5172916,
            25.0450718
          ],
          [
            121.5172753,
            25.0451026
          ],
          [
            121.5172678,
            25.0451169
          ]
        ]
      }
    },
    {
      "type": "Feature",
      "id": 542687074,
      "properties": {
        "osm_type": "way",
        "osm_id": 542687074,
        "tags": {
          "bicycle": "yes",
          "crossing": "marked",
          "crossing:markings": "yes",
          "footway": "crossing",
          "highway": "footway"
        },
        "evidence_status": "candidate_only",
        "analysis_ready": false,
        "source": "OpenStreetMap official API tiles retrieved 2026-09-15",
        "geometry_warning": "area boundary, floor codes and access must be checked"
      },
      "geometry": {
        "type": "LineString",
        "coordinates": [
          [
            121.5192281,
            25.0454656
          ],
          [
            121.5192973,
            25.0454718
          ],
          [
            121.5194092,
            25.045478
          ],
          [
            121.5194938,
            25.0454621
          ],
          [
            121.5195322,
            25.0454526
          ],
          [
            121.5195759,
            25.0454418
          ],
          [
            121.5196681,
            25.0454183
          ],
          [
            121.5197123,
            25.0454056
          ]
        ]
      }
    },
    {
      "type": "Feature",
      "id": 568347404,
      "properties": {
        "osm_type": "way",
        "osm_id": 568347404,
        "tags": {
          "area": "yes",
          "foot": "yes",
          "highway": "pedestrian",
          "level": "0",
          "lit": "yes",
          "motor_vehicle": "no",
          "surface": "paving_stones"
        },
        "evidence_status": "candidate_only",
        "analysis_ready": false,
        "source": "OpenStreetMap official API tiles retrieved 2026-09-15",
        "geometry_warning": "area boundary, floor codes and access must be checked"
      },
      "geometry": {
        "type": "LineString",
        "coordinates": [
          [
            121.5179985,
            25.0481487
          ],
          [
            121.517942,
            25.0478772
          ],
          [
            121.5178814,
            25.0475867
          ],
          [
            121.5178288,
            25.0473339
          ],
          [
            121.5177641,
            25.0470237
          ],
          [
            121.5177914,
            25.0470161
          ],
          [
            121.5178324,
            25.0470048
          ],
          [
            121.5178669,
            25.0469956
          ],
          [
            121.5178721,
            25.0470051
          ],
          [
            121.5179517,
            25.0471505
          ],
          [
            121.518015,
            25.0472751
          ],
          [
            121.5180022,
            25.0472813
          ],
          [
            121.5179878,
            25.0472884
          ],
          [
            121.5179275,
            25.0472949
          ],
          [
            121.5180578,
            25.0478729
          ],
          [
            121.5180792,
            25.0479679
          ],
          [
            121.5182327,
            25.0480302
          ],
          [
            121.5183325,
            25.0479957
          ],
          [
            121.5183427,
            25.0479674
          ],
          [
            121.5183509,
            25.0479447
          ],
          [
            121.5183941,
            25.0479351
          ],
          [
            121.5184151,
            25.0479304
          ],
          [
            121.5184637,
            25.0480364
          ],
          [
            121.5183477,
            25.0480563
          ],
          [
            121.5183584,
            25.0481073
          ],
          [
            121.5181277,
            25.0481466
          ],
          [
            121.5180054,
            25.0481683
          ],
          [
            121.5180021,
            25.0481588
          ],
          [
            121.5179985,
            25.0481487
          ]
        ]
      }
    },
    {
      "type": "Feature",
      "id": 614592806,
      "properties": {
        "osm_type": "way",
        "osm_id": 614592806,
        "tags": {
          "highway": "steps"
        },
        "evidence_status": "candidate_only",
        "analysis_ready": false,
        "source": "OpenStreetMap official API tiles retrieved 2026-09-15",
        "geometry_warning": "area boundary, floor codes and access must be checked"
      },
      "geometry": {
        "type": "LineString",
        "coordinates": [
          [
            121.5149115,
            25.0475262
          ],
          [
            121.5150363,
            25.0474959
          ]
        ]
      }
    },
    {
      "type": "Feature",
      "id": 614592807,
      "properties": {
        "osm_type": "way",
        "osm_id": 614592807,
        "tags": {
          "footway": "sidewalk",
          "highway": "footway"
        },
        "evidence_status": "candidate_only",
        "analysis_ready": false,
        "source": "OpenStreetMap official API tiles retrieved 2026-09-15",
        "geometry_warning": "area boundary, floor codes and access must be checked"
      },
      "geometry": {
        "type": "LineString",
        "coordinates": [
          [
            121.5150984,
            25.0463397
          ],
          [
            121.5151975,
            25.0463394
          ]
        ]
      }
    },
    {
      "type": "Feature",
      "id": 614592808,
      "properties": {
        "osm_type": "way",
        "osm_id": 614592808,
        "tags": {
          "crossing": "zebra",
          "footway": "crossing",
          "highway": "footway",
          "surface": "asphalt"
        },
        "evidence_status": "candidate_only",
        "analysis_ready": false,
        "source": "OpenStreetMap official API tiles retrieved 2026-09-15",
        "geometry_warning": "area boundary, floor codes and access must be checked"
      },
      "geometry": {
        "type": "LineString",
        "coordinates": [
          [
            121.5152309,
            25.0469177
          ],
          [
            121.5152254,
            25.0468976
          ],
          [
            121.5152107,
            25.0468419
          ],
          [
            121.5151795,
            25.0467206
          ],
          [
            121.5151487,
            25.0466166
          ]
        ]
      }
    },
    {
      "type": "Feature",
      "id": 614592809,
      "properties": {
        "osm_type": "way",
        "osm_id": 614592809,
        "tags": {
          "highway": "pedestrian",
          "lit": "yes",
          "name": "香咖大道",
          "surface": "paving_stones"
        },
        "evidence_status": "candidate_only",
        "analysis_ready": false,
        "source": "OpenStreetMap official API tiles retrieved 2026-09-15",
        "geometry_warning": "area boundary, floor codes and access must be checked"
      },
      "geometry": {
        "type": "LineString",
        "coordinates": [
          [
            121.5156181,
            25.045591
          ],
          [
            121.5156032,
            25.0464776
          ]
        ]
      }
    },
    {
      "type": "Feature",
      "id": 614592810,
      "properties": {
        "osm_type": "way",
        "osm_id": 614592810,
        "tags": {
          "handrail": "yes",
          "highway": "steps",
          "incline": "down"
        },
        "evidence_status": "candidate_only",
        "analysis_ready": false,
        "source": "OpenStreetMap official API tiles retrieved 2026-09-15",
        "geometry_warning": "area boundary, floor codes and access must be checked"
      },
      "geometry": {
        "type": "LineString",
        "coordinates": [
          [
            121.5151975,
            25.0463394
          ],
          [
            121.5151933,
            25.0464888
          ]
        ]
      }
    },
    {
      "type": "Feature",
      "id": 614592811,
      "properties": {
        "osm_type": "way",
        "osm_id": 614592811,
        "tags": {
          "crossing": "zebra",
          "footway": "crossing",
          "highway": "footway",
          "surface": "asphalt"
        },
        "evidence_status": "candidate_only",
        "analysis_ready": false,
        "source": "OpenStreetMap official API tiles retrieved 2026-09-15",
        "geometry_warning": "area boundary, floor codes and access must be checked"
      },
      "geometry": {
        "type": "LineString",
        "coordinates": [
          [
            121.5151487,
            25.0466166
          ],
          [
            121.5150217,
            25.0466484
          ],
          [
            121.5149058,
            25.0466744
          ]
        ]
      }
    },
    {
      "type": "Feature",
      "id": 614592812,
      "properties": {
        "osm_type": "way",
        "osm_id": 614592812,
        "tags": {
          "crossing": "zebra",
          "footway": "crossing",
          "highway": "footway",
          "surface": "asphalt"
        },
        "evidence_status": "candidate_only",
        "analysis_ready": false,
        "source": "OpenStreetMap official API tiles retrieved 2026-09-15",
        "geometry_warning": "area boundary, floor codes and access must be checked"
      },
      "geometry": {
        "type": "LineString",
        "coordinates": [
          [
            121.5148751,
            25.0466867
          ],
          [
            121.514905,
            25.0467862
          ],
          [
            121.5149376,
            25.0469099
          ],
          [
            121.5149673,
            25.0470088
          ]
        ]
      }
    },
    {
      "type": "Feature",
      "id": 614592813,
      "properties": {
        "osm_type": "way",
        "osm_id": 614592813,
        "tags": {
          "crossing": "zebra",
          "footway": "crossing",
          "highway": "footway",
          "surface": "asphalt"
        },
        "evidence_status": "candidate_only",
        "analysis_ready": false,
        "source": "OpenStreetMap official API tiles retrieved 2026-09-15",
        "geometry_warning": "area boundary, floor codes and access must be checked"
      },
      "geometry": {
        "type": "LineString",
        "coordinates": [
          [
            121.5149673,
            25.0470088
          ],
          [
            121.5150176,
            25.0470014
          ],
          [
            121.5150422,
            25.0469974
          ],
          [
            121.5150744,
            25.0469922
          ]
        ]
      }
    },
    {
      "type": "Feature",
      "id": 614592814,
      "properties": {
        "osm_type": "way",
        "osm_id": 614592814,
        "tags": {
          "footway": "sidewalk",
          "highway": "footway",
          "surface": "paving_stones"
        },
        "evidence_status": "candidate_only",
        "analysis_ready": false,
        "source": "OpenStreetMap official API tiles retrieved 2026-09-15",
        "geometry_warning": "area boundary, floor codes and access must be checked"
      },
      "geometry": {
        "type": "LineString",
        "coordinates": [
          [
            121.5151487,
            25.0466166
          ],
          [
            121.5151192,
            25.0465929
          ],
          [
            121.5150996,
            25.0465729
          ],
          [
            121.5150984,
            25.0463397
          ],
          [
            121.5151003,
            25.0460531
          ],
          [
            121.5151058,
            25.0455935
          ]
        ]
      }
    },
    {
      "type": "Feature",
      "id": 614592815,
      "properties": {
        "osm_type": "way",
        "osm_id": 614592815,
        "tags": {
          "footway": "sidewalk",
          "highway": "footway",
          "surface": "paving_stones"
        },
        "evidence_status": "candidate_only",
        "analysis_ready": false,
        "source": "OpenStreetMap official API tiles retrieved 2026-09-15",
        "geometry_warning": "area boundary, floor codes and access must be checked"
      },
      "geometry": {
        "type": "LineString",
        "coordinates": [
          [
            121.5173944,
            25.0463778
          ],
          [
            121.5170357,
            25.0464709
          ],
          [
            121.5167962,
            25.0465299
          ],
          [
            121.5165416,
            25.0465889
          ],
          [
            121.5159592,
            25.0467385
          ],
          [
            121.5152784,
            25.0468892
          ],
          [
            121.515283,
            25.0469056
          ],
          [
            121.5152309,
            25.0469177
          ],
          [
            121.5150744,
            25.0469922
          ],
          [
            121.515064,
            25.0470467
          ]
        ]
      }
    },
    {
      "type": "Feature",
      "id": 614592816,
      "properties": {
        "osm_type": "way",
        "osm_id": 614592816,
        "tags": {
          "footway": "sidewalk",
          "highway": "footway",
          "surface": "paving_stones"
        },
        "evidence_status": "candidate_only",
        "analysis_ready": false,
        "source": "OpenStreetMap official API tiles retrieved 2026-09-15",
        "geometry_warning": "area boundary, floor codes and access must be checked"
      },
      "geometry": {
        "type": "LineString",
        "coordinates": [
          [
            121.5149222,
            25.0452337
          ],
          [
            121.514921,
            25.045461
          ],
          [
            121.5149076,
            25.0459778
          ],
          [
            121.5149104,
            25.0460544
          ],
          [
            121.5149145,
            25.0465998
          ]
        ]
      }
    },
    {
      "type": "Feature",
      "id": 614592817,
      "properties": {
        "osm_type": "way",
        "osm_id": 614592817,
        "tags": {
          "crossing": "marked",
          "footway": "crossing",
          "highway": "footway"
        },
        "evidence_status": "candidate_only",
        "analysis_ready": false,
        "source": "OpenStreetMap official API tiles retrieved 2026-09-15",
        "geometry_warning": "area boundary, floor codes and access must be checked"
      },
      "geometry": {
        "type": "LineString",
        "coordinates": [
          [
            121.5161302,
            25.0463476
          ],
          [
            121.5160547,
            25.0463647
          ]
        ]
      }
    },
    {
      "type": "Feature",
      "id": 614592818,
      "properties": {
        "osm_type": "way",
        "osm_id": 614592818,
        "tags": {
          "footway": "sidewalk",
          "highway": "footway"
        },
        "evidence_status": "candidate_only",
        "analysis_ready": false,
        "source": "OpenStreetMap official API tiles retrieved 2026-09-15",
        "geometry_warning": "area boundary, floor codes and access must be checked"
      },
      "geometry": {
        "type": "LineString",
        "coordinates": [
          [
            121.5160547,
            25.0463647
          ],
          [
            121.5159638,
            25.0463939
          ],
          [
            121.5156943,
            25.0464565
          ],
          [
            121.5156032,
            25.0464776
          ],
          [
            121.5153202,
            25.046545
          ],
          [
            121.5151192,
            25.0465929
          ]
        ]
      }
    },
    {
      "type": "Feature",
      "id": 614592819,
      "properties": {
        "osm_type": "way",
        "osm_id": 614592819,
        "tags": {
          "crossing": "zebra",
          "footway": "crossing",
          "highway": "footway",
          "surface": "asphalt"
        },
        "evidence_status": "candidate_only",
        "analysis_ready": false,
        "source": "OpenStreetMap official API tiles retrieved 2026-09-15",
        "geometry_warning": "area boundary, floor codes and access must be checked"
      },
      "geometry": {
        "type": "LineString",
        "coordinates": [
          [
            121.5160215,
            25.045589
          ],
          [
            121.5160475,
            25.0455886
          ],
          [
            121.5161169,
            25.045586
          ],
          [
            121.5161779,
            25.0455859
          ]
        ]
      }
    },
    {
      "type": "Feature",
      "id": 614592820,
      "properties": {
        "osm_type": "way",
        "osm_id": 614592820,
        "tags": {
          "crossing": "zebra",
          "footway": "crossing",
          "highway": "footway"
        },
        "evidence_status": "candidate_only",
        "analysis_ready": false,
        "source": "OpenStreetMap official API tiles retrieved 2026-09-15",
        "geometry_warning": "area boundary, floor codes and access must be checked"
      },
      "geometry": {
        "type": "LineString",
        "coordinates": [
          [
            121.5151058,
            25.0455935
          ],
          [
            121.5151066,
            25.045514
          ],
          [
            121.5151072,
            25.045461
          ]
        ]
      }
    },
    {
      "type": "Feature",
      "id": 614592821,
      "properties": {
        "osm_type": "way",
        "osm_id": 614592821,
        "tags": {
          "crossing": "zebra",
          "footway": "crossing",
          "highway": "footway",
          "surface": "asphalt"
        },
        "evidence_status": "candidate_only",
        "analysis_ready": false,
        "source": "OpenStreetMap official API tiles retrieved 2026-09-15",
        "geometry_warning": "area boundary, floor codes and access must be checked"
      },
      "geometry": {
        "type": "LineString",
        "coordinates": [
          [
            121.5151072,
            25.045461
          ],
          [
            121.5150267,
            25.045461
          ],
          [
            121.514921,
            25.045461
          ]
        ]
      }
    },
    {
      "type": "Feature",
      "id": 614595746,
      "properties": {
        "osm_type": "way",
        "osm_id": 614595746,
        "tags": {
          "footway": "sidewalk",
          "highway": "footway"
        },
        "evidence_status": "candidate_only",
        "analysis_ready": false,
        "source": "OpenStreetMap official API tiles retrieved 2026-09-15",
        "geometry_warning": "area boundary, floor codes and access must be checked"
      },
      "geometry": {
        "type": "LineString",
        "coordinates": [
          [
            121.5149351,
            25.0471027
          ],
          [
            121.5149673,
            25.0470088
          ]
        ]
      }
    },
    {
      "type": "Feature",
      "id": 614595748,
      "properties": {
        "osm_type": "way",
        "osm_id": 614595748,
        "tags": {
          "crossing": "traffic_signals",
          "crossing:markings": "zebra",
          "footway": "crossing",
          "highway": "footway",
          "surface": "asphalt"
        },
        "evidence_status": "candidate_only",
        "analysis_ready": false,
        "source": "OpenStreetMap official API tiles retrieved 2026-09-15",
        "geometry_warning": "area boundary, floor codes and access must be checked"
      },
      "geometry": {
        "type": "LineString",
        "coordinates": [
          [
            121.5149104,
            25.0460544
          ],
          [
            121.5150227,
            25.0460539
          ],
          [
            121.5151003,
            25.0460531
          ]
        ]
      }
    },
    {
      "type": "Feature",
      "id": 616556931,
      "properties": {
        "osm_type": "way",
        "osm_id": 616556931,
        "tags": {
          "footway": "sidewalk",
          "highway": "footway"
        },
        "evidence_status": "candidate_only",
        "analysis_ready": false,
        "source": "OpenStreetMap official API tiles retrieved 2026-09-15",
        "geometry_warning": "area boundary, floor codes and access must be checked"
      },
      "geometry": {
        "type": "LineString",
        "coordinates": [
          [
            121.5151058,
            25.0455935
          ],
          [
            121.5153316,
            25.0455924
          ],
          [
            121.5154418,
            25.0455919
          ],
          [
            121.5156181,
            25.045591
          ],
          [
            121.5156929,
            25.0455907
          ],
          [
            121.5160215,
            25.045589
          ]
        ]
      }
    },
    {
      "type": "Feature",
      "id": 618963493,
      "properties": {
        "osm_type": "way",
        "osm_id": 618963493,
        "tags": {
          "crossing": "zebra",
          "footway": "sidewalk",
          "highway": "footway"
        },
        "evidence_status": "candidate_only",
        "analysis_ready": false,
        "source": "OpenStreetMap official API tiles retrieved 2026-09-15",
        "geometry_warning": "area boundary, floor codes and access must be checked"
      },
      "geometry": {
        "type": "LineString",
        "coordinates": [
          [
            121.5195943,
            25.0460632
          ],
          [
            121.5197137,
            25.0463174
          ],
          [
            121.5198666,
            25.0466476
          ],
          [
            121.5199003,
            25.0467251
          ],
          [
            121.5199621,
            25.0468678
          ],
          [
            121.5200418,
            25.0470492
          ]
        ]
      }
    },
    {
      "type": "Feature",
      "id": 654650822,
      "properties": {
        "osm_type": "way",
        "osm_id": 654650822,
        "tags": {
          "highway": "footway",
          "level": "-1",
          "tunnel": "yes"
        },
        "evidence_status": "candidate_only",
        "analysis_ready": false,
        "source": "OpenStreetMap official API tiles retrieved 2026-09-15",
        "geometry_warning": "area boundary, floor codes and access must be checked"
      },
      "geometry": {
        "type": "LineString",
        "coordinates": [
          [
            121.5162362,
            25.04623
          ],
          [
            121.5162632,
            25.0462245
          ]
        ]
      }
    },
    {
      "type": "Feature",
      "id": 654650824,
      "properties": {
        "osm_type": "way",
        "osm_id": 654650824,
        "tags": {
          "highway": "steps",
          "incline": "down",
          "indoor": "yes",
          "level": "-1;0",
          "lit": "yes"
        },
        "evidence_status": "candidate_only",
        "analysis_ready": false,
        "source": "OpenStreetMap official API tiles retrieved 2026-09-15",
        "geometry_warning": "area boundary, floor codes and access must be checked"
      },
      "geometry": {
        "type": "LineString",
        "coordinates": [
          [
            121.5170834,
            25.0460647
          ],
          [
            121.5170511,
            25.0459646
          ]
        ]
      }
    },
    {
      "type": "Feature",
      "id": 710689342,
      "properties": {
        "osm_type": "way",
        "osm_id": 710689342,
        "tags": {
          "conveying:lanes": "forward|backward|no|forward",
          "highway": "steps",
          "incline": "up",
          "indoor": "yes",
          "lanes": "4",
          "level": "-2;-1"
        },
        "evidence_status": "candidate_only",
        "analysis_ready": false,
        "source": "OpenStreetMap official API tiles retrieved 2026-09-15",
        "geometry_warning": "area boundary, floor codes and access must be checked"
      },
      "geometry": {
        "type": "LineString",
        "coordinates": [
          [
            121.5165239,
            25.0485925
          ],
          [
            121.5164912,
            25.04842
          ]
        ]
      }
    },
    {
      "type": "Feature",
      "id": 741259902,
      "properties": {
        "osm_type": "way",
        "osm_id": 741259902,
        "tags": {
          "covered": "yes",
          "highway": "footway",
          "level": "0"
        },
        "evidence_status": "candidate_only",
        "analysis_ready": false,
        "source": "OpenStreetMap official API tiles retrieved 2026-09-15",
        "geometry_warning": "area boundary, floor codes and access must be checked"
      },
      "geometry": {
        "type": "LineString",
        "coordinates": [
          [
            121.516721,
            25.0472021
          ],
          [
            121.5167195,
            25.0471971
          ],
          [
            121.516543,
            25.0465922
          ],
          [
            121.5165416,
            25.0465889
          ],
          [
            121.5165406,
            25.0465837
          ]
        ]
      }
    },
    {
      "type": "Feature",
      "id": 741259903,
      "properties": {
        "osm_type": "way",
        "osm_id": 741259903,
        "tags": {
          "covered": "yes",
          "highway": "footway",
          "level": "0"
        },
        "evidence_status": "candidate_only",
        "analysis_ready": false,
        "source": "OpenStreetMap official API tiles retrieved 2026-09-15",
        "geometry_warning": "area boundary, floor codes and access must be checked"
      },
      "geometry": {
        "type": "LineString",
        "coordinates": [
          [
            121.5172148,
            25.0471176
          ],
          [
            121.5172127,
            25.0471099
          ],
          [
            121.5170429,
            25.0464931
          ],
          [
            121.5170357,
            25.0464709
          ],
          [
            121.5170327,
            25.0464609
          ]
        ]
      }
    },
    {
      "type": "Feature",
      "id": 748819889,
      "properties": {
        "osm_type": "way",
        "osm_id": 748819889,
        "tags": {
          "highway": "steps",
          "incline": "up",
          "indoor": "yes",
          "layer": "-1",
          "level": "-1"
        },
        "evidence_status": "candidate_only",
        "analysis_ready": false,
        "source": "OpenStreetMap official API tiles retrieved 2026-09-15",
        "geometry_warning": "area boundary, floor codes and access must be checked"
      },
      "geometry": {
        "type": "LineString",
        "coordinates": [
          [
            121.5186439,
            25.0483527
          ],
          [
            121.5186221,
            25.0483231
          ]
        ]
      }
    },
    {
      "type": "Feature",
      "id": 748819891,
      "properties": {
        "osm_type": "way",
        "osm_id": 748819891,
        "tags": {
          "conveying": "reversible",
          "highway": "pedestrian",
          "incline": "down",
          "layer": "-3",
          "level": "-3",
          "lit": "24/7",
          "tunnel": "yes"
        },
        "evidence_status": "candidate_only",
        "analysis_ready": false,
        "source": "OpenStreetMap official API tiles retrieved 2026-09-15",
        "geometry_warning": "area boundary, floor codes and access must be checked"
      },
      "geometry": {
        "type": "LineString",
        "coordinates": [
          [
            121.5179363,
            25.0476784
          ],
          [
            121.5175939,
            25.0477339
          ]
        ]
      }
    },
    {
      "type": "Feature",
      "id": 748819892,
      "properties": {
        "osm_type": "way",
        "osm_id": 748819892,
        "tags": {
          "conveying": "reversible",
          "highway": "pedestrian",
          "incline": "down",
          "layer": "-3",
          "level": "-3",
          "lit": "24/7",
          "tunnel": "yes"
        },
        "evidence_status": "candidate_only",
        "analysis_ready": false,
        "source": "OpenStreetMap official API tiles retrieved 2026-09-15",
        "geometry_warning": "area boundary, floor codes and access must be checked"
      },
      "geometry": {
        "type": "LineString",
        "coordinates": [
          [
            121.5179019,
            25.0475002
          ],
          [
            121.5175548,
            25.0475566
          ]
        ]
      }
    },
    {
      "type": "Feature",
      "id": 748819893,
      "properties": {
        "osm_type": "way",
        "osm_id": 748819893,
        "tags": {
          "conveying": "yes",
          "highway": "steps",
          "incline": "down",
          "indoor": "yes",
          "layer": "-1",
          "level": "-3--1"
        },
        "evidence_status": "candidate_only",
        "analysis_ready": false,
        "source": "OpenStreetMap official API tiles retrieved 2026-09-15",
        "geometry_warning": "area boundary, floor codes and access must be checked"
      },
      "geometry": {
        "type": "LineString",
        "coordinates": [
          [
            121.5187381,
            25.0483062
          ],
          [
            121.518574,
            25.0480458
          ]
        ]
      }
    },
    {
      "type": "Feature",
      "id": 748819894,
      "properties": {
        "osm_type": "way",
        "osm_id": 748819894,
        "tags": {
          "conveying": "reversible",
          "highway": "pedestrian",
          "incline": "down",
          "layer": "-3",
          "level": "-3",
          "lit": "24/7",
          "tunnel": "yes"
        },
        "evidence_status": "candidate_only",
        "analysis_ready": false,
        "source": "OpenStreetMap official API tiles retrieved 2026-09-15",
        "geometry_warning": "area boundary, floor codes and access must be checked"
      },
      "geometry": {
        "type": "LineString",
        "coordinates": [
          [
            121.5178679,
            25.0473409
          ],
          [
            121.517517,
            25.0473979
          ]
        ]
      }
    },
    {
      "type": "Feature",
      "id": 748819895,
      "properties": {
        "osm_type": "way",
        "osm_id": 748819895,
        "tags": {
          "conveying": "reversible",
          "highway": "pedestrian",
          "incline": "down",
          "layer": "-3",
          "level": "-3",
          "lit": "24/7",
          "tunnel": "yes"
        },
        "evidence_status": "candidate_only",
        "analysis_ready": false,
        "source": "OpenStreetMap official API tiles retrieved 2026-09-15",
        "geometry_warning": "area boundary, floor codes and access must be checked"
      },
      "geometry": {
        "type": "LineString",
        "coordinates": [
          [
            121.5179672,
            25.0478201
          ],
          [
            121.517629,
            25.0478749
          ]
        ]
      }
    },
    {
      "type": "Feature",
      "id": 748819896,
      "properties": {
        "osm_type": "way",
        "osm_id": 748819896,
        "tags": {
          "conveying": "yes",
          "highway": "steps",
          "incline": "down",
          "indoor": "yes",
          "layer": "-1",
          "level": "-3--1"
        },
        "evidence_status": "candidate_only",
        "analysis_ready": false,
        "source": "OpenStreetMap official API tiles retrieved 2026-09-15",
        "geometry_warning": "area boundary, floor codes and access must be checked"
      },
      "geometry": {
        "type": "LineString",
        "coordinates": [
          [
            121.5187123,
            25.0483189
          ],
          [
            121.5185505,
            25.048064
          ]
        ]
      }
    },
    {
      "type": "Feature",
      "id": 775603771,
      "properties": {
        "osm_type": "way",
        "osm_id": 775603771,
        "tags": {
          "highway": "steps",
          "incline": "up",
          "indoor": "yes",
          "level": "0;1"
        },
        "evidence_status": "candidate_only",
        "analysis_ready": false,
        "source": "OpenStreetMap official API tiles retrieved 2026-09-15",
        "geometry_warning": "area boundary, floor codes and access must be checked"
      },
      "geometry": {
        "type": "LineString",
        "coordinates": [
          [
            121.517635,
            25.0473108
          ],
          [
            121.5175153,
            25.047331
          ]
        ]
      }
    },
    {
      "type": "Feature",
      "id": 775603772,
      "properties": {
        "osm_type": "way",
        "osm_id": 775603772,
        "tags": {
          "highway": "steps",
          "incline": "down",
          "indoor": "yes",
          "level": "0;1"
        },
        "evidence_status": "candidate_only",
        "analysis_ready": false,
        "source": "OpenStreetMap official API tiles retrieved 2026-09-15",
        "geometry_warning": "area boundary, floor codes and access must be checked"
      },
      "geometry": {
        "type": "LineString",
        "coordinates": [
          [
            121.5165782,
            25.0474852
          ],
          [
            121.516462,
            25.0475048
          ]
        ]
      }
    },
    {
      "type": "Feature",
      "id": 775603773,
      "properties": {
        "osm_type": "way",
        "osm_id": 775603773,
        "tags": {
          "conveying": "yes",
          "highway": "steps",
          "incline": "down",
          "indoor": "yes",
          "level": "0;1"
        },
        "evidence_status": "candidate_only",
        "analysis_ready": false,
        "source": "OpenStreetMap official API tiles retrieved 2026-09-15",
        "geometry_warning": "area boundary, floor codes and access must be checked"
      },
      "geometry": {
        "type": "LineString",
        "coordinates": [
          [
            121.5168589,
            25.0480969
          ],
          [
            121.5169511,
            25.0480813
          ]
        ]
      }
    },
    {
      "type": "Feature",
      "id": 775603774,
      "properties": {
        "osm_type": "way",
        "osm_id": 775603774,
        "tags": {
          "conveying": "yes",
          "highway": "steps",
          "incline": "up",
          "indoor": "yes",
          "level": "0;1"
        },
        "evidence_status": "candidate_only",
        "analysis_ready": false,
        "source": "OpenStreetMap official API tiles retrieved 2026-09-15",
        "geometry_warning": "area boundary, floor codes and access must be checked"
      },
      "geometry": {
        "type": "LineString",
        "coordinates": [
          [
            121.5174172,
            25.0479936
          ],
          [
            121.5175065,
            25.0479785
          ]
        ]
      }
    },
    {
      "type": "Feature",
      "id": 824790904,
      "properties": {
        "osm_type": "way",
        "osm_id": 824790904,
        "tags": {
          "area": "yes",
          "highway": "pedestrian"
        },
        "evidence_status": "candidate_only",
        "analysis_ready": false,
        "source": "OpenStreetMap official API tiles retrieved 2026-09-15",
        "geometry_warning": "area boundary, floor codes and access must be checked"
      },
      "geometry": {
        "type": "LineString",
        "coordinates": [
          [
            121.5167777,
            25.0485444
          ],
          [
            121.5164947,
            25.0485994
          ],
          [
            121.5164537,
            25.0485732
          ],
          [
            121.5164397,
            25.0485642
          ],
          [
            121.5164241,
            25.0485298
          ],
          [
            121.5164073,
            25.0484537
          ],
          [
            121.5164513,
            25.0484209
          ],
          [
            121.5164644,
            25.0484111
          ],
          [
            121.516769,
            25.048359
          ],
          [
            121.5172335,
            25.0482797
          ],
          [
            121.5177089,
            25.0481982
          ],
          [
            121.5179985,
            25.0481487
          ],
          [
            121.5180021,
            25.0481588
          ],
          [
            121.5180054,
            25.0481683
          ],
          [
            121.5181277,
            25.0481466
          ],
          [
            121.5181555,
            25.0482551
          ],
          [
            121.5181695,
            25.04831
          ],
          [
            121.518131,
            25.0483147
          ],
          [
            121.5181225,
            25.0482717
          ],
          [
            121.5175632,
            25.0483632
          ],
          [
            121.5175718,
            25.0484061
          ],
          [
            121.5174023,
            25.048443
          ],
          [
            121.5173929,
            25.0483953
          ],
          [
            121.5167683,
            25.0484966
          ],
          [
            121.5167739,
            25.0485251
          ],
          [
            121.5167777,
            25.0485444
          ]
        ]
      }
    },
    {
      "type": "Feature",
      "id": 824835955,
      "properties": {
        "osm_type": "way",
        "osm_id": 824835955,
        "tags": {
          "footway": "crossing",
          "highway": "footway",
          "surface": "asphalt"
        },
        "evidence_status": "candidate_only",
        "analysis_ready": false,
        "source": "OpenStreetMap official API tiles retrieved 2026-09-15",
        "geometry_warning": "area boundary, floor codes and access must be checked"
      },
      "geometry": {
        "type": "LineString",
        "coordinates": [
          [
            121.5162511,
            25.0486106
          ],
          [
            121.5162785,
            25.0486962
          ],
          [
            121.51633,
            25.0489053
          ],
          [
            121.5163634,
            25.049041
          ]
        ]
      }
    },
    {
      "type": "Feature",
      "id": 837377223,
      "properties": {
        "osm_type": "way",
        "osm_id": 837377223,
        "tags": {
          "bicycle": "yes",
          "footway": "sidewalk",
          "highway": "footway"
        },
        "evidence_status": "candidate_only",
        "analysis_ready": false,
        "source": "OpenStreetMap official API tiles retrieved 2026-09-15",
        "geometry_warning": "area boundary, floor codes and access must be checked"
      },
      "geometry": {
        "type": "LineString",
        "coordinates": [
          [
            121.5135115,
            25.0491794
          ],
          [
            121.5138246,
            25.0491043
          ],
          [
            121.5139576,
            25.0490724
          ],
          [
            121.514999,
            25.0488226
          ],
          [
            121.5162511,
            25.0486106
          ]
        ]
      }
    },
    {
      "type": "Feature",
      "id": 837399452,
      "properties": {
        "osm_type": "way",
        "osm_id": 837399452,
        "tags": {
          "highway": "steps",
          "lit": "24/7"
        },
        "evidence_status": "candidate_only",
        "analysis_ready": false,
        "source": "OpenStreetMap official API tiles retrieved 2026-09-15",
        "geometry_warning": "area boundary, floor codes and access must be checked"
      },
      "geometry": {
        "type": "LineString",
        "coordinates": [
          [
            121.5175616,
            25.0476206
          ],
          [
            121.5175694,
            25.0476561
          ],
          [
            121.5175921,
            25.0476535
          ],
          [
            121.5175866,
            25.0476189
          ]
        ]
      }
    },
    {
      "type": "Feature",
      "id": 838471149,
      "properties": {
        "osm_type": "way",
        "osm_id": 838471149,
        "tags": {
          "bicycle": "yes",
          "footway": "sidewalk",
          "highway": "footway"
        },
        "evidence_status": "candidate_only",
        "analysis_ready": false,
        "source": "OpenStreetMap official API tiles retrieved 2026-09-15",
        "geometry_warning": "area boundary, floor codes and access must be checked"
      },
      "geometry": {
        "type": "LineString",
        "coordinates": [
          [
            121.5161302,
            25.0463476
          ],
          [
            121.5161728,
            25.0463584
          ],
          [
            121.5166719,
            25.0462257
          ],
          [
            121.5168281,
            25.0461869
          ],
          [
            121.5173342,
            25.0460635
          ]
        ]
      }
    },
    {
      "type": "Feature",
      "id": 838471150,
      "properties": {
        "osm_type": "way",
        "osm_id": 838471150,
        "tags": {
          "footway": "sidewalk",
          "highway": "footway",
          "surface": "asphalt"
        },
        "evidence_status": "candidate_only",
        "analysis_ready": false,
        "source": "OpenStreetMap official API tiles retrieved 2026-09-15",
        "geometry_warning": "area boundary, floor codes and access must be checked"
      },
      "geometry": {
        "type": "LineString",
        "coordinates": [
          [
            121.5161257,
            25.0474507
          ],
          [
            121.5160222,
            25.0474628
          ],
          [
            121.5160256,
            25.0473952
          ]
        ]
      }
    },
    {
      "type": "Feature",
      "id": 840101924,
      "properties": {
        "osm_type": "way",
        "osm_id": 840101924,
        "tags": {
          "conveying": "yes",
          "highway": "steps",
          "incline": "up",
          "indoor": "yes",
          "level": "0;1"
        },
        "evidence_status": "candidate_only",
        "analysis_ready": false,
        "source": "OpenStreetMap official API tiles retrieved 2026-09-15",
        "geometry_warning": "area boundary, floor codes and access must be checked"
      },
      "geometry": {
        "type": "LineString",
        "coordinates": [
          [
            121.5172502,
            25.0473757
          ],
          [
            121.5173817,
            25.0473535
          ]
        ]
      }
    },
    {
      "type": "Feature",
      "id": 840101925,
      "properties": {
        "osm_type": "way",
        "osm_id": 840101925,
        "tags": {
          "conveying": "yes",
          "highway": "steps",
          "incline": "down",
          "indoor": "yes",
          "level": "0;1"
        },
        "evidence_status": "candidate_only",
        "analysis_ready": false,
        "source": "OpenStreetMap official API tiles retrieved 2026-09-15",
        "geometry_warning": "area boundary, floor codes and access must be checked"
      },
      "geometry": {
        "type": "LineString",
        "coordinates": [
          [
            121.5167302,
            25.0474595
          ],
          [
            121.5168284,
            25.047443
          ]
        ]
      }
    },
    {
      "type": "Feature",
      "id": 840101926,
      "properties": {
        "osm_type": "way",
        "osm_id": 840101926,
        "tags": {
          "highway": "steps",
          "incline": "up",
          "indoor": "yes",
          "level": "0;1"
        },
        "evidence_status": "candidate_only",
        "analysis_ready": false,
        "source": "OpenStreetMap official API tiles retrieved 2026-09-15",
        "geometry_warning": "area boundary, floor codes and access must be checked"
      },
      "geometry": {
        "type": "LineString",
        "coordinates": [
          [
            121.5177574,
            25.0479362
          ],
          [
            121.5176539,
            25.0479537
          ]
        ]
      }
    },
    {
      "type": "Feature",
      "id": 840101927,
      "properties": {
        "osm_type": "way",
        "osm_id": 840101927,
        "tags": {
          "highway": "steps",
          "incline": "down",
          "indoor": "yes",
          "level": "0;1"
        },
        "evidence_status": "candidate_only",
        "analysis_ready": false,
        "source": "OpenStreetMap official API tiles retrieved 2026-09-15",
        "geometry_warning": "area boundary, floor codes and access must be checked"
      },
      "geometry": {
        "type": "LineString",
        "coordinates": [
          [
            121.5166971,
            25.0481241
          ],
          [
            121.5166028,
            25.0481401
          ]
        ]
      }
    },
    {
      "type": "Feature",
      "id": 840113720,
      "properties": {
        "osm_type": "way",
        "osm_id": 840113720,
        "tags": {
          "highway": "steps",
          "incline": "up",
          "indoor": "yes",
          "layer": "-1",
          "level": "-1;0"
        },
        "evidence_status": "candidate_only",
        "analysis_ready": false,
        "source": "OpenStreetMap official API tiles retrieved 2026-09-15",
        "geometry_warning": "area boundary, floor codes and access must be checked"
      },
      "geometry": {
        "type": "LineString",
        "coordinates": [
          [
            121.5184536,
            25.0461111
          ],
          [
            121.5186555,
            25.046061
          ]
        ]
      }
    },
    {
      "type": "Feature",
      "id": 855302788,
      "properties": {
        "osm_type": "way",
        "osm_id": 855302788,
        "tags": {
          "highway": "footway",
          "source": "maxar"
        },
        "evidence_status": "candidate_only",
        "analysis_ready": false,
        "source": "OpenStreetMap official API tiles retrieved 2026-09-15",
        "geometry_warning": "area boundary, floor codes and access must be checked"
      },
      "geometry": {
        "type": "LineString",
        "coordinates": [
          [
            121.5160859,
            25.047186
          ],
          [
            121.5160755,
            25.047142
          ],
          [
            121.5160401,
            25.0469391
          ],
          [
            121.5159592,
            25.0467385
          ]
        ]
      }
    },
    {
      "type": "Feature",
      "id": 875067969,
      "properties": {
        "osm_type": "way",
        "osm_id": 875067969,
        "tags": {
          "footway": "crossing",
          "highway": "footway",
          "level": "0"
        },
        "evidence_status": "candidate_only",
        "analysis_ready": false,
        "source": "OpenStreetMap official API tiles retrieved 2026-09-15",
        "geometry_warning": "area boundary, floor codes and access must be checked"
      },
      "geometry": {
        "type": "LineString",
        "coordinates": [
          [
            121.5178324,
            25.0470048
          ],
          [
            121.5178028,
            25.0469475
          ],
          [
            121.5177731,
            25.0469006
          ]
        ]
      }
    },
    {
      "type": "Feature",
      "id": 875067970,
      "properties": {
        "osm_type": "way",
        "osm_id": 875067970,
        "tags": {
          "footway": "crossing",
          "highway": "footway",
          "level": "0"
        },
        "evidence_status": "candidate_only",
        "analysis_ready": false,
        "source": "OpenStreetMap official API tiles retrieved 2026-09-15",
        "geometry_warning": "area boundary, floor codes and access must be checked"
      },
      "geometry": {
        "type": "LineString",
        "coordinates": [
          [
            121.5181224,
            25.0470443
          ],
          [
            121.5181099,
            25.0470188
          ],
          [
            121.5180593,
            25.0469396
          ],
          [
            121.5180371,
            25.0469013
          ],
          [
            121.5178721,
            25.0470051
          ]
        ]
      }
    },
    {
      "type": "Feature",
      "id": 948939918,
      "properties": {
        "osm_type": "way",
        "osm_id": 948939918,
        "tags": {
          "highway": "footway"
        },
        "evidence_status": "candidate_only",
        "analysis_ready": false,
        "source": "OpenStreetMap official API tiles retrieved 2026-09-15",
        "geometry_warning": "area boundary, floor codes and access must be checked"
      },
      "geometry": {
        "type": "LineString",
        "coordinates": [
          [
            121.518666,
            25.0460693
          ],
          [
            121.5186555,
            25.046061
          ]
        ]
      }
    },
    {
      "type": "Feature",
      "id": 948939919,
      "properties": {
        "osm_type": "way",
        "osm_id": 948939919,
        "tags": {
          "highway": "footway"
        },
        "evidence_status": "candidate_only",
        "analysis_ready": false,
        "source": "OpenStreetMap official API tiles retrieved 2026-09-15",
        "geometry_warning": "area boundary, floor codes and access must be checked"
      },
      "geometry": {
        "type": "LineString",
        "coordinates": [
          [
            121.5194785,
            25.0459987
          ],
          [
            121.5194854,
            25.0459791
          ]
        ]
      }
    },
    {
      "type": "Feature",
      "id": 948939920,
      "properties": {
        "osm_type": "way",
        "osm_id": 948939920,
        "tags": {
          "highway": "footway"
        },
        "evidence_status": "candidate_only",
        "analysis_ready": false,
        "source": "OpenStreetMap official API tiles retrieved 2026-09-15",
        "geometry_warning": "area boundary, floor codes and access must be checked"
      },
      "geometry": {
        "type": "LineString",
        "coordinates": [
          [
            121.5193748,
            25.0459483
          ],
          [
            121.5193825,
            25.045932
          ]
        ]
      }
    },
    {
      "type": "Feature",
      "id": 951585506,
      "properties": {
        "osm_type": "way",
        "osm_id": 951585506,
        "tags": {
          "footway": "sidewalk",
          "highway": "footway"
        },
        "evidence_status": "candidate_only",
        "analysis_ready": false,
        "source": "OpenStreetMap official API tiles retrieved 2026-09-15",
        "geometry_warning": "area boundary, floor codes and access must be checked"
      },
      "geometry": {
        "type": "LineString",
        "coordinates": [
          [
            121.5168024,
            25.0490443
          ],
          [
            121.5167752,
            25.0489232
          ],
          [
            121.5173573,
            25.0488283
          ],
          [
            121.5179989,
            25.0487237
          ],
          [
            121.5180882,
            25.0487091
          ],
          [
            121.5186786,
            25.0486129
          ],
          [
            121.5187693,
            25.0485754
          ]
        ]
      }
    },
    {
      "type": "Feature",
      "id": 951585507,
      "properties": {
        "osm_type": "way",
        "osm_id": 951585507,
        "tags": {
          "crossing": "marked",
          "crossing:markings": "yes",
          "footway": "crossing",
          "highway": "footway"
        },
        "evidence_status": "candidate_only",
        "analysis_ready": false,
        "source": "OpenStreetMap official API tiles retrieved 2026-09-15",
        "geometry_warning": "area boundary, floor codes and access must be checked"
      },
      "geometry": {
        "type": "LineString",
        "coordinates": [
          [
            121.5187693,
            25.0485754
          ],
          [
            121.5188027,
            25.0485693
          ],
          [
            121.5188449,
            25.0485653
          ],
          [
            121.51907,
            25.0485334
          ]
        ]
      }
    },
    {
      "type": "Feature",
      "id": 1004287144,
      "properties": {
        "osm_type": "way",
        "osm_id": 1004287144,
        "tags": {
          "highway": "footway",
          "level": "0"
        },
        "evidence_status": "candidate_only",
        "analysis_ready": false,
        "source": "OpenStreetMap official API tiles retrieved 2026-09-15",
        "geometry_warning": "area boundary, floor codes and access must be checked"
      },
      "geometry": {
        "type": "LineString",
        "coordinates": [
          [
            121.5189992,
            25.0486846
          ],
          [
            121.5190203,
            25.0486703
          ],
          [
            121.519092,
            25.0486214
          ],
          [
            121.5191853,
            25.0486119
          ]
        ]
      }
    },
    {
      "type": "Feature",
      "id": 1004287145,
      "properties": {
        "osm_type": "way",
        "osm_id": 1004287145,
        "tags": {
          "highway": "steps",
          "incline": "up",
          "level": "0"
        },
        "evidence_status": "candidate_only",
        "analysis_ready": false,
        "source": "OpenStreetMap official API tiles retrieved 2026-09-15",
        "geometry_warning": "area boundary, floor codes and access must be checked"
      },
      "geometry": {
        "type": "LineString",
        "coordinates": [
          [
            121.5190502,
            25.0485812
          ],
          [
            121.519092,
            25.0486214
          ]
        ]
      }
    },
    {
      "type": "Feature",
      "id": 1004287146,
      "properties": {
        "osm_type": "way",
        "osm_id": 1004287146,
        "tags": {
          "highway": "steps",
          "incline": "up",
          "level": "0"
        },
        "evidence_status": "candidate_only",
        "analysis_ready": false,
        "source": "OpenStreetMap official API tiles retrieved 2026-09-15",
        "geometry_warning": "area boundary, floor codes and access must be checked"
      },
      "geometry": {
        "type": "LineString",
        "coordinates": [
          [
            121.5189161,
            25.0486585
          ],
          [
            121.5189992,
            25.0486846
          ]
        ]
      }
    },
    {
      "type": "Feature",
      "id": 1004287149,
      "properties": {
        "osm_type": "way",
        "osm_id": 1004287149,
        "tags": {
          "highway": "footway",
          "level": "0"
        },
        "evidence_status": "candidate_only",
        "analysis_ready": false,
        "source": "OpenStreetMap official API tiles retrieved 2026-09-15",
        "geometry_warning": "area boundary, floor codes and access must be checked"
      },
      "geometry": {
        "type": "LineString",
        "coordinates": [
          [
            121.5190035,
            25.0486001
          ],
          [
            121.5189161,
            25.0486585
          ]
        ]
      }
    },
    {
      "type": "Feature",
      "id": 1004287152,
      "properties": {
        "osm_type": "way",
        "osm_id": 1004287152,
        "tags": {
          "highway": "footway"
        },
        "evidence_status": "candidate_only",
        "analysis_ready": false,
        "source": "OpenStreetMap official API tiles retrieved 2026-09-15",
        "geometry_warning": "area boundary, floor codes and access must be checked"
      },
      "geometry": {
        "type": "LineString",
        "coordinates": [
          [
            121.519369,
            25.0491872
          ],
          [
            121.5192543,
            25.0490533
          ],
          [
            121.51918,
            25.0489666
          ],
          [
            121.5189161,
            25.0486585
          ],
          [
            121.5188856,
            25.0486229
          ],
          [
            121.5188449,
            25.0485653
          ]
        ]
      }
    },
    {
      "type": "Feature",
      "id": 1004287159,
      "properties": {
        "osm_type": "way",
        "osm_id": 1004287159,
        "tags": {
          "highway": "footway"
        },
        "evidence_status": "candidate_only",
        "analysis_ready": false,
        "source": "OpenStreetMap official API tiles retrieved 2026-09-15",
        "geometry_warning": "area boundary, floor codes and access must be checked"
      },
      "geometry": {
        "type": "LineString",
        "coordinates": [
          [
            121.51918,
            25.0489666
          ],
          [
            121.5192815,
            25.0488961
          ],
          [
            121.519313,
            25.0488743
          ]
        ]
      }
    },
    {
      "type": "Feature",
      "id": 1004287160,
      "properties": {
        "osm_type": "way",
        "osm_id": 1004287160,
        "tags": {
          "highway": "footway",
          "surface": "paving_stones"
        },
        "evidence_status": "candidate_only",
        "analysis_ready": false,
        "source": "OpenStreetMap official API tiles retrieved 2026-09-15",
        "geometry_warning": "area boundary, floor codes and access must be checked"
      },
      "geometry": {
        "type": "LineString",
        "coordinates": [
          [
            121.5194852,
            25.0491369
          ],
          [
            121.5192815,
            25.0488961
          ]
        ]
      }
    },
    {
      "type": "Feature",
      "id": 1004287162,
      "properties": {
        "osm_type": "way",
        "osm_id": 1004287162,
        "tags": {
          "highway": "steps",
          "incline": "up"
        },
        "evidence_status": "candidate_only",
        "analysis_ready": false,
        "source": "OpenStreetMap official API tiles retrieved 2026-09-15",
        "geometry_warning": "area boundary, floor codes and access must be checked"
      },
      "geometry": {
        "type": "LineString",
        "coordinates": [
          [
            121.5191523,
            25.0485628
          ],
          [
            121.5191853,
            25.0486119
          ]
        ]
      }
    },
    {
      "type": "Feature",
      "id": 1004287163,
      "properties": {
        "osm_type": "way",
        "osm_id": 1004287163,
        "tags": {
          "highway": "footway"
        },
        "evidence_status": "candidate_only",
        "analysis_ready": false,
        "source": "OpenStreetMap official API tiles retrieved 2026-09-15",
        "geometry_warning": "area boundary, floor codes and access must be checked"
      },
      "geometry": {
        "type": "LineString",
        "coordinates": [
          [
            121.519229,
            25.0486887
          ],
          [
            121.5191853,
            25.0486119
          ]
        ]
      }
    },
    {
      "type": "Feature",
      "id": 1004287164,
      "properties": {
        "osm_type": "way",
        "osm_id": 1004287164,
        "tags": {
          "highway": "steps",
          "incline": "up"
        },
        "evidence_status": "candidate_only",
        "analysis_ready": false,
        "source": "OpenStreetMap official API tiles retrieved 2026-09-15",
        "geometry_warning": "area boundary, floor codes and access must be checked"
      },
      "geometry": {
        "type": "LineString",
        "coordinates": [
          [
            121.5192695,
            25.0487431
          ],
          [
            121.519229,
            25.0486887
          ]
        ]
      }
    },
    {
      "type": "Feature",
      "id": 1105170983,
      "properties": {
        "osm_type": "way",
        "osm_id": 1105170983,
        "tags": {
          "crossing:markings": "zebra",
          "footway": "crossing",
          "highway": "footway",
          "surface": "asphalt"
        },
        "evidence_status": "candidate_only",
        "analysis_ready": false,
        "source": "OpenStreetMap official API tiles retrieved 2026-09-15",
        "geometry_warning": "area boundary, floor codes and access must be checked"
      },
      "geometry": {
        "type": "LineString",
        "coordinates": [
          [
            121.5135087,
            25.0479859
          ],
          [
            121.5135164,
            25.0480304
          ],
          [
            121.5135275,
            25.048095
          ]
        ]
      }
    },
    {
      "type": "Feature",
      "id": 1154453189,
      "properties": {
        "osm_type": "way",
        "osm_id": 1154453189,
        "tags": {
          "highway": "steps"
        },
        "evidence_status": "candidate_only",
        "analysis_ready": false,
        "source": "OpenStreetMap official API tiles retrieved 2026-09-15",
        "geometry_warning": "area boundary, floor codes and access must be checked"
      },
      "geometry": {
        "type": "LineString",
        "coordinates": [
          [
            121.5191003,
            25.0456193
          ],
          [
            121.5189755,
            25.0456487
          ]
        ]
      }
    },
    {
      "type": "Feature",
      "id": 1154453190,
      "properties": {
        "osm_type": "way",
        "osm_id": 1154453190,
        "tags": {
          "highway": "steps"
        },
        "evidence_status": "candidate_only",
        "analysis_ready": false,
        "source": "OpenStreetMap official API tiles retrieved 2026-09-15",
        "geometry_warning": "area boundary, floor codes and access must be checked"
      },
      "geometry": {
        "type": "LineString",
        "coordinates": [
          [
            121.5191922,
            25.0459442
          ],
          [
            121.5190692,
            25.0459747
          ]
        ]
      }
    },
    {
      "type": "Feature",
      "id": 1154453191,
      "properties": {
        "osm_type": "way",
        "osm_id": 1154453191,
        "tags": {
          "bridge": "yes",
          "check_date": "2024-08-31",
          "covered": "no",
          "foot": "yes",
          "highway": "footway",
          "layer": "1",
          "lit": "no",
          "name": "忠孝西路天橋",
          "oneway": "no",
          "smoothness": "impassable",
          "stroller": "no",
          "surface": "compacted",
          "tactile_paving": "no",
          "wheelchair": "no"
        },
        "evidence_status": "candidate_only",
        "analysis_ready": false,
        "source": "OpenStreetMap official API tiles retrieved 2026-09-15",
        "geometry_warning": "area boundary, floor codes and access must be checked"
      },
      "geometry": {
        "type": "LineString",
        "coordinates": [
          [
            121.5190692,
            25.0459747
          ],
          [
            121.5189755,
            25.0456487
          ]
        ]
      }
    },
    {
      "type": "Feature",
      "id": 1154453192,
      "properties": {
        "osm_type": "way",
        "osm_id": 1154453192,
        "tags": {
          "footway": "sidewalk",
          "highway": "footway"
        },
        "evidence_status": "candidate_only",
        "analysis_ready": false,
        "source": "OpenStreetMap official API tiles retrieved 2026-09-15",
        "geometry_warning": "area boundary, floor codes and access must be checked"
      },
      "geometry": {
        "type": "LineString",
        "coordinates": [
          [
            121.5173944,
            25.0463778
          ],
          [
            121.5174383,
            25.0463669
          ],
          [
            121.5174799,
            25.0463555
          ],
          [
            121.5175635,
            25.0463326
          ],
          [
            121.5176282,
            25.0463149
          ],
          [
            121.5177163,
            25.0462939
          ],
          [
            121.5177878,
            25.0462772
          ],
          [
            121.5179263,
            25.0462444
          ],
          [
            121.5184312,
            25.0461252
          ],
          [
            121.5184997,
            25.0461091
          ],
          [
            121.5185751,
            25.0460913
          ],
          [
            121.5186128,
            25.0460824
          ],
          [
            121.518666,
            25.0460693
          ],
          [
            121.5187979,
            25.0460394
          ],
          [
            121.5190714,
            25.0459773
          ],
          [
            121.519194,
            25.0459453
          ],
          [
            121.5192923,
            25.0459221
          ]
        ]
      }
    },
    {
      "type": "Feature",
      "id": 1154453193,
      "properties": {
        "osm_type": "way",
        "osm_id": 1154453193,
        "tags": {
          "highway": "path"
        },
        "evidence_status": "candidate_only",
        "analysis_ready": false,
        "source": "OpenStreetMap official API tiles retrieved 2026-09-15",
        "geometry_warning": "area boundary, floor codes and access must be checked"
      },
      "geometry": {
        "type": "LineString",
        "coordinates": [
          [
            121.5185298,
            25.0451319
          ],
          [
            121.5185436,
            25.0451797
          ],
          [
            121.5185711,
            25.0452753
          ],
          [
            121.5186848,
            25.0456709
          ],
          [
            121.5186967,
            25.0457066
          ]
        ]
      }
    },
    {
      "type": "Feature",
      "id": 1154453205,
      "properties": {
        "osm_type": "way",
        "osm_id": 1154453205,
        "tags": {
          "highway": "path",
          "source": "survey"
        },
        "evidence_status": "candidate_only",
        "analysis_ready": false,
        "source": "OpenStreetMap official API tiles retrieved 2026-09-15",
        "geometry_warning": "area boundary, floor codes and access must be checked"
      },
      "geometry": {
        "type": "LineString",
        "coordinates": [
          [
            121.5182995,
            25.0451862
          ],
          [
            121.5183133,
            25.0452341
          ],
          [
            121.5183745,
            25.045447
          ],
          [
            121.5182258,
            25.0454821
          ],
          [
            121.5182283,
            25.0454908
          ],
          [
            121.518022,
            25.0455395
          ],
          [
            121.5180207,
            25.0455351
          ]
        ]
      }
    },
    {
      "type": "Feature",
      "id": 1164881497,
      "properties": {
        "osm_type": "way",
        "osm_id": 1164881497,
        "tags": {
          "footway": "crossing",
          "highway": "footway",
          "surface": "asphalt"
        },
        "evidence_status": "candidate_only",
        "analysis_ready": false,
        "source": "OpenStreetMap official API tiles retrieved 2026-09-15",
        "geometry_warning": "area boundary, floor codes and access must be checked"
      },
      "geometry": {
        "type": "LineString",
        "coordinates": [
          [
            121.51707,
            25.0451727
          ],
          [
            121.517161,
            25.045036
          ],
          [
            121.5172379,
            25.0449017
          ]
        ]
      }
    },
    {
      "type": "Feature",
      "id": 1164881498,
      "properties": {
        "osm_type": "way",
        "osm_id": 1164881498,
        "tags": {
          "footway": "crossing",
          "highway": "footway",
          "surface": "asphalt"
        },
        "evidence_status": "candidate_only",
        "analysis_ready": false,
        "source": "OpenStreetMap official API tiles retrieved 2026-09-15",
        "geometry_warning": "area boundary, floor codes and access must be checked"
      },
      "geometry": {
        "type": "LineString",
        "coordinates": [
          [
            121.5172753,
            25.0451026
          ],
          [
            121.517161,
            25.045036
          ],
          [
            121.5170207,
            25.0449645
          ]
        ]
      }
    },
    {
      "type": "Feature",
      "id": 1164881509,
      "properties": {
        "osm_type": "way",
        "osm_id": 1164881509,
        "tags": {
          "amenity": "parking_entrance",
          "building": "yes",
          "highway": "elevator"
        },
        "evidence_status": "candidate_only",
        "analysis_ready": false,
        "source": "OpenStreetMap official API tiles retrieved 2026-09-15",
        "geometry_warning": "area boundary, floor codes and access must be checked"
      },
      "geometry": {
        "type": "LineString",
        "coordinates": [
          [
            121.5164392,
            25.0456163
          ],
          [
            121.5164739,
            25.0456161
          ],
          [
            121.5164735,
            25.0455735
          ],
          [
            121.5164577,
            25.0455736
          ],
          [
            121.5164389,
            25.0455737
          ],
          [
            121.5164392,
            25.0456163
          ]
        ]
      }
    },
    {
      "type": "Feature",
      "id": 1164881513,
      "properties": {
        "osm_type": "way",
        "osm_id": 1164881513,
        "tags": {
          "highway": "footway"
        },
        "evidence_status": "candidate_only",
        "analysis_ready": false,
        "source": "OpenStreetMap official API tiles retrieved 2026-09-15",
        "geometry_warning": "area boundary, floor codes and access must be checked"
      },
      "geometry": {
        "type": "LineString",
        "coordinates": [
          [
            121.5177878,
            25.0462772
          ],
          [
            121.5177943,
            25.046293
          ]
        ]
      }
    },
    {
      "type": "Feature",
      "id": 1164881516,
      "properties": {
        "osm_type": "way",
        "osm_id": 1164881516,
        "tags": {
          "highway": "footway"
        },
        "evidence_status": "candidate_only",
        "analysis_ready": false,
        "source": "OpenStreetMap official API tiles retrieved 2026-09-15",
        "geometry_warning": "area boundary, floor codes and access must be checked"
      },
      "geometry": {
        "type": "LineString",
        "coordinates": [
          [
            121.5183427,
            25.0479674
          ],
          [
            121.5182043,
            25.0479104
          ],
          [
            121.5181054,
            25.0478906
          ],
          [
            121.5180578,
            25.0478729
          ]
        ]
      }
    },
    {
      "type": "Feature",
      "id": 1164881517,
      "properties": {
        "osm_type": "way",
        "osm_id": 1164881517,
        "tags": {
          "footway": "sidewalk",
          "highway": "footway"
        },
        "evidence_status": "candidate_only",
        "analysis_ready": false,
        "source": "OpenStreetMap official API tiles retrieved 2026-09-15",
        "geometry_warning": "area boundary, floor codes and access must be checked"
      },
      "geometry": {
        "type": "LineString",
        "coordinates": [
          [
            121.5183941,
            25.0479351
          ],
          [
            121.5183138,
            25.0478033
          ],
          [
            121.5180022,
            25.0472813
          ],
          [
            121.5178324,
            25.0470048
          ]
        ]
      }
    },
    {
      "type": "Feature",
      "id": 1164881522,
      "properties": {
        "osm_type": "way",
        "osm_id": 1164881522,
        "tags": {
          "highway": "steps",
          "incline": "up",
          "level": "-2--1",
          "lit": "24/7",
          "oneway": "yes"
        },
        "evidence_status": "candidate_only",
        "analysis_ready": false,
        "source": "OpenStreetMap official API tiles retrieved 2026-09-15",
        "geometry_warning": "area boundary, floor codes and access must be checked"
      },
      "geometry": {
        "type": "LineString",
        "coordinates": [
          [
            121.5174406,
            25.0473975
          ],
          [
            121.5175849,
            25.047372
          ]
        ]
      }
    },
    {
      "type": "Feature",
      "id": 1164881523,
      "properties": {
        "osm_type": "way",
        "osm_id": 1164881523,
        "tags": {
          "highway": "steps",
          "incline": "down",
          "level": "-2--1",
          "lit": "24/7",
          "oneway": "yes"
        },
        "evidence_status": "candidate_only",
        "analysis_ready": false,
        "source": "OpenStreetMap official API tiles retrieved 2026-09-15",
        "geometry_warning": "area boundary, floor codes and access must be checked"
      },
      "geometry": {
        "type": "LineString",
        "coordinates": [
          [
            121.5172329,
            25.047433
          ],
          [
            121.5173941,
            25.0474061
          ]
        ]
      }
    },
    {
      "type": "Feature",
      "id": 1164881524,
      "properties": {
        "osm_type": "way",
        "osm_id": 1164881524,
        "tags": {
          "highway": "steps",
          "incline": "up",
          "level": "-2--1",
          "lit": "24/7",
          "oneway": "yes"
        },
        "evidence_status": "candidate_only",
        "analysis_ready": false,
        "source": "OpenStreetMap official API tiles retrieved 2026-09-15",
        "geometry_warning": "area boundary, floor codes and access must be checked"
      },
      "geometry": {
        "type": "LineString",
        "coordinates": [
          [
            121.5174721,
            25.0475439
          ],
          [
            121.5176164,
            25.0475184
          ]
        ]
      }
    },
    {
      "type": "Feature",
      "id": 1164881525,
      "properties": {
        "osm_type": "way",
        "osm_id": 1164881525,
        "tags": {
          "highway": "steps",
          "incline": "down",
          "level": "-2--1",
          "lit": "24/7",
          "oneway": "yes"
        },
        "evidence_status": "candidate_only",
        "analysis_ready": false,
        "source": "OpenStreetMap official API tiles retrieved 2026-09-15",
        "geometry_warning": "area boundary, floor codes and access must be checked"
      },
      "geometry": {
        "type": "LineString",
        "coordinates": [
          [
            121.5172664,
            25.0475804
          ],
          [
            121.5174277,
            25.0475535
          ]
        ]
      }
    },
    {
      "type": "Feature",
      "id": 1164881526,
      "properties": {
        "osm_type": "way",
        "osm_id": 1164881526,
        "tags": {
          "highway": "steps",
          "incline": "up",
          "level": "-2--1",
          "lit": "24/7",
          "oneway": "yes"
        },
        "evidence_status": "candidate_only",
        "analysis_ready": false,
        "source": "OpenStreetMap official API tiles retrieved 2026-09-15",
        "geometry_warning": "area boundary, floor codes and access must be checked"
      },
      "geometry": {
        "type": "LineString",
        "coordinates": [
          [
            121.5175054,
            25.0477506
          ],
          [
            121.5176497,
            25.0477252
          ]
        ]
      }
    },
    {
      "type": "Feature",
      "id": 1164881527,
      "properties": {
        "osm_type": "way",
        "osm_id": 1164881527,
        "tags": {
          "highway": "steps",
          "incline": "down",
          "level": "-2--1",
          "lit": "24/7",
          "oneway": "yes"
        },
        "evidence_status": "candidate_only",
        "analysis_ready": false,
        "source": "OpenStreetMap official API tiles retrieved 2026-09-15",
        "geometry_warning": "area boundary, floor codes and access must be checked"
      },
      "geometry": {
        "type": "LineString",
        "coordinates": [
          [
            121.5172969,
            25.0477886
          ],
          [
            121.5174578,
            25.0477601
          ]
        ]
      }
    },
    {
      "type": "Feature",
      "id": 1164881528,
      "properties": {
        "osm_type": "way",
        "osm_id": 1164881528,
        "tags": {
          "highway": "steps",
          "incline": "up",
          "level": "-2--1",
          "lit": "24/7",
          "oneway": "yes"
        },
        "evidence_status": "candidate_only",
        "analysis_ready": false,
        "source": "OpenStreetMap official API tiles retrieved 2026-09-15",
        "geometry_warning": "area boundary, floor codes and access must be checked"
      },
      "geometry": {
        "type": "LineString",
        "coordinates": [
          [
            121.5175334,
            25.0478928
          ],
          [
            121.5176777,
            25.0478673
          ]
        ]
      }
    },
    {
      "type": "Feature",
      "id": 1164881529,
      "properties": {
        "osm_type": "way",
        "osm_id": 1164881529,
        "tags": {
          "highway": "steps",
          "incline": "down",
          "level": "-2--1",
          "lit": "24/7",
          "oneway": "yes"
        },
        "evidence_status": "candidate_only",
        "analysis_ready": false,
        "source": "OpenStreetMap official API tiles retrieved 2026-09-15",
        "geometry_warning": "area boundary, floor codes and access must be checked"
      },
      "geometry": {
        "type": "LineString",
        "coordinates": [
          [
            121.5173249,
            25.0479308
          ],
          [
            121.5174858,
            25.0479022
          ]
        ]
      }
    },
    {
      "type": "Feature",
      "id": 1164881530,
      "properties": {
        "osm_type": "way",
        "osm_id": 1164881530,
        "tags": {
          "highway": "steps",
          "incline": "down",
          "level": "-2--1",
          "lit": "24/7",
          "oneway": "yes"
        },
        "evidence_status": "candidate_only",
        "analysis_ready": false,
        "source": "OpenStreetMap official API tiles retrieved 2026-09-15",
        "geometry_warning": "area boundary, floor codes and access must be checked"
      },
      "geometry": {
        "type": "LineString",
        "coordinates": [
          [
            121.5168137,
            25.0475085
          ],
          [
            121.5166695,
            25.0475346
          ]
        ]
      }
    },
    {
      "type": "Feature",
      "id": 1164881531,
      "properties": {
        "osm_type": "way",
        "osm_id": 1164881531,
        "tags": {
          "highway": "steps",
          "incline": "up",
          "level": "-2--1",
          "lit": "24/7",
          "oneway": "yes"
        },
        "evidence_status": "candidate_only",
        "analysis_ready": false,
        "source": "OpenStreetMap official API tiles retrieved 2026-09-15",
        "geometry_warning": "area boundary, floor codes and access must be checked"
      },
      "geometry": {
        "type": "LineString",
        "coordinates": [
          [
            121.516564,
            25.0475515
          ],
          [
            121.5164031,
            25.04758
          ]
        ]
      }
    },
    {
      "type": "Feature",
      "id": 1164881532,
      "properties": {
        "osm_type": "way",
        "osm_id": 1164881532,
        "tags": {
          "highway": "steps",
          "incline": "down",
          "level": "-2--1",
          "lit": "24/7",
          "oneway": "yes"
        },
        "evidence_status": "candidate_only",
        "analysis_ready": false,
        "source": "OpenStreetMap official API tiles retrieved 2026-09-15",
        "geometry_warning": "area boundary, floor codes and access must be checked"
      },
      "geometry": {
        "type": "LineString",
        "coordinates": [
          [
            121.5168465,
            25.0476567
          ],
          [
            121.5167024,
            25.0476828
          ]
        ]
      }
    },
    {
      "type": "Feature",
      "id": 1164881533,
      "properties": {
        "osm_type": "way",
        "osm_id": 1164881533,
        "tags": {
          "highway": "steps",
          "incline": "up",
          "level": "-2--1",
          "lit": "24/7",
          "oneway": "yes"
        },
        "evidence_status": "candidate_only",
        "analysis_ready": false,
        "source": "OpenStreetMap official API tiles retrieved 2026-09-15",
        "geometry_warning": "area boundary, floor codes and access must be checked"
      },
      "geometry": {
        "type": "LineString",
        "coordinates": [
          [
            121.5165969,
            25.0476997
          ],
          [
            121.5164359,
            25.0477283
          ]
        ]
      }
    },
    {
      "type": "Feature",
      "id": 1164881534,
      "properties": {
        "osm_type": "way",
        "osm_id": 1164881534,
        "tags": {
          "highway": "steps",
          "incline": "down",
          "level": "-2--1",
          "lit": "24/7",
          "oneway": "yes"
        },
        "evidence_status": "candidate_only",
        "analysis_ready": false,
        "source": "OpenStreetMap official API tiles retrieved 2026-09-15",
        "geometry_warning": "area boundary, floor codes and access must be checked"
      },
      "geometry": {
        "type": "LineString",
        "coordinates": [
          [
            121.5168861,
            25.0478566
          ],
          [
            121.5167419,
            25.0478827
          ]
        ]
      }
    },
    {
      "type": "Feature",
      "id": 1164881535,
      "properties": {
        "osm_type": "way",
        "osm_id": 1164881535,
        "tags": {
          "highway": "steps",
          "incline": "up",
          "level": "-2--1",
          "lit": "24/7",
          "oneway": "yes"
        },
        "evidence_status": "candidate_only",
        "analysis_ready": false,
        "source": "OpenStreetMap official API tiles retrieved 2026-09-15",
        "geometry_warning": "area boundary, floor codes and access must be checked"
      },
      "geometry": {
        "type": "LineString",
        "coordinates": [
          [
            121.5166364,
            25.0478996
          ],
          [
            121.5164755,
            25.0479281
          ]
        ]
      }
    },
    {
      "type": "Feature",
      "id": 1164881536,
      "properties": {
        "osm_type": "way",
        "osm_id": 1164881536,
        "tags": {
          "highway": "steps",
          "incline": "up",
          "level": "-2--1",
          "lit": "24/7",
          "oneway": "yes"
        },
        "evidence_status": "candidate_only",
        "analysis_ready": false,
        "source": "OpenStreetMap official API tiles retrieved 2026-09-15",
        "geometry_warning": "area boundary, floor codes and access must be checked"
      },
      "geometry": {
        "type": "LineString",
        "coordinates": [
          [
            121.5166491,
            25.0480417
          ],
          [
            121.5164882,
            25.0480703
          ]
        ]
      }
    },
    {
      "type": "Feature",
      "id": 1164881537,
      "properties": {
        "osm_type": "way",
        "osm_id": 1164881537,
        "tags": {
          "highway": "steps",
          "incline": "down",
          "level": "-2--1",
          "lit": "24/7",
          "oneway": "yes"
        },
        "evidence_status": "candidate_only",
        "analysis_ready": false,
        "source": "OpenStreetMap official API tiles retrieved 2026-09-15",
        "geometry_warning": "area boundary, floor codes and access must be checked"
      },
      "geometry": {
        "type": "LineString",
        "coordinates": [
          [
            121.5168988,
            25.0479987
          ],
          [
            121.5167546,
            25.0480248
          ]
        ]
      }
    },
    {
      "type": "Feature",
      "id": 1164891292,
      "properties": {
        "osm_type": "way",
        "osm_id": 1164891292,
        "tags": {
          "highway": "footway"
        },
        "evidence_status": "candidate_only",
        "analysis_ready": false,
        "source": "OpenStreetMap official API tiles retrieved 2026-09-15",
        "geometry_warning": "area boundary, floor codes and access must be checked"
      },
      "geometry": {
        "type": "LineString",
        "coordinates": [
          [
            121.5198827,
            25.0477663
          ],
          [
            121.5199169,
            25.0477709
          ],
          [
            121.5199869,
            25.0477551
          ],
          [
            121.5200195,
            25.0477502
          ],
          [
            121.5200433,
            25.0477411
          ],
          [
            121.520059,
            25.047735
          ],
          [
            121.520071,
            25.0477274
          ]
        ]
      }
    },
    {
      "type": "Feature",
      "id": 1164891293,
      "properties": {
        "osm_type": "way",
        "osm_id": 1164891293,
        "tags": {
          "highway": "footway"
        },
        "evidence_status": "candidate_only",
        "analysis_ready": false,
        "source": "OpenStreetMap official API tiles retrieved 2026-09-15",
        "geometry_warning": "area boundary, floor codes and access must be checked"
      },
      "geometry": {
        "type": "LineString",
        "coordinates": [
          [
            121.5198559,
            25.0478924
          ],
          [
            121.5198726,
            25.0479662
          ]
        ]
      }
    },
    {
      "type": "Feature",
      "id": 1164891294,
      "properties": {
        "osm_type": "way",
        "osm_id": 1164891294,
        "tags": {
          "highway": "footway"
        },
        "evidence_status": "candidate_only",
        "analysis_ready": false,
        "source": "OpenStreetMap official API tiles retrieved 2026-09-15",
        "geometry_warning": "area boundary, floor codes and access must be checked"
      },
      "geometry": {
        "type": "LineString",
        "coordinates": [
          [
            121.5201385,
            25.0479218
          ],
          [
            121.5201325,
            25.0479422
          ],
          [
            121.5201201,
            25.0479549
          ],
          [
            121.5200959,
            25.0479622
          ],
          [
            121.5200483,
            25.0479719
          ],
          [
            121.5200232,
            25.047978
          ],
          [
            121.5199883,
            25.0479738
          ],
          [
            121.5199517,
            25.0479683
          ],
          [
            121.5199283,
            25.0479561
          ]
        ]
      }
    },
    {
      "type": "Feature",
      "id": 1164891296,
      "properties": {
        "osm_type": "way",
        "osm_id": 1164891296,
        "tags": {
          "highway": "footway"
        },
        "evidence_status": "candidate_only",
        "analysis_ready": false,
        "source": "OpenStreetMap official API tiles retrieved 2026-09-15",
        "geometry_warning": "area boundary, floor codes and access must be checked"
      },
      "geometry": {
        "type": "LineString",
        "coordinates": [
          [
            121.5197831,
            25.0478787
          ],
          [
            121.519773,
            25.0478969
          ],
          [
            121.5198036,
            25.0479255
          ],
          [
            121.5198113,
            25.0479513
          ],
          [
            121.519816,
            25.0479662
          ],
          [
            121.5198475,
            25.0479692
          ],
          [
            121.5198726,
            25.0479662
          ],
          [
            121.5199283,
            25.0479561
          ],
          [
            121.5199474,
            25.0479282
          ],
          [
            121.5199705,
            25.0479173
          ],
          [
            121.5200346,
            25.0479203
          ],
          [
            121.5201385,
            25.0479218
          ],
          [
            121.5201905,
            25.0479124
          ],
          [
            121.5202092,
            25.0479379
          ],
          [
            121.5202397,
            25.0479446
          ],
          [
            121.5202753,
            25.0479397
          ],
          [
            121.5203018,
            25.0479267
          ],
          [
            121.5203169,
            25.0479139
          ],
          [
            121.5203403,
            25.047886
          ],
          [
            121.5203417,
            25.0478653
          ],
          [
            121.5202706,
            25.0477213
          ],
          [
            121.5202441,
            25.0477174
          ],
          [
            121.5202116,
            25.0477207
          ],
          [
            121.5201891,
            25.0477262
          ],
          [
            121.5201697,
            25.0477344
          ],
          [
            121.5201589,
            25.0477429
          ],
          [
            121.5201532,
            25.0477678
          ],
          [
            121.5201511,
            25.0477873
          ],
          [
            121.5201492,
            25.0478037
          ],
          [
            121.5201526,
            25.0478374
          ],
          [
            121.520171,
            25.0478535
          ],
          [
            121.5201851,
            25.0478766
          ],
          [
            121.5201905,
            25.0479124
          ]
        ]
      }
    },
    {
      "type": "Feature",
      "id": 1164891297,
      "properties": {
        "osm_type": "way",
        "osm_id": 1164891297,
        "tags": {
          "highway": "footway"
        },
        "evidence_status": "candidate_only",
        "analysis_ready": false,
        "source": "OpenStreetMap official API tiles retrieved 2026-09-15",
        "geometry_warning": "area boundary, floor codes and access must be checked"
      },
      "geometry": {
        "type": "LineString",
        "coordinates": [
          [
            121.5198347,
            25.0477781
          ],
          [
            121.5198502,
            25.0478595
          ],
          [
            121.5198559,
            25.0478924
          ],
          [
            121.5198297,
            25.0478939
          ],
          [
            121.5197831,
            25.0478787
          ],
          [
            121.519766,
            25.0478544
          ],
          [
            121.5197677,
            25.0478149
          ],
          [
            121.5197727,
            25.0477894
          ],
          [
            121.519773,
            25.047769
          ]
        ]
      }
    },
    {
      "type": "Feature",
      "id": 1164891298,
      "properties": {
        "osm_type": "way",
        "osm_id": 1164891298,
        "tags": {
          "highway": "footway"
        },
        "evidence_status": "candidate_only",
        "analysis_ready": false,
        "source": "OpenStreetMap official API tiles retrieved 2026-09-15",
        "geometry_warning": "area boundary, floor codes and access must be checked"
      },
      "geometry": {
        "type": "LineString",
        "coordinates": [
          [
            121.5198776,
            25.0476123
          ],
          [
            121.5199001,
            25.0475992
          ],
          [
            121.5199239,
            25.0475956
          ],
          [
            121.5199528,
            25.0475953
          ],
          [
            121.5199826,
            25.0476023
          ],
          [
            121.5200094,
            25.0476129
          ],
          [
            121.5200265,
            25.0476169
          ],
          [
            121.5200469,
            25.0476174
          ]
        ]
      }
    },
    {
      "type": "Feature",
      "id": 1164891299,
      "properties": {
        "osm_type": "way",
        "osm_id": 1164891299,
        "tags": {
          "bridge": "yes",
          "highway": "footway"
        },
        "evidence_status": "candidate_only",
        "analysis_ready": false,
        "source": "OpenStreetMap official API tiles retrieved 2026-09-15",
        "geometry_warning": "area boundary, floor codes and access must be checked"
      },
      "geometry": {
        "type": "LineString",
        "coordinates": [
          [
            121.5198046,
            25.047608
          ],
          [
            121.5198243,
            25.0476108
          ],
          [
            121.5198418,
            25.0476099
          ],
          [
            121.5198495,
            25.0476077
          ],
          [
            121.5198679,
            25.0476096
          ],
          [
            121.5198776,
            25.0476123
          ]
        ]
      }
    },
    {
      "type": "Feature",
      "id": 1164891300,
      "properties": {
        "osm_type": "way",
        "osm_id": 1164891300,
        "tags": {
          "highway": "footway"
        },
        "evidence_status": "candidate_only",
        "analysis_ready": false,
        "source": "OpenStreetMap official API tiles retrieved 2026-09-15",
        "geometry_warning": "area boundary, floor codes and access must be checked"
      },
      "geometry": {
        "type": "LineString",
        "coordinates": [
          [
            121.5199528,
            25.0475953
          ],
          [
            121.5199672,
            25.0475576
          ],
          [
            121.5199729,
            25.0475467
          ],
          [
            121.5199849,
            25.0475315
          ],
          [
            121.5199977,
            25.0475236
          ],
          [
            121.5200118,
            25.0475108
          ],
          [
            121.5200091,
            25.0475002
          ],
          [
            121.5199742,
            25.0474899
          ],
          [
            121.5199313,
            25.047482
          ],
          [
            121.5199058,
            25.0474771
          ],
          [
            121.5198776,
            25.0474793
          ],
          [
            121.5198639,
            25.0474835
          ],
          [
            121.5198431,
            25.0474954
          ],
          [
            121.5198327,
            25.0475075
          ],
          [
            121.519822,
            25.0475373
          ],
          [
            121.519822,
            25.0475561
          ],
          [
            121.5197895,
            25.0475977
          ]
        ]
      }
    },
    {
      "type": "Feature",
      "id": 1164891301,
      "properties": {
        "osm_type": "way",
        "osm_id": 1164891301,
        "tags": {
          "highway": "footway"
        },
        "evidence_status": "candidate_only",
        "analysis_ready": false,
        "source": "OpenStreetMap official API tiles retrieved 2026-09-15",
        "geometry_warning": "area boundary, floor codes and access must be checked"
      },
      "geometry": {
        "type": "LineString",
        "coordinates": [
          [
            121.5198776,
            25.0476123
          ],
          [
            121.5198887,
            25.0476336
          ],
          [
            121.5198981,
            25.0476582
          ],
          [
            121.5199055,
            25.0476703
          ],
          [
            121.5199068,
            25.0476825
          ],
          [
            121.5199065,
            25.0477049
          ],
          [
            121.5199031,
            25.0477232
          ],
          [
            121.5198921,
            25.0477481
          ],
          [
            121.5198827,
            25.0477663
          ],
          [
            121.5198599,
            25.0477757
          ],
          [
            121.5198347,
            25.0477781
          ],
          [
            121.5197948,
            25.0477751
          ],
          [
            121.519773,
            25.047769
          ],
          [
            121.5197452,
            25.0477453
          ],
          [
            121.5197399,
            25.0477131
          ],
          [
            121.5197412,
            25.0476816
          ],
          [
            121.5197539,
            25.0476521
          ],
          [
            121.5197637,
            25.0476241
          ],
          [
            121.5197791,
            25.0476068
          ],
          [
            121.5197895,
            25.0475977
          ],
          [
            121.5198046,
            25.047608
          ]
        ]
      }
    },
    {
      "type": "Feature",
      "id": 1210999756,
      "properties": {
        "osm_type": "way",
        "osm_id": 1210999756,
        "tags": {
          "highway": "steps",
          "incline": "up",
          "indoor": "yes",
          "layer": "-1",
          "level": "-1"
        },
        "evidence_status": "candidate_only",
        "analysis_ready": false,
        "source": "OpenStreetMap official API tiles retrieved 2026-09-15",
        "geometry_warning": "area boundary, floor codes and access must be checked"
      },
      "geometry": {
        "type": "LineString",
        "coordinates": [
          [
            121.5192414,
            25.0490318
          ],
          [
            121.5191914,
            25.0489758
          ]
        ]
      }
    },
    {
      "type": "Feature",
      "id": 1210999758,
      "properties": {
        "osm_type": "way",
        "osm_id": 1210999758,
        "tags": {
          "highway": "steps",
          "incline": "up",
          "indoor": "yes",
          "layer": "-1",
          "level": "-1"
        },
        "evidence_status": "candidate_only",
        "analysis_ready": false,
        "source": "OpenStreetMap official API tiles retrieved 2026-09-15",
        "geometry_warning": "area boundary, floor codes and access must be checked"
      },
      "geometry": {
        "type": "LineString",
        "coordinates": [
          [
            121.5194053,
            25.049017
          ],
          [
            121.5193555,
            25.0489544
          ]
        ]
      }
    },
    {
      "type": "Feature",
      "id": 1211274422,
      "properties": {
        "osm_type": "way",
        "osm_id": 1211274422,
        "tags": {
          "conveying": "no",
          "highway": "steps",
          "incline": "up",
          "indoor": "yes",
          "layer": "-2",
          "level": "-2--1"
        },
        "evidence_status": "candidate_only",
        "analysis_ready": false,
        "source": "OpenStreetMap official API tiles retrieved 2026-09-15",
        "geometry_warning": "area boundary, floor codes and access must be checked"
      },
      "geometry": {
        "type": "LineString",
        "coordinates": [
          [
            121.5190619,
            25.0486999
          ],
          [
            121.5190865,
            25.0487315
          ],
          [
            121.5190584,
            25.0487495
          ],
          [
            121.519029,
            25.0487117
          ]
        ]
      }
    },
    {
      "type": "Feature",
      "id": 1211274424,
      "properties": {
        "osm_type": "way",
        "osm_id": 1211274424,
        "tags": {
          "conveying": "no",
          "highway": "steps",
          "incline": "up",
          "indoor": "yes",
          "layer": "-2",
          "level": "-2--1"
        },
        "evidence_status": "candidate_only",
        "analysis_ready": false,
        "source": "OpenStreetMap official API tiles retrieved 2026-09-15",
        "geometry_warning": "area boundary, floor codes and access must be checked"
      },
      "geometry": {
        "type": "LineString",
        "coordinates": [
          [
            121.518878,
            25.0484487
          ],
          [
            121.5189015,
            25.0484804
          ],
          [
            121.5188719,
            25.0484984
          ],
          [
            121.5188378,
            25.0484524
          ]
        ]
      }
    },
    {
      "type": "Feature",
      "id": 1211274425,
      "properties": {
        "osm_type": "way",
        "osm_id": 1211274425,
        "tags": {
          "highway": "steps",
          "incline": "up",
          "indoor": "yes",
          "layer": "-2",
          "level": "-2",
          "ramp:wheelchair": "yes"
        },
        "evidence_status": "candidate_only",
        "analysis_ready": false,
        "source": "OpenStreetMap official API tiles retrieved 2026-09-15",
        "geometry_warning": "area boundary, floor codes and access must be checked"
      },
      "geometry": {
        "type": "LineString",
        "coordinates": [
          [
            121.5187331,
            25.0484021
          ],
          [
            121.518688,
            25.0484094
          ]
        ]
      }
    },
    {
      "type": "Feature",
      "id": 1211599708,
      "properties": {
        "osm_type": "way",
        "osm_id": 1211599708,
        "tags": {
          "highway": "footway"
        },
        "evidence_status": "candidate_only",
        "analysis_ready": false,
        "source": "OpenStreetMap official API tiles retrieved 2026-09-15",
        "geometry_warning": "area boundary, floor codes and access must be checked"
      },
      "geometry": {
        "type": "LineString",
        "coordinates": [
          [
            121.5190653,
            25.0481808
          ],
          [
            121.5190517,
            25.0481185
          ]
        ]
      }
    },
    {
      "type": "Feature",
      "id": 1211599709,
      "properties": {
        "osm_type": "way",
        "osm_id": 1211599709,
        "tags": {
          "covered": "yes",
          "highway": "footway",
          "level": "0"
        },
        "evidence_status": "candidate_only",
        "analysis_ready": false,
        "source": "OpenStreetMap official API tiles retrieved 2026-09-15",
        "geometry_warning": "area boundary, floor codes and access must be checked"
      },
      "geometry": {
        "type": "LineString",
        "coordinates": [
          [
            121.5190517,
            25.0481185
          ],
          [
            121.5190444,
            25.0480853
          ],
          [
            121.5190094,
            25.0480916
          ]
        ]
      }
    },
    {
      "type": "Feature",
      "id": 1211599710,
      "properties": {
        "osm_type": "way",
        "osm_id": 1211599710,
        "tags": {
          "highway": "steps",
          "incline": "up",
          "level": "0"
        },
        "evidence_status": "candidate_only",
        "analysis_ready": false,
        "source": "OpenStreetMap official API tiles retrieved 2026-09-15",
        "geometry_warning": "area boundary, floor codes and access must be checked"
      },
      "geometry": {
        "type": "LineString",
        "coordinates": [
          [
            121.5181555,
            25.0482551
          ],
          [
            121.5181697,
            25.048253
          ]
        ]
      }
    },
    {
      "type": "Feature",
      "id": 1211599711,
      "properties": {
        "osm_type": "way",
        "osm_id": 1211599711,
        "tags": {
          "highway": "steps",
          "incline": "up",
          "indoor": "yes",
          "layer": "-1",
          "level": "-1",
          "ramp:wheelchair": "yes"
        },
        "evidence_status": "candidate_only",
        "analysis_ready": false,
        "source": "OpenStreetMap official API tiles retrieved 2026-09-15",
        "geometry_warning": "area boundary, floor codes and access must be checked"
      },
      "geometry": {
        "type": "LineString",
        "coordinates": [
          [
            121.5184825,
            25.0481153
          ],
          [
            121.5184466,
            25.0480578
          ]
        ]
      }
    },
    {
      "type": "Feature",
      "id": 1211599713,
      "properties": {
        "osm_type": "way",
        "osm_id": 1211599713,
        "tags": {
          "conveying:lanes": "no|backward|forward",
          "highway": "steps",
          "incline": "up",
          "indoor": "yes",
          "lanes": "3",
          "layer": "-1",
          "level": "-1-0"
        },
        "evidence_status": "candidate_only",
        "analysis_ready": false,
        "source": "OpenStreetMap official API tiles retrieved 2026-09-15",
        "geometry_warning": "area boundary, floor codes and access must be checked"
      },
      "geometry": {
        "type": "LineString",
        "coordinates": [
          [
            121.5184013,
            25.0482095
          ],
          [
            121.5181697,
            25.048253
          ]
        ]
      }
    },
    {
      "type": "Feature",
      "id": 1211599715,
      "properties": {
        "osm_type": "way",
        "osm_id": 1211599715,
        "tags": {
          "conveying:lanes": "no|backward|forward",
          "highway": "steps",
          "incline": "up",
          "indoor": "yes",
          "lanes": "3",
          "layer": "-1",
          "level": "-1-0"
        },
        "evidence_status": "candidate_only",
        "analysis_ready": false,
        "source": "OpenStreetMap official API tiles retrieved 2026-09-15",
        "geometry_warning": "area boundary, floor codes and access must be checked"
      },
      "geometry": {
        "type": "LineString",
        "coordinates": [
          [
            121.518774,
            25.0481356
          ],
          [
            121.5190094,
            25.0480916
          ]
        ]
      }
    },
    {
      "type": "Feature",
      "id": 1211599717,
      "properties": {
        "osm_type": "way",
        "osm_id": 1211599717,
        "tags": {
          "conveying": "no",
          "highway": "steps",
          "incline": "up",
          "indoor": "yes",
          "layer": "-1",
          "level": "-2--1"
        },
        "evidence_status": "candidate_only",
        "analysis_ready": false,
        "source": "OpenStreetMap official API tiles retrieved 2026-09-15",
        "geometry_warning": "area boundary, floor codes and access must be checked"
      },
      "geometry": {
        "type": "LineString",
        "coordinates": [
          [
            121.5184693,
            25.0484424
          ],
          [
            121.5184437,
            25.0483327
          ],
          [
            121.518524,
            25.048318
          ],
          [
            121.5184455,
            25.0482013
          ]
        ]
      }
    },
    {
      "type": "Feature",
      "id": 1211599718,
      "properties": {
        "osm_type": "way",
        "osm_id": 1211599718,
        "tags": {
          "conveying": "yes",
          "highway": "steps",
          "incline": "up",
          "indoor": "yes",
          "layer": "-1",
          "level": "-1-0"
        },
        "evidence_status": "candidate_only",
        "analysis_ready": false,
        "source": "OpenStreetMap official API tiles retrieved 2026-09-15",
        "geometry_warning": "area boundary, floor codes and access must be checked"
      },
      "geometry": {
        "type": "LineString",
        "coordinates": [
          [
            121.5191662,
            25.048852
          ],
          [
            121.5190203,
            25.0486703
          ]
        ]
      }
    },
    {
      "type": "Feature",
      "id": 1214402183,
      "properties": {
        "osm_type": "way",
        "osm_id": 1214402183,
        "tags": {
          "footway": "sidewalk",
          "highway": "footway"
        },
        "evidence_status": "candidate_only",
        "analysis_ready": false,
        "source": "OpenStreetMap official API tiles retrieved 2026-09-15",
        "geometry_warning": "area boundary, floor codes and access must be checked"
      },
      "geometry": {
        "type": "LineString",
        "coordinates": [
          [
            121.5199103,
            25.0458541
          ],
          [
            121.5203607,
            25.0468348
          ],
          [
            121.520422,
            25.0469683
          ]
        ]
      }
    },
    {
      "type": "Feature",
      "id": 1215533495,
      "properties": {
        "osm_type": "way",
        "osm_id": 1215533495,
        "tags": {
          "conveying": "yes",
          "conveying:lanes": "no|forward",
          "highway": "steps",
          "incline": "up",
          "indoor": "yes",
          "layer": "-2",
          "level": "-2;-1"
        },
        "evidence_status": "candidate_only",
        "analysis_ready": false,
        "source": "OpenStreetMap official API tiles retrieved 2026-09-15",
        "geometry_warning": "area boundary, floor codes and access must be checked"
      },
      "geometry": {
        "type": "LineString",
        "coordinates": [
          [
            121.5173775,
            25.048849
          ],
          [
            121.5172407,
            25.0488704
          ]
        ]
      }
    },
    {
      "type": "Feature",
      "id": 1215533497,
      "properties": {
        "osm_type": "way",
        "osm_id": 1215533497,
        "tags": {
          "conveying": "no",
          "highway": "steps",
          "incline": "up",
          "indoor": "yes",
          "layer": "-2",
          "level": "-2-0"
        },
        "evidence_status": "candidate_only",
        "analysis_ready": false,
        "source": "OpenStreetMap official API tiles retrieved 2026-09-15",
        "geometry_warning": "area boundary, floor codes and access must be checked"
      },
      "geometry": {
        "type": "LineString",
        "coordinates": [
          [
            121.5172939,
            25.0484523
          ],
          [
            121.517535,
            25.0484104
          ]
        ]
      }
    },
    {
      "type": "Feature",
      "id": 1215533498,
      "properties": {
        "osm_type": "way",
        "osm_id": 1215533498,
        "tags": {
          "conveying": "no",
          "highway": "steps",
          "incline": "up",
          "indoor": "yes",
          "layer": "-2",
          "level": "-2-0"
        },
        "evidence_status": "candidate_only",
        "analysis_ready": false,
        "source": "OpenStreetMap official API tiles retrieved 2026-09-15",
        "geometry_warning": "area boundary, floor codes and access must be checked"
      },
      "geometry": {
        "type": "LineString",
        "coordinates": [
          [
            121.5165839,
            25.0489048
          ],
          [
            121.5161428,
            25.0489803
          ]
        ]
      }
    },
    {
      "type": "Feature",
      "id": 1215533501,
      "properties": {
        "osm_type": "way",
        "osm_id": 1215533501,
        "tags": {
          "conveying": "no",
          "highway": "steps",
          "incline": "up",
          "indoor": "yes",
          "layer": "-1",
          "level": "-1-0"
        },
        "evidence_status": "candidate_only",
        "analysis_ready": false,
        "source": "OpenStreetMap official API tiles retrieved 2026-09-15",
        "geometry_warning": "area boundary, floor codes and access must be checked"
      },
      "geometry": {
        "type": "LineString",
        "coordinates": [
          [
            121.5165348,
            25.048415
          ],
          [
            121.5167243,
            25.0483852
          ]
        ]
      }
    },
    {
      "type": "Feature",
      "id": 1215533503,
      "properties": {
        "osm_type": "way",
        "osm_id": 1215533503,
        "tags": {
          "conveying": "yes",
          "conveying:lanes": "no|backward|forward",
          "highway": "steps",
          "incline": "up",
          "indoor": "yes",
          "layer": "-2",
          "level": "-2;-1"
        },
        "evidence_status": "candidate_only",
        "analysis_ready": false,
        "source": "OpenStreetMap official API tiles retrieved 2026-09-15",
        "geometry_warning": "area boundary, floor codes and access must be checked"
      },
      "geometry": {
        "type": "LineString",
        "coordinates": [
          [
            121.5180627,
            25.0487438
          ],
          [
            121.5179294,
            25.048766
          ]
        ]
      }
    },
    {
      "type": "Feature",
      "id": 1215533506,
      "properties": {
        "osm_type": "way",
        "osm_id": 1215533506,
        "tags": {
          "conveying:lanes": "yes|no|yes|yes",
          "highway": "steps",
          "incline": "up",
          "indoor": "yes",
          "lanes": "4",
          "layer": "-1",
          "level": "-2--1"
        },
        "evidence_status": "candidate_only",
        "analysis_ready": false,
        "source": "OpenStreetMap official API tiles retrieved 2026-09-15",
        "geometry_warning": "area boundary, floor codes and access must be checked"
      },
      "geometry": {
        "type": "LineString",
        "coordinates": [
          [
            121.5179842,
            25.0483526
          ],
          [
            121.5179495,
            25.0481789
          ]
        ]
      }
    },
    {
      "type": "Feature",
      "id": 1215533507,
      "properties": {
        "osm_type": "way",
        "osm_id": 1215533507,
        "tags": {
          "conveying": "no",
          "highway": "steps",
          "incline": "up",
          "indoor": "yes",
          "layer": "-1",
          "level": "-1-0"
        },
        "evidence_status": "candidate_only",
        "analysis_ready": false,
        "source": "OpenStreetMap official API tiles retrieved 2026-09-15",
        "geometry_warning": "area boundary, floor codes and access must be checked"
      },
      "geometry": {
        "type": "LineString",
        "coordinates": [
          [
            121.5179495,
            25.0481789
          ],
          [
            121.5177578,
            25.0482104
          ]
        ]
      }
    },
    {
      "type": "Feature",
      "id": 1215533508,
      "properties": {
        "osm_type": "way",
        "osm_id": 1215533508,
        "tags": {
          "conveying": "no",
          "highway": "steps",
          "incline": "up",
          "indoor": "yes",
          "layer": "-1",
          "level": "-2-0"
        },
        "evidence_status": "candidate_only",
        "analysis_ready": false,
        "source": "OpenStreetMap official API tiles retrieved 2026-09-15",
        "geometry_warning": "area boundary, floor codes and access must be checked"
      },
      "geometry": {
        "type": "LineString",
        "coordinates": [
          [
            121.5184693,
            25.0484424
          ],
          [
            121.5185033,
            25.0486047
          ],
          [
            121.5185176,
            25.0486025
          ],
          [
            121.5186581,
            25.0485849
          ]
        ]
      }
    },
    {
      "type": "Feature",
      "id": 1227270701,
      "properties": {
        "osm_type": "way",
        "osm_id": 1227270701,
        "tags": {
          "highway": "footway"
        },
        "evidence_status": "candidate_only",
        "analysis_ready": false,
        "source": "OpenStreetMap official API tiles retrieved 2026-09-15",
        "geometry_warning": "area boundary, floor codes and access must be checked"
      },
      "geometry": {
        "type": "LineString",
        "coordinates": [
          [
            121.5144767,
            25.047376
          ],
          [
            121.5144657,
            25.0473403
          ],
          [
            121.5145995,
            25.0472008
          ],
          [
            121.5145712,
            25.0470972
          ],
          [
            121.5146228,
            25.0470856
          ]
        ]
      }
    },
    {
      "type": "Feature",
      "id": 1227270702,
      "properties": {
        "osm_type": "way",
        "osm_id": 1227270702,
        "tags": {
          "footway": "sidewalk",
          "highway": "footway"
        },
        "evidence_status": "candidate_only",
        "analysis_ready": false,
        "source": "OpenStreetMap official API tiles retrieved 2026-09-15",
        "geometry_warning": "area boundary, floor codes and access must be checked"
      },
      "geometry": {
        "type": "LineString",
        "coordinates": [
          [
            121.5145995,
            25.0472008
          ],
          [
            121.5149351,
            25.0471027
          ],
          [
            121.5150611,
            25.0474869
          ],
          [
            121.5150363,
            25.0474959
          ]
        ]
      }
    },
    {
      "type": "Feature",
      "id": 1243950602,
      "properties": {
        "osm_type": "way",
        "osm_id": 1243950602,
        "tags": {
          "highway": "footway"
        },
        "evidence_status": "candidate_only",
        "analysis_ready": false,
        "source": "OpenStreetMap official API tiles retrieved 2026-09-15",
        "geometry_warning": "area boundary, floor codes and access must be checked"
      },
      "geometry": {
        "type": "LineString",
        "coordinates": [
          [
            121.5190987,
            25.0455961
          ],
          [
            121.5191003,
            25.0456193
          ]
        ]
      }
    },
    {
      "type": "Feature",
      "id": 1296737591,
      "properties": {
        "osm_type": "way",
        "osm_id": 1296737591,
        "tags": {
          "footway": "sidewalk",
          "highway": "footway"
        },
        "evidence_status": "candidate_only",
        "analysis_ready": false,
        "source": "OpenStreetMap official API tiles retrieved 2026-09-15",
        "geometry_warning": "area boundary, floor codes and access must be checked"
      },
      "geometry": {
        "type": "LineString",
        "coordinates": [
          [
            121.519194,
            25.0459453
          ],
          [
            121.5191922,
            25.0459442
          ]
        ]
      }
    },
    {
      "type": "Feature",
      "id": 1305073189,
      "properties": {
        "osm_type": "way",
        "osm_id": 1305073189,
        "tags": {
          "conveying:lanes": "backward|forward",
          "highway": "steps",
          "incline": "up",
          "indoor": "yes",
          "layer": "-1",
          "level": "-1;0"
        },
        "evidence_status": "candidate_only",
        "analysis_ready": false,
        "source": "OpenStreetMap official API tiles retrieved 2026-09-15",
        "geometry_warning": "area boundary, floor codes and access must be checked"
      },
      "geometry": {
        "type": "LineString",
        "coordinates": [
          [
            121.5163515,
            25.0467351
          ],
          [
            121.5161582,
            25.0467795
          ]
        ]
      }
    },
    {
      "type": "Feature",
      "id": 1305073191,
      "properties": {
        "osm_type": "way",
        "osm_id": 1305073191,
        "tags": {
          "highway": "footway",
          "level": "0"
        },
        "evidence_status": "candidate_only",
        "analysis_ready": false,
        "source": "OpenStreetMap official API tiles retrieved 2026-09-15",
        "geometry_warning": "area boundary, floor codes and access must be checked"
      },
      "geometry": {
        "type": "LineString",
        "coordinates": [
          [
            121.5164847,
            25.0471152
          ],
          [
            121.5164765,
            25.0470879
          ]
        ]
      }
    },
    {
      "type": "Feature",
      "id": 1305073192,
      "properties": {
        "osm_type": "way",
        "osm_id": 1305073192,
        "tags": {
          "covered": "yes",
          "highway": "footway",
          "level": "0"
        },
        "evidence_status": "candidate_only",
        "analysis_ready": false,
        "source": "OpenStreetMap official API tiles retrieved 2026-09-15",
        "geometry_warning": "area boundary, floor codes and access must be checked"
      },
      "geometry": {
        "type": "LineString",
        "coordinates": [
          [
            121.5165112,
            25.0472002
          ],
          [
            121.5165001,
            25.0471647
          ],
          [
            121.5164847,
            25.0471152
          ]
        ]
      }
    },
    {
      "type": "Feature",
      "id": 1305073195,
      "properties": {
        "osm_type": "way",
        "osm_id": 1305073195,
        "tags": {
          "highway": "steps",
          "incline": "up",
          "indoor": "yes",
          "layer": "-1",
          "level": "-2;-1"
        },
        "evidence_status": "candidate_only",
        "analysis_ready": false,
        "source": "OpenStreetMap official API tiles retrieved 2026-09-15",
        "geometry_warning": "area boundary, floor codes and access must be checked"
      },
      "geometry": {
        "type": "LineString",
        "coordinates": [
          [
            121.5170737,
            25.0466899
          ],
          [
            121.5170304,
            25.0465575
          ]
        ]
      }
    },
    {
      "type": "Feature",
      "id": 1305073200,
      "properties": {
        "osm_type": "way",
        "osm_id": 1305073200,
        "tags": {
          "highway": "steps",
          "incline": "up",
          "indoor": "yes",
          "layer": "-1",
          "level": "-1;0"
        },
        "evidence_status": "candidate_only",
        "analysis_ready": false,
        "source": "OpenStreetMap official API tiles retrieved 2026-09-15",
        "geometry_warning": "area boundary, floor codes and access must be checked"
      },
      "geometry": {
        "type": "LineString",
        "coordinates": [
          [
            121.5175962,
            25.0459648
          ],
          [
            121.517539,
            25.0457745
          ],
          [
            121.5175029,
            25.0457834
          ]
        ]
      }
    },
    {
      "type": "Feature",
      "id": 1305073201,
      "properties": {
        "osm_type": "way",
        "osm_id": 1305073201,
        "tags": {
          "conveying:lanes": "no|backward|forward",
          "highway": "steps",
          "incline": "up",
          "indoor": "yes",
          "layer": "-1",
          "level": "-2;-1"
        },
        "evidence_status": "candidate_only",
        "analysis_ready": false,
        "source": "OpenStreetMap official API tiles retrieved 2026-09-15",
        "geometry_warning": "area boundary, floor codes and access must be checked"
      },
      "geometry": {
        "type": "LineString",
        "coordinates": [
          [
            121.5161988,
            25.0471088
          ],
          [
            121.5162295,
            25.0472265
          ]
        ]
      }
    },
    {
      "type": "Feature",
      "id": 1305073204,
      "properties": {
        "osm_type": "way",
        "osm_id": 1305073204,
        "tags": {
          "highway": "steps",
          "incline": "up",
          "indoor": "yes",
          "layer": "-1",
          "level": "-1;0"
        },
        "evidence_status": "candidate_only",
        "analysis_ready": false,
        "source": "OpenStreetMap official API tiles retrieved 2026-09-15",
        "geometry_warning": "area boundary, floor codes and access must be checked"
      },
      "geometry": {
        "type": "LineString",
        "coordinates": [
          [
            121.5167847,
            25.0460352
          ],
          [
            121.5168062,
            25.0461142
          ]
        ]
      }
    },
    {
      "type": "Feature",
      "id": 1305073205,
      "properties": {
        "osm_type": "way",
        "osm_id": 1305073205,
        "tags": {
          "highway": "steps",
          "incline": "up",
          "indoor": "yes",
          "layer": "-1",
          "level": "-2;-1"
        },
        "evidence_status": "candidate_only",
        "analysis_ready": false,
        "source": "OpenStreetMap official API tiles retrieved 2026-09-15",
        "geometry_warning": "area boundary, floor codes and access must be checked"
      },
      "geometry": {
        "type": "LineString",
        "coordinates": [
          [
            121.5171024,
            25.0467883
          ],
          [
            121.5174195,
            25.0467131
          ]
        ]
      }
    },
    {
      "type": "Feature",
      "id": 1305073206,
      "properties": {
        "osm_type": "way",
        "osm_id": 1305073206,
        "tags": {
          "highway": "steps",
          "incline": "up",
          "indoor": "yes",
          "layer": "-1",
          "level": "-1;0"
        },
        "evidence_status": "candidate_only",
        "analysis_ready": false,
        "source": "OpenStreetMap official API tiles retrieved 2026-09-15",
        "geometry_warning": "area boundary, floor codes and access must be checked"
      },
      "geometry": {
        "type": "LineString",
        "coordinates": [
          [
            121.5174861,
            25.0469262
          ],
          [
            121.5172528,
            25.046986
          ]
        ]
      }
    },
    {
      "type": "Feature",
      "id": 1305073208,
      "properties": {
        "osm_type": "way",
        "osm_id": 1305073208,
        "tags": {
          "highway": "steps",
          "incline": "up",
          "indoor": "yes",
          "layer": "-1",
          "level": "-1;0"
        },
        "evidence_status": "candidate_only",
        "analysis_ready": false,
        "source": "OpenStreetMap official API tiles retrieved 2026-09-15",
        "geometry_warning": "area boundary, floor codes and access must be checked"
      },
      "geometry": {
        "type": "LineString",
        "coordinates": [
          [
            121.5173739,
            25.0465674
          ],
          [
            121.5172736,
            25.0465931
          ],
          [
            121.5172873,
            25.0466369
          ],
          [
            121.5173562,
            25.0466193
          ]
        ]
      }
    },
    {
      "type": "Feature",
      "id": 1305073210,
      "properties": {
        "osm_type": "way",
        "osm_id": 1305073210,
        "tags": {
          "conveying:lanes": "backward|forward",
          "highway": "steps",
          "incline": "up",
          "indoor": "yes",
          "layer": "-1",
          "level": "-1;0"
        },
        "evidence_status": "candidate_only",
        "analysis_ready": false,
        "source": "OpenStreetMap official API tiles retrieved 2026-09-15",
        "geometry_warning": "area boundary, floor codes and access must be checked"
      },
      "geometry": {
        "type": "LineString",
        "coordinates": [
          [
            121.5171716,
            25.0465219
          ],
          [
            121.5173846,
            25.046473
          ]
        ]
      }
    },
    {
      "type": "Feature",
      "id": 1305073212,
      "properties": {
        "osm_type": "way",
        "osm_id": 1305073212,
        "tags": {
          "highway": "steps",
          "incline": "up",
          "indoor": "yes",
          "layer": "-1",
          "level": "-1;0"
        },
        "evidence_status": "candidate_only",
        "analysis_ready": false,
        "source": "OpenStreetMap official API tiles retrieved 2026-09-15",
        "geometry_warning": "area boundary, floor codes and access must be checked"
      },
      "geometry": {
        "type": "LineString",
        "coordinates": [
          [
            121.5162295,
            25.0472265
          ],
          [
            121.5164481,
            25.0471779
          ]
        ]
      }
    },
    {
      "type": "Feature",
      "id": 1305073213,
      "properties": {
        "osm_type": "way",
        "osm_id": 1305073213,
        "tags": {
          "covered": "yes",
          "highway": "footway",
          "level": "0"
        },
        "evidence_status": "candidate_only",
        "analysis_ready": false,
        "source": "OpenStreetMap official API tiles retrieved 2026-09-15",
        "geometry_warning": "area boundary, floor codes and access must be checked"
      },
      "geometry": {
        "type": "LineString",
        "coordinates": [
          [
            121.5164481,
            25.0471779
          ],
          [
            121.5165001,
            25.0471647
          ],
          [
            121.5165433,
            25.0471536
          ]
        ]
      }
    },
    {
      "type": "Feature",
      "id": 1305073214,
      "properties": {
        "osm_type": "way",
        "osm_id": 1305073214,
        "tags": {
          "highway": "steps",
          "incline": "up",
          "indoor": "yes",
          "layer": "-1",
          "level": "-1;0"
        },
        "evidence_status": "candidate_only",
        "analysis_ready": false,
        "source": "OpenStreetMap official API tiles retrieved 2026-09-15",
        "geometry_warning": "area boundary, floor codes and access must be checked"
      },
      "geometry": {
        "type": "LineString",
        "coordinates": [
          [
            121.5178603,
            25.0465304
          ],
          [
            121.5177943,
            25.046293
          ]
        ]
      }
    },
    {
      "type": "Feature",
      "id": 1305073216,
      "properties": {
        "osm_type": "way",
        "osm_id": 1305073216,
        "tags": {
          "highway": "steps",
          "incline": "down",
          "indoor": "yes",
          "layer": "-1",
          "level": "-1",
          "ramp:wheelchair": "yes"
        },
        "evidence_status": "candidate_only",
        "analysis_ready": false,
        "source": "OpenStreetMap official API tiles retrieved 2026-09-15",
        "geometry_warning": "area boundary, floor codes and access must be checked"
      },
      "geometry": {
        "type": "LineString",
        "coordinates": [
          [
            121.5180017,
            25.0471193
          ],
          [
            121.5179862,
            25.0470908
          ]
        ]
      }
    },
    {
      "type": "Feature",
      "id": 1305073217,
      "properties": {
        "osm_type": "way",
        "osm_id": 1305073217,
        "tags": {
          "conveying:lanes": "no|backward|forward",
          "highway": "steps",
          "incline": "up",
          "indoor": "yes",
          "layer": "-1",
          "level": "-2;-1"
        },
        "evidence_status": "candidate_only",
        "analysis_ready": false,
        "source": "OpenStreetMap official API tiles retrieved 2026-09-15",
        "geometry_warning": "area boundary, floor codes and access must be checked"
      },
      "geometry": {
        "type": "LineString",
        "coordinates": [
          [
            121.5151708,
            25.0472488
          ],
          [
            121.5149436,
            25.0472983
          ]
        ]
      }
    },
    {
      "type": "Feature",
      "id": 1305073218,
      "properties": {
        "osm_type": "way",
        "osm_id": 1305073218,
        "tags": {
          "conveying:lanes": "no|no|backward|forward",
          "highway": "steps",
          "incline": "up",
          "indoor": "yes",
          "layer": "-1",
          "level": "-1;0"
        },
        "evidence_status": "candidate_only",
        "analysis_ready": false,
        "source": "OpenStreetMap official API tiles retrieved 2026-09-15",
        "geometry_warning": "area boundary, floor codes and access must be checked"
      },
      "geometry": {
        "type": "LineString",
        "coordinates": [
          [
            121.514873,
            25.047314
          ],
          [
            121.5148421,
            25.0472004
          ]
        ]
      }
    },
    {
      "type": "Feature",
      "id": 1305198562,
      "properties": {
        "osm_type": "way",
        "osm_id": 1305198562,
        "tags": {
          "fixme": "resurvey",
          "highway": "steps",
          "incline": "up",
          "indoor": "yes",
          "layer": "-1",
          "level": "-2--0"
        },
        "evidence_status": "candidate_only",
        "analysis_ready": false,
        "source": "OpenStreetMap official API tiles retrieved 2026-09-15",
        "geometry_warning": "area boundary, floor codes and access must be checked"
      },
      "geometry": {
        "type": "LineString",
        "coordinates": [
          [
            121.5144828,
            25.0470911
          ],
          [
            121.5147067,
            25.0470376
          ],
          [
            121.5147127,
            25.0470631
          ],
          [
            121.5146228,
            25.0470856
          ]
        ]
      }
    },
    {
      "type": "Feature",
      "id": 1305198563,
      "properties": {
        "osm_type": "way",
        "osm_id": 1305198563,
        "tags": {
          "highway": "steps",
          "incline": "up",
          "indoor": "yes",
          "layer": "-1",
          "level": "-2--0"
        },
        "evidence_status": "candidate_only",
        "analysis_ready": false,
        "source": "OpenStreetMap official API tiles retrieved 2026-09-15",
        "geometry_warning": "area boundary, floor codes and access must be checked"
      },
      "geometry": {
        "type": "LineString",
        "coordinates": [
          [
            121.514403,
            25.0468068
          ],
          [
            121.5146739,
            25.046742
          ]
        ]
      }
    },
    {
      "type": "Feature",
      "id": 1305198565,
      "properties": {
        "osm_type": "way",
        "osm_id": 1305198565,
        "tags": {
          "highway": "steps",
          "incline": "up",
          "indoor": "yes",
          "layer": "-1",
          "level": "-2--0"
        },
        "evidence_status": "candidate_only",
        "analysis_ready": false,
        "source": "OpenStreetMap official API tiles retrieved 2026-09-15",
        "geometry_warning": "area boundary, floor codes and access must be checked"
      },
      "geometry": {
        "type": "LineString",
        "coordinates": [
          [
            121.5135077,
            25.0470297
          ],
          [
            121.5137787,
            25.0469646
          ]
        ]
      }
    },
    {
      "type": "Feature",
      "id": 1305198570,
      "properties": {
        "osm_type": "way",
        "osm_id": 1305198570,
        "tags": {
          "highway": "steps",
          "incline": "up",
          "indoor": "yes",
          "layer": "-1",
          "level": "-2--0"
        },
        "evidence_status": "candidate_only",
        "analysis_ready": false,
        "source": "OpenStreetMap official API tiles retrieved 2026-09-15",
        "geometry_warning": "area boundary, floor codes and access must be checked"
      },
      "geometry": {
        "type": "LineString",
        "coordinates": [
          [
            121.5140522,
            25.0472304
          ],
          [
            121.5135774,
            25.0473437
          ]
        ]
      }
    },
    {
      "type": "Feature",
      "id": 1305198572,
      "properties": {
        "osm_type": "way",
        "osm_id": 1305198572,
        "tags": {
          "highway": "steps",
          "incline": "up",
          "indoor": "yes",
          "layer": "-1",
          "level": "-2--0"
        },
        "evidence_status": "candidate_only",
        "analysis_ready": false,
        "source": "OpenStreetMap official API tiles retrieved 2026-09-15",
        "geometry_warning": "area boundary, floor codes and access must be checked"
      },
      "geometry": {
        "type": "LineString",
        "coordinates": [
          [
            121.515733,
            25.0469444
          ],
          [
            121.5152596,
            25.0470569
          ]
        ]
      }
    },
    {
      "type": "Feature",
      "id": 1305198575,
      "properties": {
        "osm_type": "way",
        "osm_id": 1305198575,
        "tags": {
          "conveying:lanes": "no|backward|forward",
          "highway": "steps",
          "incline": "up",
          "indoor": "yes",
          "layer": "-1",
          "level": "-2;-1"
        },
        "evidence_status": "candidate_only",
        "analysis_ready": false,
        "source": "OpenStreetMap official API tiles retrieved 2026-09-15",
        "geometry_warning": "area boundary, floor codes and access must be checked"
      },
      "geometry": {
        "type": "LineString",
        "coordinates": [
          [
            121.516088,
            25.0465565
          ],
          [
            121.5162832,
            25.0465091
          ]
        ]
      }
    },
    {
      "type": "Feature",
      "id": 1305198576,
      "properties": {
        "osm_type": "way",
        "osm_id": 1305198576,
        "tags": {
          "footway": "crossing",
          "highway": "footway"
        },
        "evidence_status": "candidate_only",
        "analysis_ready": false,
        "source": "OpenStreetMap official API tiles retrieved 2026-09-15",
        "geometry_warning": "area boundary, floor codes and access must be checked"
      },
      "geometry": {
        "type": "LineString",
        "coordinates": [
          [
            121.5142542,
            25.0471516
          ],
          [
            121.5142838,
            25.0472487
          ],
          [
            121.5143032,
            25.0473127
          ]
        ]
      }
    },
    {
      "type": "Feature",
      "id": 1346858465,
      "properties": {
        "osm_type": "way",
        "osm_id": 1346858465,
        "tags": {
          "highway": "footway"
        },
        "evidence_status": "candidate_only",
        "analysis_ready": false,
        "source": "OpenStreetMap official API tiles retrieved 2026-09-15",
        "geometry_warning": "area boundary, floor codes and access must be checked"
      },
      "geometry": {
        "type": "LineString",
        "coordinates": [
          [
            121.5137787,
            25.0469646
          ],
          [
            121.5138129,
            25.0469561
          ],
          [
            121.5138096,
            25.0469453
          ]
        ]
      }
    },
    {
      "type": "Feature",
      "id": 1346858466,
      "properties": {
        "osm_type": "way",
        "osm_id": 1346858466,
        "tags": {
          "highway": "footway"
        },
        "evidence_status": "candidate_only",
        "analysis_ready": false,
        "source": "OpenStreetMap official API tiles retrieved 2026-09-15",
        "geometry_warning": "area boundary, floor codes and access must be checked"
      },
      "geometry": {
        "type": "LineString",
        "coordinates": [
          [
            121.5138601,
            25.0469327
          ],
          [
            121.5138354,
            25.0468494
          ]
        ]
      }
    },
    {
      "type": "Feature",
      "id": 1346858487,
      "properties": {
        "osm_type": "way",
        "osm_id": 1346858487,
        "tags": {
          "highway": "footway"
        },
        "evidence_status": "candidate_only",
        "analysis_ready": false,
        "source": "OpenStreetMap official API tiles retrieved 2026-09-15",
        "geometry_warning": "area boundary, floor codes and access must be checked"
      },
      "geometry": {
        "type": "LineString",
        "coordinates": [
          [
            121.5138358,
            25.0466119
          ],
          [
            121.5138342,
            25.0465581
          ]
        ]
      }
    },
    {
      "type": "Feature",
      "id": 1346858489,
      "properties": {
        "osm_type": "way",
        "osm_id": 1346858489,
        "tags": {
          "highway": "footway"
        },
        "evidence_status": "candidate_only",
        "analysis_ready": false,
        "source": "OpenStreetMap official API tiles retrieved 2026-09-15",
        "geometry_warning": "area boundary, floor codes and access must be checked"
      },
      "geometry": {
        "type": "LineString",
        "coordinates": [
          [
            121.5153888,
            25.0465676
          ],
          [
            121.515492,
            25.046542
          ],
          [
            121.5154875,
            25.0465266
          ],
          [
            121.5153257,
            25.0465661
          ]
        ]
      }
    },
    {
      "type": "Feature",
      "id": 1346858490,
      "properties": {
        "osm_type": "way",
        "osm_id": 1346858490,
        "tags": {
          "highway": "footway"
        },
        "evidence_status": "candidate_only",
        "analysis_ready": false,
        "source": "OpenStreetMap official API tiles retrieved 2026-09-15",
        "geometry_warning": "area boundary, floor codes and access must be checked"
      },
      "geometry": {
        "type": "LineString",
        "coordinates": [
          [
            121.5152884,
            25.0465883
          ],
          [
            121.5153287,
            25.0465782
          ],
          [
            121.5153257,
            25.0465661
          ],
          [
            121.5153202,
            25.046545
          ]
        ]
      }
    },
    {
      "type": "Feature",
      "id": 1346858491,
      "properties": {
        "osm_type": "way",
        "osm_id": 1346858491,
        "tags": {
          "highway": "footway"
        },
        "evidence_status": "candidate_only",
        "analysis_ready": false,
        "source": "OpenStreetMap official API tiles retrieved 2026-09-15",
        "geometry_warning": "area boundary, floor codes and access must be checked"
      },
      "geometry": {
        "type": "LineString",
        "coordinates": [
          [
            121.5146739,
            25.046742
          ],
          [
            121.5147153,
            25.0467322
          ],
          [
            121.5147127,
            25.0467253
          ]
        ]
      }
    },
    {
      "type": "Feature",
      "id": 1346858492,
      "properties": {
        "osm_type": "way",
        "osm_id": 1346858492,
        "tags": {
          "highway": "footway"
        },
        "evidence_status": "candidate_only",
        "analysis_ready": false,
        "source": "OpenStreetMap official API tiles retrieved 2026-09-15",
        "geometry_warning": "area boundary, floor codes and access must be checked"
      },
      "geometry": {
        "type": "LineString",
        "coordinates": [
          [
            121.5157272,
            25.0464818
          ],
          [
            121.5157026,
            25.0464878
          ],
          [
            121.5156943,
            25.0464565
          ]
        ]
      }
    },
    {
      "type": "Feature",
      "id": 1346858496,
      "properties": {
        "osm_type": "way",
        "osm_id": 1346858496,
        "tags": {
          "bicycle": "yes",
          "footway": "sidewalk",
          "highway": "footway"
        },
        "evidence_status": "candidate_only",
        "analysis_ready": false,
        "source": "OpenStreetMap official API tiles retrieved 2026-09-15",
        "geometry_warning": "area boundary, floor codes and access must be checked"
      },
      "geometry": {
        "type": "LineString",
        "coordinates": [
          [
            121.5138585,
            25.0472444
          ],
          [
            121.5135211,
            25.0473289
          ],
          [
            121.5135011,
            25.0473328
          ]
        ]
      }
    },
    {
      "type": "Feature",
      "id": 1434031453,
      "properties": {
        "osm_type": "way",
        "osm_id": 1434031453,
        "tags": {
          "highway": "footway"
        },
        "evidence_status": "candidate_only",
        "analysis_ready": false,
        "source": "OpenStreetMap official API tiles retrieved 2026-09-15",
        "geometry_warning": "area boundary, floor codes and access must be checked"
      },
      "geometry": {
        "type": "LineString",
        "coordinates": [
          [
            121.5195766,
            25.0470981
          ],
          [
            121.5194938,
            25.0471069
          ]
        ]
      }
    },
    {
      "type": "Feature",
      "id": 1434031454,
      "properties": {
        "osm_type": "way",
        "osm_id": 1434031454,
        "tags": {
          "handrail": "yes",
          "highway": "steps",
          "ramp": "no"
        },
        "evidence_status": "candidate_only",
        "analysis_ready": false,
        "source": "OpenStreetMap official API tiles retrieved 2026-09-15",
        "geometry_warning": "area boundary, floor codes and access must be checked"
      },
      "geometry": {
        "type": "LineString",
        "coordinates": [
          [
            121.5195825,
            25.047127
          ],
          [
            121.5195766,
            25.0470981
          ]
        ]
      }
    },
    {
      "type": "Feature",
      "id": 1434031455,
      "properties": {
        "osm_type": "way",
        "osm_id": 1434031455,
        "tags": {
          "highway": "steps",
          "ramp": "no"
        },
        "evidence_status": "candidate_only",
        "analysis_ready": false,
        "source": "OpenStreetMap official API tiles retrieved 2026-09-15",
        "geometry_warning": "area boundary, floor codes and access must be checked"
      },
      "geometry": {
        "type": "LineString",
        "coordinates": [
          [
            121.5193379,
            25.0471684
          ],
          [
            121.5193629,
            25.0470978
          ]
        ]
      }
    },
    {
      "type": "Feature",
      "id": 1434031460,
      "properties": {
        "osm_type": "way",
        "osm_id": 1434031460,
        "tags": {
          "highway": "path"
        },
        "evidence_status": "candidate_only",
        "analysis_ready": false,
        "source": "OpenStreetMap official API tiles retrieved 2026-09-15",
        "geometry_warning": "area boundary, floor codes and access must be checked"
      },
      "geometry": {
        "type": "LineString",
        "coordinates": [
          [
            121.5192765,
            25.0467955
          ],
          [
            121.5192799,
            25.0469131
          ]
        ]
      }
    },
    {
      "type": "Feature",
      "id": 1434031461,
      "properties": {
        "osm_type": "way",
        "osm_id": 1434031461,
        "tags": {
          "highway": "path"
        },
        "evidence_status": "candidate_only",
        "analysis_ready": false,
        "source": "OpenStreetMap official API tiles retrieved 2026-09-15",
        "geometry_warning": "area boundary, floor codes and access must be checked"
      },
      "geometry": {
        "type": "LineString",
        "coordinates": [
          [
            121.5189135,
            25.0465138
          ],
          [
            121.5187307,
            25.0465601
          ]
        ]
      }
    },
    {
      "type": "Feature",
      "id": 1477792952,
      "properties": {
        "osm_type": "way",
        "osm_id": 1477792952,
        "tags": {
          "highway": "footway",
          "level": "0"
        },
        "evidence_status": "candidate_only",
        "analysis_ready": false,
        "source": "OpenStreetMap official API tiles retrieved 2026-09-15",
        "geometry_warning": "area boundary, floor codes and access must be checked"
      },
      "geometry": {
        "type": "LineString",
        "coordinates": [
          [
            121.5179989,
            25.0487237
          ],
          [
            121.5180127,
            25.04879
          ]
        ]
      }
    },
    {
      "type": "Feature",
      "id": 1477792953,
      "properties": {
        "osm_type": "way",
        "osm_id": 1477792953,
        "tags": {
          "highway": "footway",
          "level": "0"
        },
        "evidence_status": "candidate_only",
        "analysis_ready": false,
        "source": "OpenStreetMap official API tiles retrieved 2026-09-15",
        "geometry_warning": "area boundary, floor codes and access must be checked"
      },
      "geometry": {
        "type": "LineString",
        "coordinates": [
          [
            121.5173573,
            25.0488283
          ],
          [
            121.5173696,
            25.0488913
          ]
        ]
      }
    },
    {
      "type": "Feature",
      "id": 1477792954,
      "properties": {
        "osm_type": "way",
        "osm_id": 1477792954,
        "tags": {
          "conveying": "yes",
          "conveying:lanes": "no|forward",
          "highway": "steps",
          "incline": "up",
          "indoor": "yes",
          "layer": "-1",
          "level": "-1;0"
        },
        "evidence_status": "candidate_only",
        "analysis_ready": false,
        "source": "OpenStreetMap official API tiles retrieved 2026-09-15",
        "geometry_warning": "area boundary, floor codes and access must be checked"
      },
      "geometry": {
        "type": "LineString",
        "coordinates": [
          [
            121.5172493,
            25.0489154
          ],
          [
            121.5173706,
            25.0488964
          ]
        ]
      }
    },
    {
      "type": "Feature",
      "id": 1477792955,
      "properties": {
        "osm_type": "way",
        "osm_id": 1477792955,
        "tags": {
          "highway": "footway",
          "level": "0",
          "tunnel": "building_passage"
        },
        "evidence_status": "candidate_only",
        "analysis_ready": false,
        "source": "OpenStreetMap official API tiles retrieved 2026-09-15",
        "geometry_warning": "area boundary, floor codes and access must be checked"
      },
      "geometry": {
        "type": "LineString",
        "coordinates": [
          [
            121.5173696,
            25.0488913
          ],
          [
            121.5173706,
            25.0488964
          ],
          [
            121.5173755,
            25.0489231
          ]
        ]
      }
    },
    {
      "type": "Feature",
      "id": 1477792956,
      "properties": {
        "osm_type": "way",
        "osm_id": 1477792956,
        "tags": {
          "conveying": "yes",
          "conveying:lanes": "no|backward|forward",
          "highway": "steps",
          "incline": "up",
          "indoor": "yes",
          "layer": "-1",
          "level": "-1;0"
        },
        "evidence_status": "candidate_only",
        "analysis_ready": false,
        "source": "OpenStreetMap official API tiles retrieved 2026-09-15",
        "geometry_warning": "area boundary, floor codes and access must be checked"
      },
      "geometry": {
        "type": "LineString",
        "coordinates": [
          [
            121.5179385,
            25.0488107
          ],
          [
            121.5180143,
            25.0487981
          ]
        ]
      }
    },
    {
      "type": "Feature",
      "id": 1477792957,
      "properties": {
        "osm_type": "way",
        "osm_id": 1477792957,
        "tags": {
          "highway": "footway",
          "level": "0",
          "tunnel": "building_passage"
        },
        "evidence_status": "candidate_only",
        "analysis_ready": false,
        "source": "OpenStreetMap official API tiles retrieved 2026-09-15",
        "geometry_warning": "area boundary, floor codes and access must be checked"
      },
      "geometry": {
        "type": "LineString",
        "coordinates": [
          [
            121.5180127,
            25.04879
          ],
          [
            121.5180143,
            25.0487981
          ],
          [
            121.5180178,
            25.0488154
          ]
        ]
      }
    },
    {
      "type": "Feature",
      "id": 1530028348,
      "properties": {
        "osm_type": "way",
        "osm_id": 1530028348,
        "tags": {
          "highway": "footway",
          "level": "0"
        },
        "evidence_status": "candidate_only",
        "analysis_ready": false,
        "source": "OpenStreetMap official API tiles retrieved 2026-09-15",
        "geometry_warning": "area boundary, floor codes and access must be checked"
      },
      "geometry": {
        "type": "LineString",
        "coordinates": [
          [
            121.5166579,
            25.0461823
          ],
          [
            121.5166719,
            25.0462257
          ]
        ]
      }
    },
    {
      "type": "Feature",
      "id": 1530028349,
      "properties": {
        "osm_type": "way",
        "osm_id": 1530028349,
        "tags": {
          "highway": "footway",
          "level": "0"
        },
        "evidence_status": "candidate_only",
        "analysis_ready": false,
        "source": "OpenStreetMap official API tiles retrieved 2026-09-15",
        "geometry_warning": "area boundary, floor codes and access must be checked"
      },
      "geometry": {
        "type": "LineString",
        "coordinates": [
          [
            121.5168062,
            25.0461142
          ],
          [
            121.5168281,
            25.0461869
          ]
        ]
      }
    },
    {
      "type": "Feature",
      "id": 1530028350,
      "properties": {
        "osm_type": "way",
        "osm_id": 1530028350,
        "tags": {
          "highway": "steps",
          "incline": "up",
          "indoor": "yes",
          "layer": "-1",
          "level": "-1;0"
        },
        "evidence_status": "candidate_only",
        "analysis_ready": false,
        "source": "OpenStreetMap official API tiles retrieved 2026-09-15",
        "geometry_warning": "area boundary, floor codes and access must be checked"
      },
      "geometry": {
        "type": "LineString",
        "coordinates": [
          [
            121.5166382,
            25.0461218
          ],
          [
            121.5166579,
            25.0461823
          ]
        ]
      }
    },
    {
      "type": "Feature",
      "id": 1559005268,
      "properties": {
        "osm_type": "way",
        "osm_id": 1559005268,
        "tags": {
          "footway": "sidewalk",
          "highway": "footway"
        },
        "evidence_status": "candidate_only",
        "analysis_ready": false,
        "source": "OpenStreetMap official API tiles retrieved 2026-09-15",
        "geometry_warning": "area boundary, floor codes and access must be checked"
      },
      "geometry": {
        "type": "LineString",
        "coordinates": [
          [
            121.5164513,
            25.0484209
          ],
          [
            121.5164898,
            25.0484141
          ],
          [
            121.5165688,
            25.0484002
          ],
          [
            121.5167223,
            25.0483744
          ],
          [
            121.5167698,
            25.0483663
          ],
          [
            121.5172349,
            25.048288
          ],
          [
            121.5177108,
            25.0482079
          ],
          [
            121.5180021,
            25.0481588
          ],
          [
            121.5180349,
            25.0481521
          ]
        ]
      }
    },
    {
      "type": "Feature",
      "id": 1559005269,
      "properties": {
        "osm_type": "way",
        "osm_id": 1559005269,
        "tags": {
          "footway": "sidewalk",
          "highway": "footway"
        },
        "evidence_status": "candidate_only",
        "analysis_ready": false,
        "source": "OpenStreetMap official API tiles retrieved 2026-09-15",
        "geometry_warning": "area boundary, floor codes and access must be checked"
      },
      "geometry": {
        "type": "LineString",
        "coordinates": [
          [
            121.5180349,
            25.0481521
          ],
          [
            121.5179747,
            25.0478712
          ],
          [
            121.517971,
            25.047854
          ],
          [
            121.5179125,
            25.0475813
          ],
          [
            121.5179114,
            25.0475758
          ],
          [
            121.5178584,
            25.0473288
          ],
          [
            121.5177914,
            25.0470161
          ],
          [
            121.5177891,
            25.0470079
          ]
        ]
      }
    },
    {
      "type": "Feature",
      "id": 1559005270,
      "properties": {
        "osm_type": "way",
        "osm_id": 1559005270,
        "tags": {
          "footway": "sidewalk",
          "highway": "footway"
        },
        "evidence_status": "candidate_only",
        "analysis_ready": false,
        "source": "OpenStreetMap official API tiles retrieved 2026-09-15",
        "geometry_warning": "area boundary, floor codes and access must be checked"
      },
      "geometry": {
        "type": "LineString",
        "coordinates": [
          [
            121.5177891,
            25.0470079
          ],
          [
            121.5175389,
            25.0470522
          ],
          [
            121.5174196,
            25.0470733
          ],
          [
            121.5172127,
            25.0471099
          ],
          [
            121.5169937,
            25.0471486
          ],
          [
            121.5168868,
            25.0471675
          ],
          [
            121.5167195,
            25.0471971
          ],
          [
            121.5166657,
            25.0472067
          ],
          [
            121.5165277,
            25.0472311
          ],
          [
            121.5162164,
            25.0472862
          ],
          [
            121.516138,
            25.0473
          ]
        ]
      }
    },
    {
      "type": "Feature",
      "id": 1559005271,
      "properties": {
        "osm_type": "way",
        "osm_id": 1559005271,
        "tags": {
          "footway": "sidewalk",
          "highway": "footway"
        },
        "evidence_status": "candidate_only",
        "analysis_ready": false,
        "source": "OpenStreetMap official API tiles retrieved 2026-09-15",
        "geometry_warning": "area boundary, floor codes and access must be checked"
      },
      "geometry": {
        "type": "LineString",
        "coordinates": [
          [
            121.5162164,
            25.0472862
          ],
          [
            121.5162476,
            25.0474366
          ],
          [
            121.5162768,
            25.0475778
          ],
          [
            121.5163336,
            25.047852
          ],
          [
            121.5163904,
            25.0481268
          ],
          [
            121.5164513,
            25.0484209
          ]
        ]
      }
    },
    {
      "type": "Feature",
      "id": 1559005272,
      "properties": {
        "osm_type": "way",
        "osm_id": 1559005272,
        "tags": {
          "footway": "sidewalk",
          "highway": "footway"
        },
        "evidence_status": "candidate_only",
        "analysis_ready": false,
        "source": "OpenStreetMap official API tiles retrieved 2026-09-15",
        "geometry_warning": "area boundary, floor codes and access must be checked"
      },
      "geometry": {
        "type": "LineString",
        "coordinates": [
          [
            121.5162903,
            25.0475754
          ],
          [
            121.5162768,
            25.0475778
          ]
        ]
      }
    },
    {
      "type": "Feature",
      "id": 1559005273,
      "properties": {
        "osm_type": "way",
        "osm_id": 1559005273,
        "tags": {
          "footway": "sidewalk",
          "highway": "footway"
        },
        "evidence_status": "candidate_only",
        "analysis_ready": false,
        "source": "OpenStreetMap official API tiles retrieved 2026-09-15",
        "geometry_warning": "area boundary, floor codes and access must be checked"
      },
      "geometry": {
        "type": "LineString",
        "coordinates": [
          [
            121.5163475,
            25.0478502
          ],
          [
            121.5163336,
            25.047852
          ]
        ]
      }
    },
    {
      "type": "Feature",
      "id": 1559005274,
      "properties": {
        "osm_type": "way",
        "osm_id": 1559005274,
        "tags": {
          "footway": "sidewalk",
          "highway": "footway"
        },
        "evidence_status": "candidate_only",
        "analysis_ready": false,
        "source": "OpenStreetMap official API tiles retrieved 2026-09-15",
        "geometry_warning": "area boundary, floor codes and access must be checked"
      },
      "geometry": {
        "type": "LineString",
        "coordinates": [
          [
            121.5164048,
            25.0481248
          ],
          [
            121.5163904,
            25.0481268
          ]
        ]
      }
    },
    {
      "type": "Feature",
      "id": 1559005275,
      "properties": {
        "osm_type": "way",
        "osm_id": 1559005275,
        "tags": {
          "footway": "sidewalk",
          "highway": "footway"
        },
        "evidence_status": "candidate_only",
        "analysis_ready": false,
        "source": "OpenStreetMap official API tiles retrieved 2026-09-15",
        "geometry_warning": "area boundary, floor codes and access must be checked"
      },
      "geometry": {
        "type": "LineString",
        "coordinates": [
          [
            121.5165284,
            25.047235
          ],
          [
            121.5165277,
            25.0472311
          ]
        ]
      }
    },
    {
      "type": "Feature",
      "id": 1559005276,
      "properties": {
        "osm_type": "way",
        "osm_id": 1559005276,
        "tags": {
          "footway": "sidewalk",
          "highway": "footway"
        },
        "evidence_status": "candidate_only",
        "analysis_ready": false,
        "source": "OpenStreetMap official API tiles retrieved 2026-09-15",
        "geometry_warning": "area boundary, floor codes and access must be checked"
      },
      "geometry": {
        "type": "LineString",
        "coordinates": [
          [
            121.5169937,
            25.0471486
          ],
          [
            121.5169949,
            25.0471552
          ]
        ]
      }
    },
    {
      "type": "Feature",
      "id": 1559005277,
      "properties": {
        "osm_type": "way",
        "osm_id": 1559005277,
        "tags": {
          "footway": "sidewalk",
          "highway": "footway"
        },
        "evidence_status": "candidate_only",
        "analysis_ready": false,
        "source": "OpenStreetMap official API tiles retrieved 2026-09-15",
        "geometry_warning": "area boundary, floor codes and access must be checked"
      },
      "geometry": {
        "type": "LineString",
        "coordinates": [
          [
            121.5174196,
            25.0470733
          ],
          [
            121.5174216,
            25.0470823
          ]
        ]
      }
    },
    {
      "type": "Feature",
      "id": 1559005278,
      "properties": {
        "osm_type": "way",
        "osm_id": 1559005278,
        "tags": {
          "footway": "sidewalk",
          "highway": "footway"
        },
        "evidence_status": "candidate_only",
        "analysis_ready": false,
        "source": "OpenStreetMap official API tiles retrieved 2026-09-15",
        "geometry_warning": "area boundary, floor codes and access must be checked"
      },
      "geometry": {
        "type": "LineString",
        "coordinates": [
          [
            121.5178584,
            25.0473288
          ],
          [
            121.5178288,
            25.0473339
          ]
        ]
      }
    },
    {
      "type": "Feature",
      "id": 1559005279,
      "properties": {
        "osm_type": "way",
        "osm_id": 1559005279,
        "tags": {
          "footway": "sidewalk",
          "highway": "footway"
        },
        "evidence_status": "candidate_only",
        "analysis_ready": false,
        "source": "OpenStreetMap official API tiles retrieved 2026-09-15",
        "geometry_warning": "area boundary, floor codes and access must be checked"
      },
      "geometry": {
        "type": "LineString",
        "coordinates": [
          [
            121.5179125,
            25.0475813
          ],
          [
            121.5178936,
            25.0475846
          ],
          [
            121.5178814,
            25.0475867
          ]
        ]
      }
    },
    {
      "type": "Feature",
      "id": 1559005280,
      "properties": {
        "osm_type": "way",
        "osm_id": 1559005280,
        "tags": {
          "footway": "sidewalk",
          "highway": "footway"
        },
        "evidence_status": "candidate_only",
        "analysis_ready": false,
        "source": "OpenStreetMap official API tiles retrieved 2026-09-15",
        "geometry_warning": "area boundary, floor codes and access must be checked"
      },
      "geometry": {
        "type": "LineString",
        "coordinates": [
          [
            121.5179747,
            25.0478712
          ],
          [
            121.517942,
            25.0478772
          ]
        ]
      }
    },
    {
      "type": "Feature",
      "id": 1559005281,
      "properties": {
        "osm_type": "way",
        "osm_id": 1559005281,
        "tags": {
          "footway": "sidewalk",
          "highway": "footway"
        },
        "evidence_status": "candidate_only",
        "analysis_ready": false,
        "source": "OpenStreetMap official API tiles retrieved 2026-09-15",
        "geometry_warning": "area boundary, floor codes and access must be checked"
      },
      "geometry": {
        "type": "LineString",
        "coordinates": [
          [
            121.5177108,
            25.0482079
          ],
          [
            121.5177089,
            25.0481982
          ]
        ]
      }
    },
    {
      "type": "Feature",
      "id": 1559005282,
      "properties": {
        "osm_type": "way",
        "osm_id": 1559005282,
        "tags": {
          "footway": "sidewalk",
          "highway": "footway"
        },
        "evidence_status": "candidate_only",
        "analysis_ready": false,
        "source": "OpenStreetMap official API tiles retrieved 2026-09-15",
        "geometry_warning": "area boundary, floor codes and access must be checked"
      },
      "geometry": {
        "type": "LineString",
        "coordinates": [
          [
            121.5172335,
            25.0482797
          ],
          [
            121.5172349,
            25.048288
          ]
        ]
      }
    },
    {
      "type": "Feature",
      "id": 1559005283,
      "properties": {
        "osm_type": "way",
        "osm_id": 1559005283,
        "tags": {
          "footway": "sidewalk",
          "highway": "footway"
        },
        "evidence_status": "candidate_only",
        "analysis_ready": false,
        "source": "OpenStreetMap official API tiles retrieved 2026-09-15",
        "geometry_warning": "area boundary, floor codes and access must be checked"
      },
      "geometry": {
        "type": "LineString",
        "coordinates": [
          [
            121.5167698,
            25.0483663
          ],
          [
            121.516769,
            25.048359
          ]
        ]
      }
    },
    {
      "type": "Feature",
      "id": 1559005284,
      "properties": {
        "osm_type": "way",
        "osm_id": 1559005284,
        "tags": {
          "footway": "sidewalk",
          "highway": "footway"
        },
        "evidence_status": "candidate_only",
        "analysis_ready": false,
        "source": "OpenStreetMap official API tiles retrieved 2026-09-15",
        "geometry_warning": "area boundary, floor codes and access must be checked"
      },
      "geometry": {
        "type": "LineString",
        "coordinates": [
          [
            121.5167243,
            25.0483852
          ],
          [
            121.5167223,
            25.0483744
          ]
        ]
      }
    },
    {
      "type": "Feature",
      "id": 1559005285,
      "properties": {
        "osm_type": "way",
        "osm_id": 1559005285,
        "tags": {
          "footway": "sidewalk",
          "highway": "footway"
        },
        "evidence_status": "candidate_only",
        "analysis_ready": false,
        "source": "OpenStreetMap official API tiles retrieved 2026-09-15",
        "geometry_warning": "area boundary, floor codes and access must be checked"
      },
      "geometry": {
        "type": "LineString",
        "coordinates": [
          [
            121.5164542,
            25.0484345
          ],
          [
            121.5164758,
            25.0485369
          ]
        ]
      }
    },
    {
      "type": "Feature",
      "id": 1559005286,
      "properties": {
        "osm_type": "way",
        "osm_id": 1559005286,
        "tags": {
          "highway": "steps",
          "incline": "down"
        },
        "evidence_status": "candidate_only",
        "analysis_ready": false,
        "source": "OpenStreetMap official API tiles retrieved 2026-09-15",
        "geometry_warning": "area boundary, floor codes and access must be checked"
      },
      "geometry": {
        "type": "LineString",
        "coordinates": [
          [
            121.5164513,
            25.0484209
          ],
          [
            121.5164542,
            25.0484345
          ]
        ]
      }
    },
    {
      "type": "Feature",
      "id": 1559005287,
      "properties": {
        "osm_type": "way",
        "osm_id": 1559005287,
        "tags": {
          "footway": "sidewalk",
          "highway": "footway"
        },
        "evidence_status": "candidate_only",
        "analysis_ready": false,
        "source": "OpenStreetMap official API tiles retrieved 2026-09-15",
        "geometry_warning": "area boundary, floor codes and access must be checked"
      },
      "geometry": {
        "type": "LineString",
        "coordinates": [
          [
            121.5164792,
            25.0485529
          ],
          [
            121.5164825,
            25.0485689
          ]
        ]
      }
    },
    {
      "type": "Feature",
      "id": 1559005288,
      "properties": {
        "osm_type": "way",
        "osm_id": 1559005288,
        "tags": {
          "highway": "steps",
          "incline": "down"
        },
        "evidence_status": "candidate_only",
        "analysis_ready": false,
        "source": "OpenStreetMap official API tiles retrieved 2026-09-15",
        "geometry_warning": "area boundary, floor codes and access must be checked"
      },
      "geometry": {
        "type": "LineString",
        "coordinates": [
          [
            121.5164758,
            25.0485369
          ],
          [
            121.5164792,
            25.0485529
          ]
        ]
      }
    },
    {
      "type": "Feature",
      "id": 1559006380,
      "properties": {
        "osm_type": "way",
        "osm_id": 1559006380,
        "tags": {
          "footway": "sidewalk",
          "highway": "footway",
          "surface": "asphalt"
        },
        "evidence_status": "candidate_only",
        "analysis_ready": false,
        "source": "OpenStreetMap official API tiles retrieved 2026-09-15",
        "geometry_warning": "area boundary, floor codes and access must be checked"
      },
      "geometry": {
        "type": "LineString",
        "coordinates": [
          [
            121.5162476,
            25.0474366
          ],
          [
            121.5161734,
            25.047445
          ]
        ]
      }
    },
    {
      "type": "Feature",
      "id": 1559006381,
      "properties": {
        "osm_type": "way",
        "osm_id": 1559006381,
        "tags": {
          "crossing": "zebra",
          "crossing:markings": "zebra",
          "footway": "crossing",
          "highway": "footway",
          "surface": "asphalt"
        },
        "evidence_status": "candidate_only",
        "analysis_ready": false,
        "source": "OpenStreetMap official API tiles retrieved 2026-09-15",
        "geometry_warning": "area boundary, floor codes and access must be checked"
      },
      "geometry": {
        "type": "LineString",
        "coordinates": [
          [
            121.5161734,
            25.047445
          ],
          [
            121.5161498,
            25.0474479
          ],
          [
            121.5161257,
            25.0474507
          ]
        ]
      }
    },
    {
      "type": "Feature",
      "id": 1559006382,
      "properties": {
        "osm_type": "way",
        "osm_id": 1559006382,
        "tags": {
          "footway": "sidewalk",
          "highway": "footway",
          "surface": "asphalt"
        },
        "evidence_status": "candidate_only",
        "analysis_ready": false,
        "source": "OpenStreetMap official API tiles retrieved 2026-09-15",
        "geometry_warning": "area boundary, floor codes and access must be checked"
      },
      "geometry": {
        "type": "LineString",
        "coordinates": [
          [
            121.5160273,
            25.0473622
          ],
          [
            121.5160293,
            25.0473218
          ],
          [
            121.5160929,
            25.0473087
          ]
        ]
      }
    },
    {
      "type": "Feature",
      "id": 1559006383,
      "properties": {
        "osm_type": "way",
        "osm_id": 1559006383,
        "tags": {
          "crossing": "zebra",
          "crossing:markings": "zebra",
          "footway": "crossing",
          "highway": "footway",
          "surface": "asphalt"
        },
        "evidence_status": "candidate_only",
        "analysis_ready": false,
        "source": "OpenStreetMap official API tiles retrieved 2026-09-15",
        "geometry_warning": "area boundary, floor codes and access must be checked"
      },
      "geometry": {
        "type": "LineString",
        "coordinates": [
          [
            121.5160256,
            25.0473952
          ],
          [
            121.5160273,
            25.0473622
          ]
        ]
      }
    },
    {
      "type": "Feature",
      "id": 1559006384,
      "properties": {
        "osm_type": "way",
        "osm_id": 1559006384,
        "tags": {
          "crossing": "zebra",
          "crossing:markings": "zebra",
          "footway": "crossing",
          "highway": "footway",
          "surface": "asphalt"
        },
        "evidence_status": "candidate_only",
        "analysis_ready": false,
        "source": "OpenStreetMap official API tiles retrieved 2026-09-15",
        "geometry_warning": "area boundary, floor codes and access must be checked"
      },
      "geometry": {
        "type": "LineString",
        "coordinates": [
          [
            121.5160929,
            25.0473087
          ],
          [
            121.516115,
            25.0473044
          ],
          [
            121.516138,
            25.0473
          ]
        ]
      }
    },
    {
      "type": "Feature",
      "id": 251731717,
      "properties": {
        "osm_type": "way",
        "osm_id": 251731717,
        "tags": {
          "area": "yes",
          "description": "台北當代藝術館前廣場",
          "highway": "pedestrian",
          "lit": "yes",
          "surface": "paving_stones"
        },
        "evidence_status": "candidate_only",
        "analysis_ready": false,
        "source": "OpenStreetMap official API tiles retrieved 2026-09-15",
        "geometry_warning": "area boundary, floor codes and access must be checked"
      },
      "geometry": {
        "type": "LineString",
        "coordinates": [
          [
            121.5183519,
            25.0506534
          ],
          [
            121.5183555,
            25.0506663
          ],
          [
            121.5183987,
            25.0508214
          ],
          [
            121.5195942,
            25.0505478
          ],
          [
            121.5195515,
            25.0503946
          ],
          [
            121.5195474,
            25.0503798
          ],
          [
            121.5195214,
            25.0503857
          ],
          [
            121.5183519,
            25.0506534
          ]
        ]
      }
    },
    {
      "type": "Feature",
      "id": 431665416,
      "properties": {
        "osm_type": "way",
        "osm_id": 431665416,
        "tags": {
          "highway": "footway",
          "name": "太原路22巷"
        },
        "evidence_status": "candidate_only",
        "analysis_ready": false,
        "source": "OpenStreetMap official API tiles retrieved 2026-09-15",
        "geometry_warning": "area boundary, floor codes and access must be checked"
      },
      "geometry": {
        "type": "LineString",
        "coordinates": [
          [
            121.5150623,
            25.0498372
          ],
          [
            121.5147015,
            25.0499199
          ],
          [
            121.5146463,
            25.0498731
          ]
        ]
      }
    },
    {
      "type": "Feature",
      "id": 431665419,
      "properties": {
        "osm_type": "way",
        "osm_id": 431665419,
        "tags": {
          "highway": "footway",
          "name": "重慶北路一段27巷"
        },
        "evidence_status": "candidate_only",
        "analysis_ready": false,
        "source": "OpenStreetMap official API tiles retrieved 2026-09-15",
        "geometry_warning": "area boundary, floor codes and access must be checked"
      },
      "geometry": {
        "type": "LineString",
        "coordinates": [
          [
            121.5136827,
            25.0504786
          ],
          [
            121.5139666,
            25.0504302
          ],
          [
            121.5140793,
            25.0502929
          ],
          [
            121.5142368,
            25.0499717
          ]
        ]
      }
    },
    {
      "type": "Feature",
      "id": 490391074,
      "properties": {
        "osm_type": "way",
        "osm_id": 490391074,
        "tags": {
          "description": "防火巷",
          "highway": "path"
        },
        "evidence_status": "candidate_only",
        "analysis_ready": false,
        "source": "OpenStreetMap official API tiles retrieved 2026-09-15",
        "geometry_warning": "area boundary, floor codes and access must be checked"
      },
      "geometry": {
        "type": "LineString",
        "coordinates": [
          [
            121.5197923,
            25.0490165
          ],
          [
            121.5195636,
            25.0490692
          ]
        ]
      }
    },
    {
      "type": "Feature",
      "id": 509045704,
      "properties": {
        "osm_type": "way",
        "osm_id": 509045704,
        "tags": {
          "highway": "path",
          "surface": "asphalt"
        },
        "evidence_status": "candidate_only",
        "analysis_ready": false,
        "source": "OpenStreetMap official API tiles retrieved 2026-09-15",
        "geometry_warning": "area boundary, floor codes and access must be checked"
      },
      "geometry": {
        "type": "LineString",
        "coordinates": [
          [
            121.5165297,
            25.0510044
          ],
          [
            121.5163905,
            25.0505618
          ]
        ]
      }
    },
    {
      "type": "Feature",
      "id": 516107416,
      "properties": {
        "osm_type": "way",
        "osm_id": 516107416,
        "tags": {
          "highway": "path",
          "name": "華陰街227巷",
          "surface": "asphalt"
        },
        "evidence_status": "candidate_only",
        "analysis_ready": false,
        "source": "OpenStreetMap official API tiles retrieved 2026-09-15",
        "geometry_warning": "area boundary, floor codes and access must be checked"
      },
      "geometry": {
        "type": "LineString",
        "coordinates": [
          [
            121.5140165,
            25.0505615
          ],
          [
            121.5141213,
            25.0508878
          ],
          [
            121.5141186,
            25.0509267
          ],
          [
            121.5141435,
            25.0510137
          ]
        ]
      }
    },
    {
      "type": "Feature",
      "id": 516107418,
      "properties": {
        "osm_type": "way",
        "osm_id": 516107418,
        "tags": {
          "highway": "path",
          "name": "華陰街90巷",
          "surface": "paving_stones"
        },
        "evidence_status": "candidate_only",
        "analysis_ready": false,
        "source": "OpenStreetMap official API tiles retrieved 2026-09-15",
        "geometry_warning": "area boundary, floor codes and access must be checked"
      },
      "geometry": {
        "type": "LineString",
        "coordinates": [
          [
            121.5140793,
            25.0502929
          ],
          [
            121.5141267,
            25.0503593
          ],
          [
            121.5141772,
            25.0505242
          ]
        ]
      }
    },
    {
      "type": "Feature",
      "id": 516107420,
      "properties": {
        "osm_type": "way",
        "osm_id": 516107420,
        "tags": {
          "highway": "path",
          "surface": "asphalt"
        },
        "evidence_status": "candidate_only",
        "analysis_ready": false,
        "source": "OpenStreetMap official API tiles retrieved 2026-09-15",
        "geometry_warning": "area boundary, floor codes and access must be checked"
      },
      "geometry": {
        "type": "LineString",
        "coordinates": [
          [
            121.5162886,
            25.0501965
          ],
          [
            121.5164078,
            25.0505583
          ]
        ]
      }
    },
    {
      "type": "Feature",
      "id": 541487636,
      "properties": {
        "osm_type": "way",
        "osm_id": 541487636,
        "tags": {
          "bicycle": "yes",
          "crossing": "zebra",
          "footway": "crossing",
          "highway": "footway",
          "surface": "asphalt"
        },
        "evidence_status": "candidate_only",
        "analysis_ready": false,
        "source": "OpenStreetMap official API tiles retrieved 2026-09-15",
        "geometry_warning": "area boundary, floor codes and access must be checked"
      },
      "geometry": {
        "type": "LineString",
        "coordinates": [
          [
            121.5168326,
            25.0508314
          ],
          [
            121.5169246,
            25.0508098
          ],
          [
            121.5169866,
            25.0507923
          ],
          [
            121.5170727,
            25.0507809
          ],
          [
            121.5171991,
            25.0507512
          ],
          [
            121.5172311,
            25.0507691
          ],
          [
            121.5172546,
            25.0508447
          ],
          [
            121.5172756,
            25.0509116
          ]
        ]
      }
    },
    {
      "type": "Feature",
      "id": 541487637,
      "properties": {
        "osm_type": "way",
        "osm_id": 541487637,
        "tags": {
          "bicycle": "yes",
          "crossing": "zebra",
          "footway": "crossing",
          "highway": "footway",
          "surface": "asphalt"
        },
        "evidence_status": "candidate_only",
        "analysis_ready": false,
        "source": "OpenStreetMap official API tiles retrieved 2026-09-15",
        "geometry_warning": "area boundary, floor codes and access must be checked"
      },
      "geometry": {
        "type": "LineString",
        "coordinates": [
          [
            121.5168773,
            25.0510069
          ],
          [
            121.5169742,
            25.0509828
          ],
          [
            121.5171476,
            25.0509465
          ],
          [
            121.5172756,
            25.0509116
          ]
        ]
      }
    },
    {
      "type": "Feature",
      "id": 541487638,
      "properties": {
        "osm_type": "way",
        "osm_id": 541487638,
        "tags": {
          "bicycle": "yes",
          "crossing": "zebra",
          "footway": "crossing",
          "highway": "footway",
          "surface": "asphalt"
        },
        "evidence_status": "candidate_only",
        "analysis_ready": false,
        "source": "OpenStreetMap official API tiles retrieved 2026-09-15",
        "geometry_warning": "area boundary, floor codes and access must be checked"
      },
      "geometry": {
        "type": "LineString",
        "coordinates": [
          [
            121.5165018,
            25.0496133
          ],
          [
            121.5165924,
            25.0495968
          ],
          [
            121.5167391,
            25.0495649
          ],
          [
            121.5168739,
            25.0495356
          ]
        ]
      }
    },
    {
      "type": "Feature",
      "id": 541487640,
      "properties": {
        "osm_type": "way",
        "osm_id": 541487640,
        "tags": {
          "bicycle": "yes",
          "crossing": "zebra",
          "footway": "crossing",
          "highway": "footway",
          "surface": "asphalt"
        },
        "evidence_status": "candidate_only",
        "analysis_ready": false,
        "source": "OpenStreetMap official API tiles retrieved 2026-09-15",
        "geometry_warning": "area boundary, floor codes and access must be checked"
      },
      "geometry": {
        "type": "LineString",
        "coordinates": [
          [
            121.5165969,
            25.0500343
          ],
          [
            121.5167054,
            25.0500072
          ],
          [
            121.5167689,
            25.0499916
          ],
          [
            121.5168503,
            25.0499715
          ],
          [
            121.5169564,
            25.0499432
          ]
        ]
      }
    },
    {
      "type": "Feature",
      "id": 541487642,
      "properties": {
        "osm_type": "way",
        "osm_id": 541487642,
        "tags": {
          "bicycle": "yes",
          "crossing": "zebra",
          "footway": "crossing",
          "highway": "footway",
          "surface": "asphalt"
        },
        "evidence_status": "candidate_only",
        "analysis_ready": false,
        "source": "OpenStreetMap official API tiles retrieved 2026-09-15",
        "geometry_warning": "area boundary, floor codes and access must be checked"
      },
      "geometry": {
        "type": "LineString",
        "coordinates": [
          [
            121.516825,
            25.0509814
          ],
          [
            121.5168095,
            25.0509453
          ],
          [
            121.5167914,
            25.0508793
          ]
        ]
      }
    },
    {
      "type": "Feature",
      "id": 541487644,
      "properties": {
        "osm_type": "way",
        "osm_id": 541487644,
        "tags": {
          "bicycle": "yes",
          "footway": "sidewalk",
          "highway": "footway",
          "surface": "paving_stones"
        },
        "evidence_status": "candidate_only",
        "analysis_ready": false,
        "source": "OpenStreetMap official API tiles retrieved 2026-09-15",
        "geometry_warning": "area boundary, floor codes and access must be checked"
      },
      "geometry": {
        "type": "LineString",
        "coordinates": [
          [
            121.5174808,
            25.0531678
          ],
          [
            121.5174761,
            25.053144
          ],
          [
            121.5174378,
            25.0530091
          ],
          [
            121.5174479,
            25.0530084
          ],
          [
            121.5174057,
            25.0528648
          ],
          [
            121.5172737,
            25.0523997
          ],
          [
            121.5171535,
            25.0519557
          ],
          [
            121.5171307,
            25.0518586
          ],
          [
            121.5170312,
            25.051543
          ],
          [
            121.5168773,
            25.0510069
          ],
          [
            121.516825,
            25.0509814
          ]
        ]
      }
    },
    {
      "type": "Feature",
      "id": 548348535,
      "properties": {
        "osm_type": "way",
        "osm_id": 548348535,
        "tags": {
          "highway": "pedestrian",
          "lanes": "1",
          "name": "長安西路52巷",
          "oneway": "yes",
          "surface": "asphalt"
        },
        "evidence_status": "candidate_only",
        "analysis_ready": false,
        "source": "OpenStreetMap official API tiles retrieved 2026-09-15",
        "geometry_warning": "area boundary, floor codes and access must be checked"
      },
      "geometry": {
        "type": "LineString",
        "coordinates": [
          [
            121.5197455,
            25.0496944
          ],
          [
            121.5197252,
            25.0496639
          ],
          [
            121.5196091,
            25.0495177
          ],
          [
            121.5194711,
            25.0493478
          ],
          [
            121.5194281,
            25.0492965
          ]
        ]
      }
    },
    {
      "type": "Feature",
      "id": 609441718,
      "properties": {
        "osm_type": "way",
        "osm_id": 609441718,
        "tags": {
          "footway": "sidewalk",
          "highway": "footway",
          "surface": "paving_stones"
        },
        "evidence_status": "candidate_only",
        "analysis_ready": false,
        "source": "OpenStreetMap official API tiles retrieved 2026-09-15",
        "geometry_warning": "area boundary, floor codes and access must be checked"
      },
      "geometry": {
        "type": "LineString",
        "coordinates": [
          [
            121.5169564,
            25.0499432
          ],
          [
            121.5169778,
            25.0498904
          ]
        ]
      }
    },
    {
      "type": "Feature",
      "id": 609441719,
      "properties": {
        "osm_type": "way",
        "osm_id": 609441719,
        "tags": {
          "footway": "sidewalk",
          "highway": "footway",
          "surface": "paving_stones"
        },
        "evidence_status": "candidate_only",
        "analysis_ready": false,
        "source": "OpenStreetMap official API tiles retrieved 2026-09-15",
        "geometry_warning": "area boundary, floor codes and access must be checked"
      },
      "geometry": {
        "type": "LineString",
        "coordinates": [
          [
            121.5169155,
            25.0496887
          ],
          [
            121.5169584,
            25.0498242
          ]
        ]
      }
    },
    {
      "type": "Feature",
      "id": 609441720,
      "properties": {
        "osm_type": "way",
        "osm_id": 609441720,
        "tags": {
          "crossing": "zebra",
          "footway": "crossing",
          "highway": "footway",
          "surface": "asphalt"
        },
        "evidence_status": "candidate_only",
        "analysis_ready": false,
        "source": "OpenStreetMap official API tiles retrieved 2026-09-15",
        "geometry_warning": "area boundary, floor codes and access must be checked"
      },
      "geometry": {
        "type": "LineString",
        "coordinates": [
          [
            121.5169584,
            25.0498242
          ],
          [
            121.5169674,
            25.0498547
          ],
          [
            121.5169778,
            25.0498904
          ]
        ]
      }
    },
    {
      "type": "Feature",
      "id": 609441721,
      "properties": {
        "osm_type": "way",
        "osm_id": 609441721,
        "tags": {
          "crossing": "zebra",
          "footway": "crossing",
          "highway": "footway",
          "surface": "asphalt"
        },
        "evidence_status": "candidate_only",
        "analysis_ready": false,
        "source": "OpenStreetMap official API tiles retrieved 2026-09-15",
        "geometry_warning": "area boundary, floor codes and access must be checked"
      },
      "geometry": {
        "type": "LineString",
        "coordinates": [
          [
            121.5168739,
            25.0495356
          ],
          [
            121.5168983,
            25.0496232
          ],
          [
            121.5169155,
            25.0496887
          ]
        ]
      }
    },
    {
      "type": "Feature",
      "id": 629155160,
      "properties": {
        "osm_type": "way",
        "osm_id": 629155160,
        "tags": {
          "highway": "path",
          "name": "長安西路40巷10弄"
        },
        "evidence_status": "candidate_only",
        "analysis_ready": false,
        "source": "OpenStreetMap official API tiles retrieved 2026-09-15",
        "geometry_warning": "area boundary, floor codes and access must be checked"
      },
      "geometry": {
        "type": "LineString",
        "coordinates": [
          [
            121.5202543,
            25.0492815
          ],
          [
            121.5200504,
            25.0493299
          ],
          [
            121.5197476,
            25.0494008
          ]
        ]
      }
    },
    {
      "type": "Feature",
      "id": 629155161,
      "properties": {
        "osm_type": "way",
        "osm_id": 629155161,
        "tags": {
          "highway": "path",
          "name": "長安西路40巷8弄"
        },
        "evidence_status": "candidate_only",
        "analysis_ready": false,
        "source": "OpenStreetMap official API tiles retrieved 2026-09-15",
        "geometry_warning": "area boundary, floor codes and access must be checked"
      },
      "geometry": {
        "type": "LineString",
        "coordinates": [
          [
            121.5202817,
            25.0493953
          ],
          [
            121.5198375,
            25.0495159
          ]
        ]
      }
    },
    {
      "type": "Feature",
      "id": 629155162,
      "properties": {
        "osm_type": "way",
        "osm_id": 629155162,
        "tags": {
          "highway": "path",
          "name": "長安西路40巷6弄"
        },
        "evidence_status": "candidate_only",
        "analysis_ready": false,
        "source": "OpenStreetMap official API tiles retrieved 2026-09-15",
        "geometry_warning": "area boundary, floor codes and access must be checked"
      },
      "geometry": {
        "type": "LineString",
        "coordinates": [
          [
            121.5203066,
            25.0495125
          ],
          [
            121.5199035,
            25.0496141
          ]
        ]
      }
    },
    {
      "type": "Feature",
      "id": 824835963,
      "properties": {
        "osm_type": "way",
        "osm_id": 824835963,
        "tags": {
          "footway": "crossing",
          "highway": "footway",
          "lit": "yes",
          "surface": "asphalt"
        },
        "evidence_status": "candidate_only",
        "analysis_ready": false,
        "source": "OpenStreetMap official API tiles retrieved 2026-09-15",
        "geometry_warning": "area boundary, floor codes and access must be checked"
      },
      "geometry": {
        "type": "LineString",
        "coordinates": [
          [
            121.5199185,
            25.0501478
          ],
          [
            121.5199378,
            25.0502234
          ],
          [
            121.5199548,
            25.0502902
          ]
        ]
      }
    },
    {
      "type": "Feature",
      "id": 824835964,
      "properties": {
        "osm_type": "way",
        "osm_id": 824835964,
        "tags": {
          "footway": "crossing",
          "highway": "footway"
        },
        "evidence_status": "candidate_only",
        "analysis_ready": false,
        "source": "OpenStreetMap official API tiles retrieved 2026-09-15",
        "geometry_warning": "area boundary, floor codes and access must be checked"
      },
      "geometry": {
        "type": "LineString",
        "coordinates": [
          [
            121.5195928,
            25.0502241
          ],
          [
            121.5196154,
            25.0502981
          ],
          [
            121.5196346,
            25.0503704
          ]
        ]
      }
    },
    {
      "type": "Feature",
      "id": 824835965,
      "properties": {
        "osm_type": "way",
        "osm_id": 824835965,
        "tags": {
          "footway": "crossing",
          "highway": "footway",
          "surface": "asphalt"
        },
        "evidence_status": "candidate_only",
        "analysis_ready": false,
        "source": "OpenStreetMap official API tiles retrieved 2026-09-15",
        "geometry_warning": "area boundary, floor codes and access must be checked"
      },
      "geometry": {
        "type": "LineString",
        "coordinates": [
          [
            121.5194836,
            25.0502462
          ],
          [
            121.5195046,
            25.0503237
          ],
          [
            121.5195214,
            25.0503857
          ],
          [
            121.5195254,
            25.0504006
          ]
        ]
      }
    },
    {
      "type": "Feature",
      "id": 827270271,
      "properties": {
        "osm_type": "way",
        "osm_id": 827270271,
        "tags": {
          "footway": "crossing",
          "highway": "footway"
        },
        "evidence_status": "candidate_only",
        "analysis_ready": false,
        "source": "OpenStreetMap official API tiles retrieved 2026-09-15",
        "geometry_warning": "area boundary, floor codes and access must be checked"
      },
      "geometry": {
        "type": "LineString",
        "coordinates": [
          [
            121.519482,
            25.0491977
          ],
          [
            121.5195245,
            25.0492711
          ],
          [
            121.5195355,
            25.04929
          ],
          [
            121.5195575,
            25.049328
          ]
        ]
      }
    },
    {
      "type": "Feature",
      "id": 833689588,
      "properties": {
        "osm_type": "way",
        "osm_id": 833689588,
        "tags": {
          "footway": "crossing",
          "highway": "footway",
          "surface": "asphalt"
        },
        "evidence_status": "candidate_only",
        "analysis_ready": false,
        "source": "OpenStreetMap official API tiles retrieved 2026-09-15",
        "geometry_warning": "area boundary, floor codes and access must be checked"
      },
      "geometry": {
        "type": "LineString",
        "coordinates": [
          [
            121.5151221,
            25.0503705
          ],
          [
            121.5151046,
            25.0503055
          ],
          [
            121.5150938,
            25.0502332
          ],
          [
            121.5151659,
            25.0502151
          ],
          [
            121.5152666,
            25.0501911
          ],
          [
            121.5152827,
            25.0502618
          ],
          [
            121.515284,
            25.0503244
          ],
          [
            121.5152062,
            25.0503519
          ],
          [
            121.5151221,
            25.0503705
          ]
        ]
      }
    },
    {
      "type": "Feature",
      "id": 837377222,
      "properties": {
        "osm_type": "way",
        "osm_id": 837377222,
        "tags": {
          "footway": "sidewalk",
          "highway": "footway",
          "surface": "paving_stones"
        },
        "evidence_status": "candidate_only",
        "analysis_ready": false,
        "source": "OpenStreetMap official API tiles retrieved 2026-09-15",
        "geometry_warning": "area boundary, floor codes and access must be checked"
      },
      "geometry": {
        "type": "LineString",
        "coordinates": [
          [
            121.5168739,
            25.0495356
          ],
          [
            121.5168918,
            25.0494249
          ],
          [
            121.5168584,
            25.0492892
          ],
          [
            121.5168024,
            25.0490443
          ],
          [
            121.5168339,
            25.0490397
          ]
        ]
      }
    },
    {
      "type": "Feature",
      "id": 837405276,
      "properties": {
        "osm_type": "way",
        "osm_id": 837405276,
        "tags": {
          "conveying": "yes",
          "highway": "steps",
          "level": "-1-4"
        },
        "evidence_status": "candidate_only",
        "analysis_ready": false,
        "source": "OpenStreetMap official API tiles retrieved 2026-09-15",
        "geometry_warning": "area boundary, floor codes and access must be checked"
      },
      "geometry": {
        "type": "LineString",
        "coordinates": [
          [
            121.5184386,
            25.0490793
          ],
          [
            121.5186076,
            25.0490527
          ]
        ]
      }
    },
    {
      "type": "Feature",
      "id": 837405277,
      "properties": {
        "osm_type": "way",
        "osm_id": 837405277,
        "tags": {
          "conveying": "yes",
          "highway": "steps",
          "level": "-1-4"
        },
        "evidence_status": "candidate_only",
        "analysis_ready": false,
        "source": "OpenStreetMap official API tiles retrieved 2026-09-15",
        "geometry_warning": "area boundary, floor codes and access must be checked"
      },
      "geometry": {
        "type": "LineString",
        "coordinates": [
          [
            121.5186109,
            25.0490723
          ],
          [
            121.5184406,
            25.0491011
          ]
        ]
      }
    },
    {
      "type": "Feature",
      "id": 852389279,
      "properties": {
        "osm_type": "way",
        "osm_id": 852389279,
        "tags": {
          "highway": "path",
          "name": "華陰街101巷"
        },
        "evidence_status": "candidate_only",
        "analysis_ready": false,
        "source": "OpenStreetMap official API tiles retrieved 2026-09-15",
        "geometry_warning": "area boundary, floor codes and access must be checked"
      },
      "geometry": {
        "type": "LineString",
        "coordinates": [
          [
            121.5172862,
            25.0497807
          ],
          [
            121.5173384,
            25.0499616
          ]
        ]
      }
    },
    {
      "type": "Feature",
      "id": 852389280,
      "properties": {
        "osm_type": "way",
        "osm_id": 852389280,
        "tags": {
          "highway": "path"
        },
        "evidence_status": "candidate_only",
        "analysis_ready": false,
        "source": "OpenStreetMap official API tiles retrieved 2026-09-15",
        "geometry_warning": "area boundary, floor codes and access must be checked"
      },
      "geometry": {
        "type": "LineString",
        "coordinates": [
          [
            121.5143079,
            25.0504938
          ],
          [
            121.5144097,
            25.0507379
          ]
        ]
      }
    },
    {
      "type": "Feature",
      "id": 1004287148,
      "properties": {
        "osm_type": "way",
        "osm_id": 1004287148,
        "tags": {
          "highway": "footway",
          "surface": "paving_stones"
        },
        "evidence_status": "candidate_only",
        "analysis_ready": false,
        "source": "OpenStreetMap official API tiles retrieved 2026-09-15",
        "geometry_warning": "area boundary, floor codes and access must be checked"
      },
      "geometry": {
        "type": "LineString",
        "coordinates": [
          [
            121.5192543,
            25.0490533
          ],
          [
            121.5192318,
            25.0490683
          ]
        ]
      }
    },
    {
      "type": "Feature",
      "id": 1004287150,
      "properties": {
        "osm_type": "way",
        "osm_id": 1004287150,
        "tags": {
          "handrail": "yes",
          "highway": "steps",
          "incline": "up",
          "ramp": "yes",
          "ramp:wheelchair": "yes"
        },
        "evidence_status": "candidate_only",
        "analysis_ready": false,
        "source": "OpenStreetMap official API tiles retrieved 2026-09-15",
        "geometry_warning": "area boundary, floor codes and access must be checked"
      },
      "geometry": {
        "type": "LineString",
        "coordinates": [
          [
            121.5194039,
            25.049206
          ],
          [
            121.519369,
            25.0491872
          ]
        ]
      }
    },
    {
      "type": "Feature",
      "id": 1004287151,
      "properties": {
        "osm_type": "way",
        "osm_id": 1004287151,
        "tags": {
          "footway": "sidewalk",
          "highway": "footway"
        },
        "evidence_status": "candidate_only",
        "analysis_ready": false,
        "source": "OpenStreetMap official API tiles retrieved 2026-09-15",
        "geometry_warning": "area boundary, floor codes and access must be checked"
      },
      "geometry": {
        "type": "LineString",
        "coordinates": [
          [
            121.519482,
            25.0491977
          ],
          [
            121.5194458,
            25.0492127
          ],
          [
            121.5194039,
            25.049206
          ]
        ]
      }
    },
    {
      "type": "Feature",
      "id": 1004287161,
      "properties": {
        "osm_type": "way",
        "osm_id": 1004287161,
        "tags": {
          "highway": "footway",
          "incline": "up",
          "wheelchair": "yes"
        },
        "evidence_status": "candidate_only",
        "analysis_ready": false,
        "source": "OpenStreetMap official API tiles retrieved 2026-09-15",
        "geometry_warning": "area boundary, floor codes and access must be checked"
      },
      "geometry": {
        "type": "LineString",
        "coordinates": [
          [
            121.519482,
            25.0491977
          ],
          [
            121.5195152,
            25.0491745
          ],
          [
            121.5194991,
            25.0491555
          ],
          [
            121.519448,
            25.0491909
          ],
          [
            121.5194329,
            25.0491731
          ],
          [
            121.5194852,
            25.0491369
          ]
        ]
      }
    },
    {
      "type": "Feature",
      "id": 1005484511,
      "properties": {
        "osm_type": "way",
        "osm_id": 1005484511,
        "tags": {
          "footway": "sidewalk",
          "highway": "footway",
          "layer": "1",
          "surface": "paving_stones"
        },
        "evidence_status": "candidate_only",
        "analysis_ready": false,
        "source": "OpenStreetMap official API tiles retrieved 2026-09-15",
        "geometry_warning": "area boundary, floor codes and access must be checked"
      },
      "geometry": {
        "type": "LineString",
        "coordinates": [
          [
            121.5199185,
            25.0501478
          ],
          [
            121.5195928,
            25.0502241
          ],
          [
            121.5194836,
            25.0502462
          ],
          [
            121.5192909,
            25.0502865
          ]
        ]
      }
    },
    {
      "type": "Feature",
      "id": 1005496707,
      "properties": {
        "osm_type": "way",
        "osm_id": 1005496707,
        "tags": {
          "footway": "sidewalk",
          "highway": "footway",
          "surface": "paving_stones"
        },
        "evidence_status": "candidate_only",
        "analysis_ready": false,
        "source": "OpenStreetMap official API tiles retrieved 2026-09-15",
        "geometry_warning": "area boundary, floor codes and access must be checked"
      },
      "geometry": {
        "type": "LineString",
        "coordinates": [
          [
            121.5192909,
            25.0502865
          ],
          [
            121.5182795,
            25.0505211
          ],
          [
            121.5177298,
            25.0506486
          ]
        ]
      }
    },
    {
      "type": "Feature",
      "id": 1005496708,
      "properties": {
        "osm_type": "way",
        "osm_id": 1005496708,
        "tags": {
          "footway": "sidewalk",
          "highway": "footway",
          "surface": "paving_stones"
        },
        "evidence_status": "candidate_only",
        "analysis_ready": false,
        "source": "OpenStreetMap official API tiles retrieved 2026-09-15",
        "geometry_warning": "area boundary, floor codes and access must be checked"
      },
      "geometry": {
        "type": "LineString",
        "coordinates": [
          [
            121.5177298,
            25.0506486
          ],
          [
            121.5172311,
            25.0507691
          ]
        ]
      }
    },
    {
      "type": "Feature",
      "id": 1005550825,
      "properties": {
        "osm_type": "way",
        "osm_id": 1005550825,
        "tags": {
          "highway": "footway"
        },
        "evidence_status": "candidate_only",
        "analysis_ready": false,
        "source": "OpenStreetMap official API tiles retrieved 2026-09-15",
        "geometry_warning": "area boundary, floor codes and access must be checked"
      },
      "geometry": {
        "type": "LineString",
        "coordinates": [
          [
            121.5199866,
            25.0498445
          ],
          [
            121.5199972,
            25.0498612
          ]
        ]
      }
    },
    {
      "type": "Feature",
      "id": 1005550826,
      "properties": {
        "osm_type": "way",
        "osm_id": 1005550826,
        "tags": {
          "highway": "footway"
        },
        "evidence_status": "candidate_only",
        "analysis_ready": false,
        "source": "OpenStreetMap official API tiles retrieved 2026-09-15",
        "geometry_warning": "area boundary, floor codes and access must be checked"
      },
      "geometry": {
        "type": "LineString",
        "coordinates": [
          [
            121.520023,
            25.0498477
          ],
          [
            121.5199972,
            25.0498612
          ],
          [
            121.5199806,
            25.0498699
          ]
        ]
      }
    },
    {
      "type": "Feature",
      "id": 1005550828,
      "properties": {
        "osm_type": "way",
        "osm_id": 1005550828,
        "tags": {
          "highway": "footway"
        },
        "evidence_status": "candidate_only",
        "analysis_ready": false,
        "source": "OpenStreetMap official API tiles retrieved 2026-09-15",
        "geometry_warning": "area boundary, floor codes and access must be checked"
      },
      "geometry": {
        "type": "LineString",
        "coordinates": [
          [
            121.5196154,
            25.0493736
          ],
          [
            121.5195769,
            25.0493236
          ]
        ]
      }
    },
    {
      "type": "Feature",
      "id": 1005550829,
      "properties": {
        "osm_type": "way",
        "osm_id": 1005550829,
        "tags": {
          "footway": "sidewalk",
          "highway": "footway"
        },
        "evidence_status": "candidate_only",
        "analysis_ready": false,
        "source": "OpenStreetMap official API tiles retrieved 2026-09-15",
        "geometry_warning": "area boundary, floor codes and access must be checked"
      },
      "geometry": {
        "type": "LineString",
        "coordinates": [
          [
            121.5194711,
            25.0493478
          ],
          [
            121.5195575,
            25.049328
          ],
          [
            121.5195769,
            25.0493236
          ],
          [
            121.5196262,
            25.0493123
          ],
          [
            121.5196894,
            25.0493974
          ]
        ]
      }
    },
    {
      "type": "Feature",
      "id": 1005550831,
      "properties": {
        "osm_type": "way",
        "osm_id": 1005550831,
        "tags": {
          "footway": "sidewalk",
          "highway": "footway",
          "lit": "yes",
          "surface": "paving_stones"
        },
        "evidence_status": "candidate_only",
        "analysis_ready": false,
        "source": "OpenStreetMap official API tiles retrieved 2026-09-15",
        "geometry_warning": "area boundary, floor codes and access must be checked"
      },
      "geometry": {
        "type": "LineString",
        "coordinates": [
          [
            121.5202167,
            25.0500812
          ],
          [
            121.5201735,
            25.0500927
          ],
          [
            121.5200551,
            25.0501165
          ],
          [
            121.5199725,
            25.0501335
          ],
          [
            121.5199185,
            25.0501478
          ]
        ]
      }
    },
    {
      "type": "Feature",
      "id": 1005550832,
      "properties": {
        "osm_type": "way",
        "osm_id": 1005550832,
        "tags": {
          "highway": "footway"
        },
        "evidence_status": "candidate_only",
        "analysis_ready": false,
        "source": "OpenStreetMap official API tiles retrieved 2026-09-15",
        "geometry_warning": "area boundary, floor codes and access must be checked"
      },
      "geometry": {
        "type": "LineString",
        "coordinates": [
          [
            121.5199392,
            25.049805
          ],
          [
            121.5199551,
            25.0497966
          ],
          [
            121.5199494,
            25.0497877
          ]
        ]
      }
    },
    {
      "type": "Feature",
      "id": 1005550833,
      "properties": {
        "osm_type": "way",
        "osm_id": 1005550833,
        "tags": {
          "highway": "steps",
          "incline": "up"
        },
        "evidence_status": "candidate_only",
        "analysis_ready": false,
        "source": "OpenStreetMap official API tiles retrieved 2026-09-15",
        "geometry_warning": "area boundary, floor codes and access must be checked"
      },
      "geometry": {
        "type": "LineString",
        "coordinates": [
          [
            121.5198556,
            25.0498491
          ],
          [
            121.5199066,
            25.0498222
          ]
        ]
      }
    },
    {
      "type": "Feature",
      "id": 1005550834,
      "properties": {
        "osm_type": "way",
        "osm_id": 1005550834,
        "tags": {
          "highway": "footway",
          "incline": "up",
          "wheelchair": "yes"
        },
        "evidence_status": "candidate_only",
        "analysis_ready": false,
        "source": "OpenStreetMap official API tiles retrieved 2026-09-15",
        "geometry_warning": "area boundary, floor codes and access must be checked"
      },
      "geometry": {
        "type": "LineString",
        "coordinates": [
          [
            121.5200128,
            25.0500307
          ],
          [
            121.5199503,
            25.0499383
          ]
        ]
      }
    },
    {
      "type": "Feature",
      "id": 1005550835,
      "properties": {
        "osm_type": "way",
        "osm_id": 1005550835,
        "tags": {
          "highway": "footway"
        },
        "evidence_status": "candidate_only",
        "analysis_ready": false,
        "source": "OpenStreetMap official API tiles retrieved 2026-09-15",
        "geometry_warning": "area boundary, floor codes and access must be checked"
      },
      "geometry": {
        "type": "LineString",
        "coordinates": [
          [
            121.5198575,
            25.0497485
          ],
          [
            121.5199066,
            25.0498222
          ],
          [
            121.5199574,
            25.0498986
          ],
          [
            121.5199323,
            25.0499116
          ],
          [
            121.5199503,
            25.0499383
          ]
        ]
      }
    },
    {
      "type": "Feature",
      "id": 1005550836,
      "properties": {
        "osm_type": "way",
        "osm_id": 1005550836,
        "tags": {
          "highway": "footway",
          "surface": "paving_stones"
        },
        "evidence_status": "candidate_only",
        "analysis_ready": false,
        "source": "OpenStreetMap official API tiles retrieved 2026-09-15",
        "geometry_warning": "area boundary, floor codes and access must be checked"
      },
      "geometry": {
        "type": "LineString",
        "coordinates": [
          [
            121.5197694,
            25.0496379
          ],
          [
            121.5197924,
            25.0496244
          ]
        ]
      }
    },
    {
      "type": "Feature",
      "id": 1005550837,
      "properties": {
        "osm_type": "way",
        "osm_id": 1005550837,
        "tags": {
          "highway": "footway",
          "lit": "yes",
          "surface": "paving_stones"
        },
        "evidence_status": "candidate_only",
        "analysis_ready": false,
        "source": "OpenStreetMap official API tiles retrieved 2026-09-15",
        "geometry_warning": "area boundary, floor codes and access must be checked"
      },
      "geometry": {
        "type": "LineString",
        "coordinates": [
          [
            121.5198036,
            25.0495464
          ],
          [
            121.5197659,
            25.04957
          ],
          [
            121.5197586,
            25.0495747
          ],
          [
            121.5197272,
            25.0495944
          ],
          [
            121.5196961,
            25.0495538
          ]
        ]
      }
    },
    {
      "type": "Feature",
      "id": 1005550838,
      "properties": {
        "osm_type": "way",
        "osm_id": 1005550838,
        "tags": {
          "highway": "footway"
        },
        "evidence_status": "candidate_only",
        "analysis_ready": false,
        "source": "OpenStreetMap official API tiles retrieved 2026-09-15",
        "geometry_warning": "area boundary, floor codes and access must be checked"
      },
      "geometry": {
        "type": "LineString",
        "coordinates": [
          [
            121.5196693,
            25.0494439
          ],
          [
            121.5197659,
            25.04957
          ]
        ]
      }
    },
    {
      "type": "Feature",
      "id": 1005550840,
      "properties": {
        "osm_type": "way",
        "osm_id": 1005550840,
        "tags": {
          "highway": "footway"
        },
        "evidence_status": "candidate_only",
        "analysis_ready": false,
        "source": "OpenStreetMap official API tiles retrieved 2026-09-15",
        "geometry_warning": "area boundary, floor codes and access must be checked"
      },
      "geometry": {
        "type": "LineString",
        "coordinates": [
          [
            121.5200473,
            25.0499743
          ],
          [
            121.5199806,
            25.0498699
          ],
          [
            121.5199392,
            25.049805
          ]
        ]
      }
    },
    {
      "type": "Feature",
      "id": 1005550841,
      "properties": {
        "osm_type": "way",
        "osm_id": 1005550841,
        "tags": {
          "highway": "steps",
          "incline": "up"
        },
        "evidence_status": "candidate_only",
        "analysis_ready": false,
        "source": "OpenStreetMap official API tiles retrieved 2026-09-15",
        "geometry_warning": "area boundary, floor codes and access must be checked"
      },
      "geometry": {
        "type": "LineString",
        "coordinates": [
          [
            121.5199066,
            25.0498222
          ],
          [
            121.5199392,
            25.049805
          ]
        ]
      }
    },
    {
      "type": "Feature",
      "id": 1005550842,
      "properties": {
        "osm_type": "way",
        "osm_id": 1005550842,
        "tags": {
          "highway": "footway",
          "lit": "yes",
          "surface": "asphalt"
        },
        "evidence_status": "candidate_only",
        "analysis_ready": false,
        "source": "OpenStreetMap official API tiles retrieved 2026-09-15",
        "geometry_warning": "area boundary, floor codes and access must be checked"
      },
      "geometry": {
        "type": "LineString",
        "coordinates": [
          [
            121.5197586,
            25.0495747
          ],
          [
            121.5197924,
            25.0496244
          ],
          [
            121.5198719,
            25.0497412
          ],
          [
            121.5198575,
            25.0497485
          ]
        ]
      }
    },
    {
      "type": "Feature",
      "id": 1005550843,
      "properties": {
        "osm_type": "way",
        "osm_id": 1005550843,
        "tags": {
          "handrail": "yes",
          "highway": "steps",
          "incline": "up",
          "lit": "yes",
          "ramp": "no",
          "step_count": "7",
          "surface": "concrete"
        },
        "evidence_status": "candidate_only",
        "analysis_ready": false,
        "source": "OpenStreetMap official API tiles retrieved 2026-09-15",
        "geometry_warning": "area boundary, floor codes and access must be checked"
      },
      "geometry": {
        "type": "LineString",
        "coordinates": [
          [
            121.5197252,
            25.0496639
          ],
          [
            121.5197694,
            25.0496379
          ]
        ]
      }
    },
    {
      "type": "Feature",
      "id": 1005550844,
      "properties": {
        "osm_type": "way",
        "osm_id": 1005550844,
        "tags": {
          "highway": "footway",
          "incline": "up",
          "wheelchair": "yes"
        },
        "evidence_status": "candidate_only",
        "analysis_ready": false,
        "source": "OpenStreetMap official API tiles retrieved 2026-09-15",
        "geometry_warning": "area boundary, floor codes and access must be checked"
      },
      "geometry": {
        "type": "LineString",
        "coordinates": [
          [
            121.5196894,
            25.0493974
          ],
          [
            121.5198036,
            25.0495464
          ]
        ]
      }
    },
    {
      "type": "Feature",
      "id": 1005550845,
      "properties": {
        "osm_type": "way",
        "osm_id": 1005550845,
        "tags": {
          "highway": "steps"
        },
        "evidence_status": "candidate_only",
        "analysis_ready": false,
        "source": "OpenStreetMap official API tiles retrieved 2026-09-15",
        "geometry_warning": "area boundary, floor codes and access must be checked"
      },
      "geometry": {
        "type": "LineString",
        "coordinates": [
          [
            121.5196154,
            25.0493736
          ],
          [
            121.5196693,
            25.0494439
          ]
        ]
      }
    },
    {
      "type": "Feature",
      "id": 1012478861,
      "properties": {
        "osm_type": "way",
        "osm_id": 1012478861,
        "tags": {
          "bicycle": "yes",
          "highway": "footway",
          "layer": "-1",
          "surface": "paving_stones"
        },
        "evidence_status": "candidate_only",
        "analysis_ready": false,
        "source": "OpenStreetMap official API tiles retrieved 2026-09-15",
        "geometry_warning": "area boundary, floor codes and access must be checked"
      },
      "geometry": {
        "type": "LineString",
        "coordinates": [
          [
            121.5178539,
            25.0530757
          ],
          [
            121.5176916,
            25.0525027
          ],
          [
            121.5176524,
            25.0523602
          ],
          [
            121.5176134,
            25.0522265
          ],
          [
            121.5175223,
            25.0519048
          ],
          [
            121.5175118,
            25.0518677
          ],
          [
            121.5174686,
            25.0517234
          ],
          [
            121.5174188,
            25.0515393
          ],
          [
            121.5173424,
            25.0512698
          ],
          [
            121.5172489,
            25.0509397
          ],
          [
            121.5172756,
            25.0509116
          ]
        ]
      }
    },
    {
      "type": "Feature",
      "id": 1012478863,
      "properties": {
        "osm_type": "way",
        "osm_id": 1012478863,
        "tags": {
          "bicycle": "yes",
          "highway": "footway",
          "lit": "yes",
          "surface": "paving_stones"
        },
        "evidence_status": "candidate_only",
        "analysis_ready": false,
        "source": "OpenStreetMap official API tiles retrieved 2026-09-15",
        "geometry_warning": "area boundary, floor codes and access must be checked"
      },
      "geometry": {
        "type": "LineString",
        "coordinates": [
          [
            121.5172756,
            25.0509116
          ],
          [
            121.5173952,
            25.0508832
          ],
          [
            121.5175732,
            25.050844
          ],
          [
            121.518277,
            25.0506841
          ],
          [
            121.5183172,
            25.050675
          ],
          [
            121.5183555,
            25.0506663
          ],
          [
            121.5195254,
            25.0504006
          ],
          [
            121.5195515,
            25.0503946
          ],
          [
            121.5195804,
            25.0503881
          ],
          [
            121.5196346,
            25.0503704
          ],
          [
            121.5199548,
            25.0502902
          ],
          [
            121.519976,
            25.0503023
          ],
          [
            121.5200086,
            25.0502941
          ],
          [
            121.5201238,
            25.050265
          ],
          [
            121.5201856,
            25.0502487
          ],
          [
            121.5201967,
            25.0502354
          ],
          [
            121.5202447,
            25.0502268
          ],
          [
            121.5202963,
            25.0502118
          ],
          [
            121.5203559,
            25.0501974
          ],
          [
            121.5207932,
            25.0500939
          ],
          [
            121.5214043,
            25.049949
          ]
        ]
      }
    },
    {
      "type": "Feature",
      "id": 1023255710,
      "properties": {
        "osm_type": "way",
        "osm_id": 1023255710,
        "tags": {
          "highway": "footway",
          "surface": "paving_stones"
        },
        "evidence_status": "candidate_only",
        "analysis_ready": false,
        "source": "OpenStreetMap official API tiles retrieved 2026-09-15",
        "geometry_warning": "area boundary, floor codes and access must be checked"
      },
      "geometry": {
        "type": "LineString",
        "coordinates": [
          [
            121.5171991,
            25.0507512
          ],
          [
            121.5171817,
            25.0506789
          ],
          [
            121.5171035,
            25.050421
          ],
          [
            121.5169564,
            25.0499432
          ]
        ]
      }
    },
    {
      "type": "Feature",
      "id": 1210999744,
      "properties": {
        "osm_type": "way",
        "osm_id": 1210999744,
        "tags": {
          "conveying": "yes",
          "highway": "steps",
          "incline": "up",
          "indoor": "yes",
          "layer": "-1",
          "level": "-1;0"
        },
        "evidence_status": "candidate_only",
        "analysis_ready": false,
        "source": "OpenStreetMap official API tiles retrieved 2026-09-15",
        "geometry_warning": "area boundary, floor codes and access must be checked"
      },
      "geometry": {
        "type": "LineString",
        "coordinates": [
          [
            121.5194645,
            25.0492819
          ],
          [
            121.5196961,
            25.0495538
          ]
        ]
      }
    },
    {
      "type": "Feature",
      "id": 1210999755,
      "properties": {
        "osm_type": "way",
        "osm_id": 1210999755,
        "tags": {
          "highway": "steps",
          "incline": "up",
          "indoor": "yes",
          "layer": "-1",
          "level": "-1"
        },
        "evidence_status": "candidate_only",
        "analysis_ready": false,
        "source": "OpenStreetMap official API tiles retrieved 2026-09-15",
        "geometry_warning": "area boundary, floor codes and access must be checked"
      },
      "geometry": {
        "type": "LineString",
        "coordinates": [
          [
            121.5195621,
            25.0492143
          ],
          [
            121.5194553,
            25.0490799
          ]
        ]
      }
    },
    {
      "type": "Feature",
      "id": 1210999757,
      "properties": {
        "osm_type": "way",
        "osm_id": 1210999757,
        "tags": {
          "highway": "steps",
          "incline": "up",
          "indoor": "yes",
          "layer": "-1",
          "level": "-1"
        },
        "evidence_status": "candidate_only",
        "analysis_ready": false,
        "source": "OpenStreetMap official API tiles retrieved 2026-09-15",
        "geometry_warning": "area boundary, floor codes and access must be checked"
      },
      "geometry": {
        "type": "LineString",
        "coordinates": [
          [
            121.5193467,
            25.0491498
          ],
          [
            121.5192955,
            25.0490924
          ]
        ]
      }
    },
    {
      "type": "Feature",
      "id": 1344821330,
      "properties": {
        "osm_type": "way",
        "osm_id": 1344821330,
        "tags": {
          "highway": "footway"
        },
        "evidence_status": "candidate_only",
        "analysis_ready": false,
        "source": "OpenStreetMap official API tiles retrieved 2026-09-15",
        "geometry_warning": "area boundary, floor codes and access must be checked"
      },
      "geometry": {
        "type": "LineString",
        "coordinates": [
          [
            121.5139576,
            25.0490724
          ],
          [
            121.5140581,
            25.049128
          ]
        ]
      }
    }
  ]
}
